{
	"Version": 3,
	"Meta": {
		"Duration": 2.467,
		"Fps": 30.0,
		"Loop": true,
		"AreBeziersRestricted": true,
		"CurveCount": 85,
		"TotalSegmentCount": 550,
		"TotalPointCount": 1583,
		"UserDataCount": 0,
		"TotalUserDataSize": 0
	},
	"Curves": [
		{
			"Target": "Parameter",
			"Id": "ParamAngleX",
			"Segments": [
				0,
				0,
				0,
				0.133,
				0,
				1,
				0.4,
				0,
				0.667,
				-1,
				0.933,
				-1,
				1,
				1.078,
				-1,
				1.222,
				4,
				1.367,
				4,
				1,
				1.511,
				4,
				1.656,
				3.944,
				1.8,
				3,
				1,
				2.022,
				1.547,
				2.244,
				0,
				2.467,
				0
			]
		},
		{
			"Target": "Parameter",
			"Id": "ParamAngleY",
			"Segments": [
				0,
				0,
				0,
				0.133,
				0,
				1,
				0.4,
				0,
				0.667,
				12,
				0.933,
				12,
				1,
				1.078,
				12,
				1.222,
				11,
				1.367,
				11,
				1,
				1.511,
				11,
				1.656,
				11,
				1.8,
				11,
				1,
				2.022,
				11,
				2.244,
				0,
				2.467,
				0
			]
		},
		{
			"Target": "Parameter",
			"Id": "ParamAngleZ",
			"Segments": [
				0,
				0,
				0,
				0.333,
				0,
				1,
				0.444,
				0,
				0.556,
				27.721,
				0.667,
				28.29,
				1,
				0.733,
				28.631,
				0.8,
				28.496,
				0.867,
				28.496,
				1,
				1.033,
				28.496,
				1.2,
				28.487,
				1.367,
				28.29,
				1,
				1.489,
				28.146,
				1.611,
				27.759,
				1.733,
				27.237,
				1,
				1.833,
				26.81,
				1.933,
				26.1,
				2.033,
				24,
				1,
				2.178,
				20.966,
				2.322,
				0,
				2.467,
				0
			]
		},
		{
			"Target": "Parameter",
			"Id": "ParamMouthForm",
			"Segments": [
				0,
				0,
				0,
				0.333,
				0,
				1,
				0.389,
				0,
				0.444,
				-0.2,
				0.5,
				-0.2,
				1,
				0.544,
				-0.2,
				0.589,
				-0.157,
				0.633,
				0.1,
				1,
				0.722,
				0.614,
				0.811,
				1,
				0.9,
				1,
				1,
				1,
				1,
				1.1,
				1.036,
				1.2,
				0.8,
				1,
				1.422,
				0.277,
				1.644,
				-0.4,
				1.867,
				-0.4,
				1,
				2.067,
				-0.4,
				2.267,
				0,
				2.467,
				0
			]
		},
		{
			"Target": "Parameter",
			"Id": "ParamMouthOpenY",
			"Segments": [
				0,
				0,
				0,
				0.333,
				0,
				1,
				0.389,
				0,
				0.444,
				0.018,
				0.5,
				0.2,
				1,
				0.544,
				0.345,
				0.589,
				0.6,
				0.633,
				0.6,
				1,
				0.722,
				0.6,
				0.811,
				0.6,
				0.9,
				0.6,
				1,
				1,
				0.6,
				1.1,
				0.524,
				1.2,
				0.4,
				1,
				1.422,
				0.125,
				1.644,
				0,
				1.867,
				0,
				1,
				2.067,
				0,
				2.267,
				0,
				2.467,
				0
			]
		},
		{
			"Target": "Parameter",
			"Id": "ParamEyeLOpen",
			"Segments": [
				0,
				1,
				0,
				0.367,
				1,
				1,
				0.456,
				1,
				0.544,
				0.865,
				0.633,
				0.865,
				1,
				0.856,
				0.865,
				1.078,
				0.885,
				1.3,
				0.885,
				1,
				1.422,
				0.885,
				1.544,
				0.866,
				1.667,
				0.866,
				1,
				1.789,
				0.866,
				1.911,
				0.896,
				2.033,
				0.936,
				1,
				2.178,
				0.984,
				2.322,
				1,
				2.467,
				1
			]
		},
		{
			"Target": "Parameter",
			"Id": "ParamEyeROpen",
			"Segments": [
				0,
				1,
				0,
				0.367,
				1,
				1,
				0.456,
				1,
				0.544,
				0.865,
				0.633,
				0.865,
				1,
				0.856,
				0.865,
				1.078,
				0.885,
				1.3,
				0.885,
				1,
				1.422,
				0.885,
				1.544,
				0.866,
				1.667,
				0.866,
				1,
				1.789,
				0.866,
				1.911,
				0.897,
				2.033,
				0.937,
				1,
				2.178,
				0.985,
				2.322,
				1,
				2.467,
				1
			]
		},
		{
			"Target": "Parameter",
			"Id": "Param8",
			"Segments": [
				0,
				0,
				1,
				0.133,
				0,
				0.267,
				0,
				0.4,
				0,
				1,
				0.567,
				0,
				0.733,
				-0.838,
				0.9,
				-0.838,
				1,
				1.078,
				-0.838,
				1.256,
				3.962,
				1.433,
				3.962,
				1,
				1.567,
				3.962,
				1.7,
				1.471,
				1.833,
				1.471,
				1,
				1.9,
				1.471,
				1.967,
				2.027,
				2.033,
				2.027,
				1,
				2.178,
				2.027,
				2.322,
				0,
				2.467,
				0
			]
		},
		{
			"Target": "Parameter",
			"Id": "Param9",
			"Segments": [
				0,
				0,
				1,
				0.056,
				0,
				0.111,
				0,
				0.167,
				0,
				1,
				0.433,
				0,
				0.7,
				9.384,
				0.967,
				9.384,
				1,
				1.133,
				9.384,
				1.3,
				7.344,
				1.467,
				7.344,
				1,
				1.611,
				7.344,
				1.756,
				7.741,
				1.9,
				7.741,
				1,
				1.944,
				7.741,
				1.989,
				7.778,
				2.033,
				7.72,
				1,
				2.178,
				7.535,
				2.322,
				0,
				2.467,
				0
			]
		},
		{
			"Target": "Parameter",
			"Id": "Param10",
			"Segments": [
				0,
				0.151,
				0,
				0.233,
				0.151,
				1,
				0.3,
				0.151,
				0.367,
				0.152,
				0.433,
				0.194,
				1,
				0.556,
				0.27,
				0.678,
				0.366,
				0.8,
				0.5,
				1,
				0.911,
				0.622,
				1.022,
				0.779,
				1.133,
				0.779,
				1,
				1.322,
				0.779,
				1.511,
				0.575,
				1.7,
				0.575,
				0,
				2.467,
				0.575
			]
		},
		{
			"Target": "Parameter",
			"Id": "Param12",
			"Segments": [
				0,
				0,
				0,
				0.1,
				0,
				1,
				0.333,
				0,
				0.567,
				7.29,
				0.8,
				7.29,
				1,
				0.989,
				7.29,
				1.178,
				6.17,
				1.367,
				3.875,
				1,
				1.578,
				1.31,
				1.789,
				0,
				2,
				0,
				0,
				2.467,
				0
			]
		},
		{
			"Target": "Parameter",
			"Id": "Param13",
			"Segments": [
				0,
				0,
				1,
				0.056,
				0,
				0.111,
				0,
				0.167,
				0,
				1,
				0.356,
				0,
				0.544,
				21,
				0.733,
				21,
				1,
				1.311,
				21,
				1.889,
				0,
				2.467,
				0
			]
		},
		{
			"Target": "Parameter",
			"Id": "Param2",
			"Segments": [
				0,
				-5.234,
				1,
				0.256,
				-5.234,
				0.511,
				15.52,
				0.767,
				15.52,
				1,
				0.889,
				15.52,
				1.011,
				7.137,
				1.133,
				7.137,
				1,
				1.244,
				7.137,
				1.356,
				12.307,
				1.467,
				12.307,
				1,
				1.644,
				12.307,
				1.822,
				8.102,
				2,
				8.102,
				1,
				2.011,
				8.102,
				2.022,
				8.108,
				2.033,
				8.108,
				1,
				2.178,
				8.108,
				2.322,
				0,
				2.467,
				0
			]
		},
		{
			"Target": "Parameter",
			"Id": "Param3",
			"Segments": [
				0,
				-0.074,
				1,
				0.056,
				-0.074,
				0.111,
				0.09,
				0.167,
				0.09,
				1,
				0.311,
				0.09,
				0.456,
				-5.956,
				0.6,
				-5.956,
				1,
				0.711,
				-5.956,
				0.822,
				8.988,
				0.933,
				8.988,
				1,
				1.044,
				8.988,
				1.156,
				-7.586,
				1.267,
				-7.586,
				1,
				1.389,
				-7.586,
				1.511,
				5.593,
				1.633,
				5.593,
				1,
				1.744,
				5.593,
				1.856,
				-3.113,
				1.967,
				-3.113,
				1,
				1.989,
				-3.113,
				2.011,
				-2.922,
				2.033,
				-2.646,
				1,
				2.178,
				-0.852,
				2.322,
				0,
				2.467,
				0
			]
		},
		{
			"Target": "Parameter",
			"Id": "ParamEyeBallX",
			"Segments": [
				0,
				0,
				1,
				0.211,
				0,
				0.422,
				-0.028,
				0.633,
				-0.2,
				1,
				0.767,
				-0.309,
				0.9,
				-0.5,
				1.033,
				-0.5,
				1,
				1.433,
				-0.5,
				1.833,
				-0.5,
				2.233,
				-0.5,
				1,
				2.278,
				-0.5,
				2.322,
				0.3,
				2.367,
				0.3,
				1,
				2.389,
				0.3,
				2.411,
				0,
				2.433,
				0,
				0,
				2.467,
				0
			]
		},
		{
			"Target": "Parameter",
			"Id": "ParamEyeBallY",
			"Segments": [
				0,
				0,
				1,
				0.211,
				0,
				0.422,
				0.3,
				0.633,
				0.3,
				1,
				0.767,
				0.3,
				0.9,
				0.029,
				1.033,
				0,
				1,
				1.433,
				-0.086,
				1.833,
				-0.1,
				2.233,
				-0.1,
				1,
				2.278,
				-0.1,
				2.322,
				-0.1,
				2.367,
				-0.1,
				1,
				2.389,
				-0.1,
				2.411,
				0,
				2.433,
				0,
				0,
				2.467,
				0
			]
		},
		{
			"Target": "Parameter",
			"Id": "ParamBrowLY",
			"Segments": [
				0,
				0.053,
				1,
				0.156,
				0.053,
				0.311,
				0.045,
				0.467,
				-0.055,
				1,
				0.578,
				-0.126,
				0.689,
				-0.499,
				0.8,
				-0.521,
				1,
				0.967,
				-0.553,
				1.133,
				-0.552,
				1.3,
				-0.552,
				1,
				1.478,
				-0.552,
				1.656,
				-0.548,
				1.833,
				-0.521,
				1,
				1.9,
				-0.511,
				1.967,
				-0.352,
				2.033,
				-0.269,
				1,
				2.178,
				-0.089,
				2.322,
				0,
				2.467,
				0
			]
		},
		{
			"Target": "Parameter",
			"Id": "ParamBodyAngleX",
			"Segments": [
				0,
				0,
				1,
				0.367,
				0,
				0.733,
				0,
				1.1,
				0,
				1,
				1.233,
				0,
				1.367,
				1.217,
				1.5,
				1.217,
				1,
				1.644,
				1.217,
				1.789,
				0.637,
				1.933,
				0.637,
				1,
				1.967,
				0.637,
				2,
				0.669,
				2.033,
				0.669,
				1,
				2.178,
				0.669,
				2.322,
				0,
				2.467,
				0
			]
		},
		{
			"Target": "Parameter",
			"Id": "ParamBodyAngleY",
			"Segments": [
				0,
				0,
				1,
				0.078,
				0,
				0.156,
				0,
				0.233,
				0,
				1,
				0.478,
				0,
				0.722,
				3.838,
				0.967,
				3.838,
				1,
				1.133,
				3.838,
				1.3,
				3.093,
				1.467,
				3.093,
				1,
				1.611,
				3.093,
				1.756,
				3.217,
				1.9,
				3.217,
				1,
				1.944,
				3.217,
				1.989,
				3.228,
				2.033,
				3.21,
				1,
				2.178,
				3.151,
				2.322,
				0,
				2.467,
				0
			]
		},
		{
			"Target": "Parameter",
			"Id": "ParamBodyAngleZ",
			"Segments": [
				0,
				0,
				1,
				0.111,
				0,
				0.222,
				0,
				0.333,
				0,
				1,
				0.5,
				0,
				0.667,
				7.955,
				0.833,
				7.955,
				1,
				0.989,
				7.955,
				1.144,
				6.426,
				1.3,
				6.426,
				1,
				1.378,
				6.426,
				1.456,
				6.504,
				1.533,
				6.504,
				1,
				1.7,
				6.504,
				1.867,
				6.588,
				2.033,
				5.576,
				1,
				2.178,
				4.699,
				2.322,
				0,
				2.467,
				0
			]
		},
		{
			"Target": "Parameter",
			"Id": "Param6",
			"Segments": [
				0,
				-5.377,
				1,
				0.089,
				-5.377,
				0.178,
				-5.115,
				0.267,
				-5.115,
				1,
				0.289,
				-5.115,
				0.311,
				-5.154,
				0.333,
				-5.154,
				1,
				0.478,
				-5.154,
				0.622,
				13.796,
				0.767,
				13.796,
				1,
				0.889,
				13.796,
				1.011,
				1.701,
				1.133,
				1.701,
				1,
				1.256,
				1.701,
				1.378,
				11.09,
				1.5,
				11.09,
				1,
				1.644,
				11.09,
				1.789,
				3.287,
				1.933,
				3.287,
				1,
				1.967,
				3.287,
				2,
				3.986,
				2.033,
				3.986,
				1,
				2.178,
				3.986,
				2.322,
				0,
				2.467,
				0
			]
		},
		{
			"Target": "Parameter",
			"Id": "Param7",
			"Segments": [
				0,
				-2.032,
				1,
				0.011,
				-2.032,
				0.022,
				-2.073,
				0.033,
				-2.073,
				1,
				0.144,
				-2.073,
				0.256,
				1.393,
				0.367,
				1.393,
				1,
				0.456,
				1.393,
				0.544,
				-6.659,
				0.633,
				-6.659,
				1,
				0.744,
				-6.659,
				0.856,
				12.818,
				0.967,
				12.818,
				1,
				1.078,
				12.818,
				1.189,
				-14.227,
				1.3,
				-14.227,
				1,
				1.422,
				-14.227,
				1.544,
				13.481,
				1.667,
				13.481,
				1,
				1.789,
				13.481,
				1.911,
				-10.922,
				2.033,
				-10.922,
				1,
				2.178,
				-10.922,
				2.322,
				0,
				2.467,
				0
			]
		},
		{
			"Target": "Parameter",
			"Id": "ParamBreath",
			"Segments": [
				0,
				0.5,
				1,
				0.322,
				0.5,
				0.644,
				0.116,
				0.967,
				0.116,
				1,
				1.322,
				0.116,
				1.678,
				0.5,
				2.033,
				0.5,
				0,
				2.467,
				0.5
			]
		},
		{
			"Target": "Parameter",
			"Id": "Param4",
			"Segments": [
				0,
				-2.116,
				1,
				0.011,
				-2.116,
				0.022,
				-2.118,
				0.033,
				-2.118,
				1,
				0.067,
				-2.118,
				0.1,
				-2.112,
				0.133,
				-2.112,
				1,
				0.211,
				-2.112,
				0.289,
				-2.41,
				0.367,
				-2.41,
				1,
				0.511,
				-2.41,
				0.656,
				2.922,
				0.8,
				2.922,
				1,
				0.933,
				2.922,
				1.067,
				-0.437,
				1.2,
				-0.437,
				1,
				1.322,
				-0.437,
				1.444,
				1.797,
				1.567,
				1.797,
				1,
				1.711,
				1.797,
				1.856,
				-0.184,
				2,
				-0.184,
				1,
				2.011,
				-0.184,
				2.022,
				-0.159,
				2.033,
				-0.159,
				0,
				2.467,
				-0.159
			]
		},
		{
			"Target": "Parameter",
			"Id": "Param5",
			"Segments": [
				0,
				0.083,
				1,
				0.056,
				0.083,
				0.111,
				-0.088,
				0.167,
				-0.088,
				1,
				0.233,
				-0.088,
				0.3,
				0.061,
				0.367,
				0.061,
				1,
				0.456,
				0.061,
				0.544,
				-1.662,
				0.633,
				-1.662,
				1,
				0.756,
				-1.662,
				0.878,
				2.344,
				1,
				2.344,
				1,
				1.133,
				2.344,
				1.267,
				-2.352,
				1.4,
				-2.352,
				1,
				1.522,
				-2.352,
				1.644,
				1.974,
				1.767,
				1.974,
				1,
				1.856,
				1.974,
				1.944,
				-0.645,
				2.033,
				-0.645,
				0,
				2.467,
				-0.645
			]
		},
		{
			"Target": "Parameter",
			"Id": "Param_Angle_Rotation_1_m_h",
			"Segments": [
				0,
				-0.104,
				1,
				0.056,
				-0.104,
				0.111,
				-0.107,
				0.167,
				-0.107,
				1,
				0.4,
				-0.107,
				0.633,
				0.382,
				0.867,
				0.382,
				1,
				1.044,
				0.382,
				1.222,
				0.133,
				1.4,
				0.133,
				1,
				1.556,
				0.133,
				1.711,
				0.218,
				1.867,
				0.218,
				1,
				1.922,
				0.218,
				1.978,
				0.193,
				2.033,
				0.193,
				0,
				2.467,
				0.193
			]
		},
		{
			"Target": "Parameter",
			"Id": "Param_Angle_Rotation_2_m_h",
			"Segments": [
				0,
				0.005,
				1,
				0.222,
				0.005,
				0.444,
				-0.202,
				0.667,
				-0.202,
				1,
				0.822,
				-0.202,
				0.978,
				0.221,
				1.133,
				0.221,
				1,
				1.289,
				0.221,
				1.444,
				-0.155,
				1.6,
				-0.155,
				1,
				1.744,
				-0.155,
				1.889,
				0.106,
				2.033,
				0.106,
				0,
				2.467,
				0.106
			]
		},
		{
			"Target": "Parameter",
			"Id": "Param_Angle_Rotation_3_m_h",
			"Segments": [
				0,
				0.124,
				1,
				0.133,
				0.124,
				0.267,
				-0.092,
				0.4,
				-0.092,
				1,
				0.422,
				-0.092,
				0.444,
				-0.09,
				0.467,
				-0.09,
				1,
				0.589,
				-0.09,
				0.711,
				-0.544,
				0.833,
				-0.544,
				1,
				0.989,
				-0.544,
				1.144,
				0.904,
				1.3,
				0.904,
				1,
				1.456,
				0.904,
				1.611,
				-0.832,
				1.767,
				-0.832,
				1,
				1.856,
				-0.832,
				1.944,
				0.055,
				2.033,
				0.055,
				0,
				2.467,
				0.055
			]
		},
		{
			"Target": "Parameter",
			"Id": "Param_Angle_Rotation_4_m_h",
			"Segments": [
				0,
				0.583,
				1,
				0.156,
				0.583,
				0.311,
				-0.347,
				0.467,
				-0.347,
				1,
				0.544,
				-0.347,
				0.622,
				-0.215,
				0.7,
				-0.215,
				1,
				0.8,
				-0.215,
				0.9,
				-0.552,
				1,
				-0.552,
				1,
				1.144,
				-0.552,
				1.289,
				1.436,
				1.433,
				1.436,
				1,
				1.589,
				1.436,
				1.744,
				-1.692,
				1.9,
				-1.692,
				1,
				1.944,
				-1.692,
				1.989,
				-1.156,
				2.033,
				-1.156,
				0,
				2.467,
				-1.156
			]
		},
		{
			"Target": "Parameter",
			"Id": "Param_Angle_Rotation_5_m_h",
			"Segments": [
				0,
				1.379,
				1,
				0.022,
				1.379,
				0.044,
				1.481,
				0.067,
				1.481,
				1,
				0.222,
				1.481,
				0.378,
				-0.928,
				0.533,
				-0.928,
				1,
				0.644,
				-0.928,
				0.756,
				-0.034,
				0.867,
				-0.034,
				1,
				0.956,
				-0.034,
				1.044,
				-0.588,
				1.133,
				-0.588,
				1,
				1.278,
				-0.588,
				1.422,
				2.042,
				1.567,
				2.042,
				1,
				1.722,
				2.042,
				1.878,
				-2.852,
				2.033,
				-2.852,
				0,
				2.467,
				-2.852
			]
		},
		{
			"Target": "Parameter",
			"Id": "Param_Angle_Rotation_6_m_h",
			"Segments": [
				0,
				0.528,
				1,
				0.067,
				0.528,
				0.133,
				2.261,
				0.2,
				2.261,
				1,
				0.356,
				2.261,
				0.511,
				-1.596,
				0.667,
				-1.596,
				1,
				0.778,
				-1.596,
				0.889,
				-0.274,
				1,
				-0.274,
				1,
				1.089,
				-0.274,
				1.178,
				-0.776,
				1.267,
				-0.776,
				1,
				1.4,
				-0.776,
				1.533,
				2.739,
				1.667,
				2.739,
				1,
				1.789,
				2.739,
				1.911,
				-2.611,
				2.033,
				-2.611,
				0,
				2.467,
				-2.611
			]
		},
		{
			"Target": "Parameter",
			"Id": "Param_Angle_Rotation_7_m_h",
			"Segments": [
				0,
				-0.561,
				1,
				0.089,
				-0.561,
				0.178,
				2.387,
				0.267,
				2.387,
				1,
				0.422,
				2.387,
				0.578,
				-1.663,
				0.733,
				-1.663,
				1,
				0.856,
				-1.663,
				0.978,
				0.233,
				1.1,
				0.233,
				1,
				1.189,
				0.233,
				1.278,
				-0.802,
				1.367,
				-0.802,
				1,
				1.489,
				-0.802,
				1.611,
				2.436,
				1.733,
				2.436,
				1,
				1.833,
				2.436,
				1.933,
				-0.871,
				2.033,
				-0.871,
				0,
				2.467,
				-0.871
			]
		},
		{
			"Target": "Parameter",
			"Id": "Param_Angle_Rotation_8_m_h",
			"Segments": [
				0,
				-2.271,
				1,
				0.122,
				-2.271,
				0.244,
				3.447,
				0.367,
				3.447,
				1,
				0.511,
				3.447,
				0.656,
				-2.667,
				0.8,
				-2.667,
				1,
				0.933,
				-2.667,
				1.067,
				0.206,
				1.2,
				0.206,
				1,
				1.289,
				0.206,
				1.378,
				-1.043,
				1.467,
				-1.043,
				1,
				1.578,
				-1.043,
				1.689,
				3.364,
				1.8,
				3.364,
				1,
				1.878,
				3.364,
				1.956,
				0.29,
				2.033,
				0.29,
				0,
				2.467,
				0.29
			]
		},
		{
			"Target": "Parameter",
			"Id": "Param_Angle_Rotation_9_m_h",
			"Segments": [
				0,
				-3.11,
				1,
				0.144,
				-3.11,
				0.289,
				3.581,
				0.433,
				3.581,
				1,
				0.589,
				3.581,
				0.744,
				-2.777,
				0.9,
				-2.777,
				1,
				1.022,
				-2.777,
				1.144,
				0.375,
				1.267,
				0.375,
				1,
				1.356,
				0.375,
				1.444,
				-1.151,
				1.533,
				-1.151,
				1,
				1.644,
				-1.151,
				1.756,
				3.339,
				1.867,
				3.339,
				1,
				1.922,
				3.339,
				1.978,
				1.164,
				2.033,
				1.164,
				0,
				2.467,
				1.164
			]
		},
		{
			"Target": "Parameter",
			"Id": "Param_Angle_Rotation_1_l_m_h",
			"Segments": [
				0,
				-0.104,
				1,
				0.056,
				-0.104,
				0.111,
				-0.107,
				0.167,
				-0.107,
				1,
				0.4,
				-0.107,
				0.633,
				0.382,
				0.867,
				0.382,
				1,
				1.044,
				0.382,
				1.222,
				0.133,
				1.4,
				0.133,
				1,
				1.556,
				0.133,
				1.711,
				0.218,
				1.867,
				0.218,
				1,
				1.922,
				0.218,
				1.978,
				0.193,
				2.033,
				0.193,
				0,
				2.467,
				0.193
			]
		},
		{
			"Target": "Parameter",
			"Id": "Param_Angle_Rotation_2_l_m_h",
			"Segments": [
				0,
				-0.104,
				1,
				0.056,
				-0.104,
				0.111,
				-0.107,
				0.167,
				-0.107,
				1,
				0.4,
				-0.107,
				0.633,
				0.382,
				0.867,
				0.382,
				1,
				1.044,
				0.382,
				1.222,
				0.133,
				1.4,
				0.133,
				1,
				1.556,
				0.133,
				1.711,
				0.218,
				1.867,
				0.218,
				1,
				1.922,
				0.218,
				1.978,
				0.193,
				2.033,
				0.193,
				0,
				2.467,
				0.193
			]
		},
		{
			"Target": "Parameter",
			"Id": "Param_Angle_Rotation_3_l_m_h",
			"Segments": [
				0,
				0.005,
				1,
				0.222,
				0.005,
				0.444,
				-0.202,
				0.667,
				-0.202,
				1,
				0.822,
				-0.202,
				0.978,
				0.221,
				1.133,
				0.221,
				1,
				1.289,
				0.221,
				1.444,
				-0.155,
				1.6,
				-0.155,
				1,
				1.744,
				-0.155,
				1.889,
				0.106,
				2.033,
				0.106,
				0,
				2.467,
				0.106
			]
		},
		{
			"Target": "Parameter",
			"Id": "Param_Angle_Rotation_4_l_m_h",
			"Segments": [
				0,
				0.124,
				1,
				0.133,
				0.124,
				0.267,
				-0.092,
				0.4,
				-0.092,
				1,
				0.422,
				-0.092,
				0.444,
				-0.09,
				0.467,
				-0.09,
				1,
				0.589,
				-0.09,
				0.711,
				-0.544,
				0.833,
				-0.544,
				1,
				0.989,
				-0.544,
				1.144,
				0.904,
				1.3,
				0.904,
				1,
				1.456,
				0.904,
				1.611,
				-0.832,
				1.767,
				-0.832,
				1,
				1.856,
				-0.832,
				1.944,
				0.055,
				2.033,
				0.055,
				0,
				2.467,
				0.055
			]
		},
		{
			"Target": "Parameter",
			"Id": "Param_Angle_Rotation_5_l_m_h",
			"Segments": [
				0,
				0.583,
				1,
				0.156,
				0.583,
				0.311,
				-0.347,
				0.467,
				-0.347,
				1,
				0.544,
				-0.347,
				0.622,
				-0.215,
				0.7,
				-0.215,
				1,
				0.8,
				-0.215,
				0.9,
				-0.552,
				1,
				-0.552,
				1,
				1.144,
				-0.552,
				1.289,
				1.436,
				1.433,
				1.436,
				1,
				1.589,
				1.436,
				1.744,
				-1.692,
				1.9,
				-1.692,
				1,
				1.944,
				-1.692,
				1.989,
				-1.156,
				2.033,
				-1.156,
				0,
				2.467,
				-1.156
			]
		},
		{
			"Target": "Parameter",
			"Id": "Param_Angle_Rotation_6_l_m_h",
			"Segments": [
				0,
				1.379,
				1,
				0.022,
				1.379,
				0.044,
				1.481,
				0.067,
				1.481,
				1,
				0.222,
				1.481,
				0.378,
				-0.928,
				0.533,
				-0.928,
				1,
				0.644,
				-0.928,
				0.756,
				-0.034,
				0.867,
				-0.034,
				1,
				0.956,
				-0.034,
				1.044,
				-0.588,
				1.133,
				-0.588,
				1,
				1.278,
				-0.588,
				1.422,
				2.042,
				1.567,
				2.042,
				1,
				1.722,
				2.042,
				1.878,
				-2.852,
				2.033,
				-2.852,
				0,
				2.467,
				-2.852
			]
		},
		{
			"Target": "Parameter",
			"Id": "Param_Angle_Rotation_7_l_m_h",
			"Segments": [
				0,
				0.528,
				1,
				0.067,
				0.528,
				0.133,
				2.261,
				0.2,
				2.261,
				1,
				0.356,
				2.261,
				0.511,
				-1.596,
				0.667,
				-1.596,
				1,
				0.778,
				-1.596,
				0.889,
				-0.274,
				1,
				-0.274,
				1,
				1.089,
				-0.274,
				1.178,
				-0.776,
				1.267,
				-0.776,
				1,
				1.4,
				-0.776,
				1.533,
				2.739,
				1.667,
				2.739,
				1,
				1.789,
				2.739,
				1.911,
				-2.611,
				2.033,
				-2.611,
				0,
				2.467,
				-2.611
			]
		},
		{
			"Target": "Parameter",
			"Id": "Param_Angle_Rotation_8_l_m_h",
			"Segments": [
				0,
				-0.674,
				1,
				0.089,
				-0.674,
				0.178,
				2.865,
				0.267,
				2.865,
				1,
				0.422,
				2.865,
				0.578,
				-1.996,
				0.733,
				-1.996,
				1,
				0.856,
				-1.996,
				0.978,
				0.28,
				1.1,
				0.28,
				1,
				1.189,
				0.28,
				1.278,
				-0.962,
				1.367,
				-0.962,
				1,
				1.489,
				-0.962,
				1.611,
				2.923,
				1.733,
				2.923,
				1,
				1.833,
				2.923,
				1.933,
				-1.045,
				2.033,
				-1.045,
				0,
				2.467,
				-1.045
			]
		},
		{
			"Target": "Parameter",
			"Id": "Param_Angle_Rotation_9_l_m_h",
			"Segments": [
				0,
				-2.271,
				1,
				0.122,
				-2.271,
				0.244,
				3.447,
				0.367,
				3.447,
				1,
				0.511,
				3.447,
				0.656,
				-2.667,
				0.8,
				-2.667,
				1,
				0.933,
				-2.667,
				1.067,
				0.206,
				1.2,
				0.206,
				1,
				1.289,
				0.206,
				1.378,
				-1.043,
				1.467,
				-1.043,
				1,
				1.578,
				-1.043,
				1.689,
				3.364,
				1.8,
				3.364,
				1,
				1.878,
				3.364,
				1.956,
				0.29,
				2.033,
				0.29,
				0,
				2.467,
				0.29
			]
		},
		{
			"Target": "Parameter",
			"Id": "Param_Angle_Rotation_1_r_r_h",
			"Segments": [
				0,
				-0.104,
				1,
				0.056,
				-0.104,
				0.111,
				-0.107,
				0.167,
				-0.107,
				1,
				0.4,
				-0.107,
				0.633,
				0.382,
				0.867,
				0.382,
				1,
				1.044,
				0.382,
				1.222,
				0.133,
				1.4,
				0.133,
				1,
				1.556,
				0.133,
				1.711,
				0.218,
				1.867,
				0.218,
				1,
				1.922,
				0.218,
				1.978,
				0.193,
				2.033,
				0.193,
				0,
				2.467,
				0.193
			]
		},
		{
			"Target": "Parameter",
			"Id": "Param_Angle_Rotation_2_r_r_h",
			"Segments": [
				0,
				-0.104,
				1,
				0.056,
				-0.104,
				0.111,
				-0.107,
				0.167,
				-0.107,
				1,
				0.4,
				-0.107,
				0.633,
				0.382,
				0.867,
				0.382,
				1,
				1.044,
				0.382,
				1.222,
				0.133,
				1.4,
				0.133,
				1,
				1.556,
				0.133,
				1.711,
				0.218,
				1.867,
				0.218,
				1,
				1.922,
				0.218,
				1.978,
				0.193,
				2.033,
				0.193,
				0,
				2.467,
				0.193
			]
		},
		{
			"Target": "Parameter",
			"Id": "Param_Angle_Rotation_3_r_r_h",
			"Segments": [
				0,
				-0.209,
				1,
				0.056,
				-0.209,
				0.111,
				-0.214,
				0.167,
				-0.214,
				1,
				0.4,
				-0.214,
				0.633,
				0.764,
				0.867,
				0.764,
				1,
				1.044,
				0.764,
				1.222,
				0.266,
				1.4,
				0.266,
				1,
				1.556,
				0.266,
				1.711,
				0.436,
				1.867,
				0.436,
				1,
				1.922,
				0.436,
				1.978,
				0.386,
				2.033,
				0.386,
				0,
				2.467,
				0.386
			]
		},
		{
			"Target": "Parameter",
			"Id": "Param_Angle_Rotation_4_r_r_h",
			"Segments": [
				0,
				0.016,
				1,
				0.222,
				0.016,
				0.444,
				-0.605,
				0.667,
				-0.605,
				1,
				0.822,
				-0.605,
				0.978,
				0.662,
				1.133,
				0.662,
				1,
				1.289,
				0.662,
				1.444,
				-0.465,
				1.6,
				-0.465,
				1,
				1.744,
				-0.465,
				1.889,
				0.319,
				2.033,
				0.319,
				0,
				2.467,
				0.319
			]
		},
		{
			"Target": "Parameter",
			"Id": "Param_Angle_Rotation_5_r_r_h",
			"Segments": [
				0,
				0.165,
				1,
				0.133,
				0.165,
				0.267,
				-0.122,
				0.4,
				-0.122,
				1,
				0.422,
				-0.122,
				0.444,
				-0.12,
				0.467,
				-0.12,
				1,
				0.589,
				-0.12,
				0.711,
				-0.725,
				0.833,
				-0.725,
				1,
				0.989,
				-0.725,
				1.144,
				1.205,
				1.3,
				1.205,
				1,
				1.456,
				1.205,
				1.611,
				-1.11,
				1.767,
				-1.11,
				1,
				1.856,
				-1.11,
				1.944,
				0.073,
				2.033,
				0.073,
				0,
				2.467,
				0.073
			]
		},
		{
			"Target": "Parameter",
			"Id": "Param_Angle_Rotation_6_r_r_h",
			"Segments": [
				0,
				0.728,
				1,
				0.156,
				0.728,
				0.311,
				-0.434,
				0.467,
				-0.434,
				1,
				0.544,
				-0.434,
				0.622,
				-0.269,
				0.7,
				-0.269,
				1,
				0.8,
				-0.269,
				0.9,
				-0.69,
				1,
				-0.69,
				1,
				1.144,
				-0.69,
				1.289,
				1.795,
				1.433,
				1.795,
				1,
				1.589,
				1.795,
				1.744,
				-2.115,
				1.9,
				-2.115,
				1,
				1.944,
				-2.115,
				1.989,
				-1.446,
				2.033,
				-1.446,
				0,
				2.467,
				-1.446
			]
		},
		{
			"Target": "Parameter",
			"Id": "Param_Angle_Rotation_7_r_r_h",
			"Segments": [
				0,
				1.379,
				1,
				0.022,
				1.379,
				0.044,
				1.481,
				0.067,
				1.481,
				1,
				0.222,
				1.481,
				0.378,
				-0.928,
				0.533,
				-0.928,
				1,
				0.644,
				-0.928,
				0.756,
				-0.034,
				0.867,
				-0.034,
				1,
				0.956,
				-0.034,
				1.044,
				-0.588,
				1.133,
				-0.588,
				1,
				1.278,
				-0.588,
				1.422,
				2.042,
				1.567,
				2.042,
				1,
				1.722,
				2.042,
				1.878,
				-2.852,
				2.033,
				-2.852,
				0,
				2.467,
				-2.852
			]
		},
		{
			"Target": "Parameter",
			"Id": "Param_Angle_Rotation_8_r_r_h",
			"Segments": [
				0,
				0.528,
				1,
				0.067,
				0.528,
				0.133,
				2.261,
				0.2,
				2.261,
				1,
				0.356,
				2.261,
				0.511,
				-1.596,
				0.667,
				-1.596,
				1,
				0.778,
				-1.596,
				0.889,
				-0.274,
				1,
				-0.274,
				1,
				1.089,
				-0.274,
				1.178,
				-0.776,
				1.267,
				-0.776,
				1,
				1.4,
				-0.776,
				1.533,
				2.739,
				1.667,
				2.739,
				1,
				1.789,
				2.739,
				1.911,
				-2.611,
				2.033,
				-2.611,
				0,
				2.467,
				-2.611
			]
		},
		{
			"Target": "Parameter",
			"Id": "Param_Angle_Rotation_9_r_r_h",
			"Segments": [
				0,
				-0.674,
				1,
				0.089,
				-0.674,
				0.178,
				2.865,
				0.267,
				2.865,
				1,
				0.422,
				2.865,
				0.578,
				-1.996,
				0.733,
				-1.996,
				1,
				0.856,
				-1.996,
				0.978,
				0.28,
				1.1,
				0.28,
				1,
				1.189,
				0.28,
				1.278,
				-0.962,
				1.367,
				-0.962,
				1,
				1.489,
				-0.962,
				1.611,
				2.923,
				1.733,
				2.923,
				1,
				1.833,
				2.923,
				1.933,
				-1.045,
				2.033,
				-1.045,
				0,
				2.467,
				-1.045
			]
		},
		{
			"Target": "Parameter",
			"Id": "Param_Angle_Rotation_10_r_r_h",
			"Segments": [
				0,
				-2.271,
				1,
				0.122,
				-2.271,
				0.244,
				3.447,
				0.367,
				3.447,
				1,
				0.511,
				3.447,
				0.656,
				-2.667,
				0.8,
				-2.667,
				1,
				0.933,
				-2.667,
				1.067,
				0.206,
				1.2,
				0.206,
				1,
				1.289,
				0.206,
				1.378,
				-1.043,
				1.467,
				-1.043,
				1,
				1.578,
				-1.043,
				1.689,
				3.364,
				1.8,
				3.364,
				1,
				1.878,
				3.364,
				1.956,
				0.29,
				2.033,
				0.29,
				0,
				2.467,
				0.29
			]
		},
		{
			"Target": "Parameter",
			"Id": "Param_Angle_Rotation_11_r_r_h",
			"Segments": [
				0,
				-3.11,
				1,
				0.144,
				-3.11,
				0.289,
				3.581,
				0.433,
				3.581,
				1,
				0.589,
				3.581,
				0.744,
				-2.777,
				0.9,
				-2.777,
				1,
				1.022,
				-2.777,
				1.144,
				0.375,
				1.267,
				0.375,
				1,
				1.356,
				0.375,
				1.444,
				-1.151,
				1.533,
				-1.151,
				1,
				1.644,
				-1.151,
				1.756,
				3.339,
				1.867,
				3.339,
				1,
				1.922,
				3.339,
				1.978,
				1.164,
				2.033,
				1.164,
				0,
				2.467,
				1.164
			]
		},
		{
			"Target": "Parameter",
			"Id": "Param_Angle_Rotation_1_l_l_h",
			"Segments": [
				0,
				-0.104,
				1,
				0.056,
				-0.104,
				0.111,
				-0.107,
				0.167,
				-0.107,
				1,
				0.4,
				-0.107,
				0.633,
				0.382,
				0.867,
				0.382,
				1,
				1.044,
				0.382,
				1.222,
				0.133,
				1.4,
				0.133,
				1,
				1.556,
				0.133,
				1.711,
				0.218,
				1.867,
				0.218,
				1,
				1.922,
				0.218,
				1.978,
				0.193,
				2.033,
				0.193,
				0,
				2.467,
				0.193
			]
		},
		{
			"Target": "Parameter",
			"Id": "Param_Angle_Rotation_2_l_l_h",
			"Segments": [
				0,
				-0.104,
				1,
				0.056,
				-0.104,
				0.111,
				-0.107,
				0.167,
				-0.107,
				1,
				0.4,
				-0.107,
				0.633,
				0.382,
				0.867,
				0.382,
				1,
				1.044,
				0.382,
				1.222,
				0.133,
				1.4,
				0.133,
				1,
				1.556,
				0.133,
				1.711,
				0.218,
				1.867,
				0.218,
				1,
				1.922,
				0.218,
				1.978,
				0.193,
				2.033,
				0.193,
				0,
				2.467,
				0.193
			]
		},
		{
			"Target": "Parameter",
			"Id": "Param_Angle_Rotation_3_l_l_h",
			"Segments": [
				0,
				0.005,
				1,
				0.222,
				0.005,
				0.444,
				-0.202,
				0.667,
				-0.202,
				1,
				0.822,
				-0.202,
				0.978,
				0.221,
				1.133,
				0.221,
				1,
				1.289,
				0.221,
				1.444,
				-0.155,
				1.6,
				-0.155,
				1,
				1.744,
				-0.155,
				1.889,
				0.106,
				2.033,
				0.106,
				0,
				2.467,
				0.106
			]
		},
		{
			"Target": "Parameter",
			"Id": "Param_Angle_Rotation_4_l_l_h",
			"Segments": [
				0,
				0.124,
				1,
				0.133,
				0.124,
				0.267,
				-0.092,
				0.4,
				-0.092,
				1,
				0.422,
				-0.092,
				0.444,
				-0.09,
				0.467,
				-0.09,
				1,
				0.589,
				-0.09,
				0.711,
				-0.544,
				0.833,
				-0.544,
				1,
				0.989,
				-0.544,
				1.144,
				0.904,
				1.3,
				0.904,
				1,
				1.456,
				0.904,
				1.611,
				-0.832,
				1.767,
				-0.832,
				1,
				1.856,
				-0.832,
				1.944,
				0.055,
				2.033,
				0.055,
				0,
				2.467,
				0.055
			]
		},
		{
			"Target": "Parameter",
			"Id": "Param_Angle_Rotation_5_l_l_h",
			"Segments": [
				0,
				0.583,
				1,
				0.156,
				0.583,
				0.311,
				-0.347,
				0.467,
				-0.347,
				1,
				0.544,
				-0.347,
				0.622,
				-0.215,
				0.7,
				-0.215,
				1,
				0.8,
				-0.215,
				0.9,
				-0.552,
				1,
				-0.552,
				1,
				1.144,
				-0.552,
				1.289,
				1.436,
				1.433,
				1.436,
				1,
				1.589,
				1.436,
				1.744,
				-1.692,
				1.9,
				-1.692,
				1,
				1.944,
				-1.692,
				1.989,
				-1.156,
				2.033,
				-1.156,
				0,
				2.467,
				-1.156
			]
		},
		{
			"Target": "Parameter",
			"Id": "Param_Angle_Rotation_6_l_l_h",
			"Segments": [
				0,
				1.379,
				1,
				0.022,
				1.379,
				0.044,
				1.481,
				0.067,
				1.481,
				1,
				0.222,
				1.481,
				0.378,
				-0.928,
				0.533,
				-0.928,
				1,
				0.644,
				-0.928,
				0.756,
				-0.034,
				0.867,
				-0.034,
				1,
				0.956,
				-0.034,
				1.044,
				-0.588,
				1.133,
				-0.588,
				1,
				1.278,
				-0.588,
				1.422,
				2.042,
				1.567,
				2.042,
				1,
				1.722,
				2.042,
				1.878,
				-2.852,
				2.033,
				-2.852,
				0,
				2.467,
				-2.852
			]
		},
		{
			"Target": "Parameter",
			"Id": "Param_Angle_Rotation_7_l_l_h",
			"Segments": [
				0,
				0.528,
				1,
				0.067,
				0.528,
				0.133,
				2.261,
				0.2,
				2.261,
				1,
				0.356,
				2.261,
				0.511,
				-1.596,
				0.667,
				-1.596,
				1,
				0.778,
				-1.596,
				0.889,
				-0.274,
				1,
				-0.274,
				1,
				1.089,
				-0.274,
				1.178,
				-0.776,
				1.267,
				-0.776,
				1,
				1.4,
				-0.776,
				1.533,
				2.739,
				1.667,
				2.739,
				1,
				1.789,
				2.739,
				1.911,
				-2.611,
				2.033,
				-2.611,
				0,
				2.467,
				-2.611
			]
		},
		{
			"Target": "Parameter",
			"Id": "Param_Angle_Rotation_8_l_l_h",
			"Segments": [
				0,
				-0.561,
				1,
				0.089,
				-0.561,
				0.178,
				2.387,
				0.267,
				2.387,
				1,
				0.422,
				2.387,
				0.578,
				-1.663,
				0.733,
				-1.663,
				1,
				0.856,
				-1.663,
				0.978,
				0.233,
				1.1,
				0.233,
				1,
				1.189,
				0.233,
				1.278,
				-0.802,
				1.367,
				-0.802,
				1,
				1.489,
				-0.802,
				1.611,
				2.436,
				1.733,
				2.436,
				1,
				1.833,
				2.436,
				1.933,
				-0.871,
				2.033,
				-0.871,
				0,
				2.467,
				-0.871
			]
		},
		{
			"Target": "Parameter",
			"Id": "Param_Angle_Rotation_9_l_l_h",
			"Segments": [
				0,
				-1.892,
				1,
				0.122,
				-1.892,
				0.244,
				2.872,
				0.367,
				2.872,
				1,
				0.511,
				2.872,
				0.656,
				-2.223,
				0.8,
				-2.223,
				1,
				0.933,
				-2.223,
				1.067,
				0.172,
				1.2,
				0.172,
				1,
				1.289,
				0.172,
				1.378,
				-0.869,
				1.467,
				-0.869,
				1,
				1.578,
				-0.869,
				1.689,
				2.803,
				1.8,
				2.803,
				1,
				1.878,
				2.803,
				1.956,
				0.242,
				2.033,
				0.242,
				0,
				2.467,
				0.242
			]
		},
		{
			"Target": "Parameter",
			"Id": "Param_Angle_Rotation_10_l_l_h",
			"Segments": [
				0,
				-3.11,
				1,
				0.144,
				-3.11,
				0.289,
				3.581,
				0.433,
				3.581,
				1,
				0.589,
				3.581,
				0.744,
				-2.777,
				0.9,
				-2.777,
				1,
				1.022,
				-2.777,
				1.144,
				0.375,
				1.267,
				0.375,
				1,
				1.356,
				0.375,
				1.444,
				-1.151,
				1.533,
				-1.151,
				1,
				1.644,
				-1.151,
				1.756,
				3.339,
				1.867,
				3.339,
				1,
				1.922,
				3.339,
				1.978,
				1.164,
				2.033,
				1.164,
				0,
				2.467,
				1.164
			]
		},
		{
			"Target": "Parameter",
			"Id": "Param_Angle_Rotation_11_l_l_h",
			"Segments": [
				0,
				-3.11,
				1,
				0.144,
				-3.11,
				0.289,
				3.581,
				0.433,
				3.581,
				1,
				0.589,
				3.581,
				0.744,
				-2.777,
				0.9,
				-2.777,
				1,
				1.022,
				-2.777,
				1.144,
				0.375,
				1.267,
				0.375,
				1,
				1.356,
				0.375,
				1.444,
				-1.151,
				1.533,
				-1.151,
				1,
				1.644,
				-1.151,
				1.756,
				3.339,
				1.867,
				3.339,
				1,
				1.922,
				3.339,
				1.978,
				1.164,
				2.033,
				1.164,
				0,
				2.467,
				1.164
			]
		},
		{
			"Target": "Parameter",
			"Id": "Param_Angle_Rotation_1_rr_h",
			"Segments": [
				0,
				-0.104,
				1,
				0.056,
				-0.104,
				0.111,
				-0.107,
				0.167,
				-0.107,
				1,
				0.4,
				-0.107,
				0.633,
				0.382,
				0.867,
				0.382,
				1,
				1.044,
				0.382,
				1.222,
				0.133,
				1.4,
				0.133,
				1,
				1.556,
				0.133,
				1.711,
				0.218,
				1.867,
				0.218,
				1,
				1.922,
				0.218,
				1.978,
				0.193,
				2.033,
				0.193,
				0,
				2.467,
				0.193
			]
		},
		{
			"Target": "Parameter",
			"Id": "Param_Angle_Rotation_2_rr_h",
			"Segments": [
				0,
				-0.104,
				1,
				0.056,
				-0.104,
				0.111,
				-0.107,
				0.167,
				-0.107,
				1,
				0.4,
				-0.107,
				0.633,
				0.382,
				0.867,
				0.382,
				1,
				1.044,
				0.382,
				1.222,
				0.133,
				1.4,
				0.133,
				1,
				1.556,
				0.133,
				1.711,
				0.218,
				1.867,
				0.218,
				1,
				1.922,
				0.218,
				1.978,
				0.193,
				2.033,
				0.193,
				0,
				2.467,
				0.193
			]
		},
		{
			"Target": "Parameter",
			"Id": "Param_Angle_Rotation_3_rr_h",
			"Segments": [
				0,
				0.005,
				1,
				0.222,
				0.005,
				0.444,
				-0.202,
				0.667,
				-0.202,
				1,
				0.822,
				-0.202,
				0.978,
				0.221,
				1.133,
				0.221,
				1,
				1.289,
				0.221,
				1.444,
				-0.155,
				1.6,
				-0.155,
				1,
				1.744,
				-0.155,
				1.889,
				0.106,
				2.033,
				0.106,
				0,
				2.467,
				0.106
			]
		},
		{
			"Target": "Parameter",
			"Id": "Param_Angle_Rotation_4_rr_h",
			"Segments": [
				0,
				0.041,
				1,
				0.133,
				0.041,
				0.267,
				-0.031,
				0.4,
				-0.031,
				1,
				0.422,
				-0.031,
				0.444,
				-0.03,
				0.467,
				-0.03,
				1,
				0.589,
				-0.03,
				0.711,
				-0.181,
				0.833,
				-0.181,
				1,
				0.989,
				-0.181,
				1.144,
				0.301,
				1.3,
				0.301,
				1,
				1.456,
				0.301,
				1.611,
				-0.277,
				1.767,
				-0.277,
				1,
				1.856,
				-0.277,
				1.944,
				0.018,
				2.033,
				0.018,
				0,
				2.467,
				0.018
			]
		},
		{
			"Target": "Parameter",
			"Id": "Param_Angle_Rotation_5_rr_h",
			"Segments": [
				0,
				0.146,
				1,
				0.156,
				0.146,
				0.311,
				-0.087,
				0.467,
				-0.087,
				1,
				0.544,
				-0.087,
				0.622,
				-0.054,
				0.7,
				-0.054,
				1,
				0.8,
				-0.054,
				0.9,
				-0.138,
				1,
				-0.138,
				1,
				1.144,
				-0.138,
				1.289,
				0.359,
				1.433,
				0.359,
				1,
				1.589,
				0.359,
				1.744,
				-0.423,
				1.9,
				-0.423,
				1,
				1.944,
				-0.423,
				1.989,
				-0.289,
				2.033,
				-0.289,
				0,
				2.467,
				-0.289
			]
		},
		{
			"Target": "Parameter",
			"Id": "Param_Angle_Rotation_6_rr_h",
			"Segments": [
				0,
				1.379,
				1,
				0.022,
				1.379,
				0.044,
				1.481,
				0.067,
				1.481,
				1,
				0.222,
				1.481,
				0.378,
				-0.928,
				0.533,
				-0.928,
				1,
				0.644,
				-0.928,
				0.756,
				-0.034,
				0.867,
				-0.034,
				1,
				0.956,
				-0.034,
				1.044,
				-0.588,
				1.133,
				-0.588,
				1,
				1.278,
				-0.588,
				1.422,
				2.042,
				1.567,
				2.042,
				1,
				1.722,
				2.042,
				1.878,
				-2.852,
				2.033,
				-2.852,
				0,
				2.467,
				-2.852
			]
		},
		{
			"Target": "Parameter",
			"Id": "Param_Angle_Rotation_7_rr_h",
			"Segments": [
				0,
				0.633,
				1,
				0.067,
				0.633,
				0.133,
				2.714,
				0.2,
				2.714,
				1,
				0.356,
				2.714,
				0.511,
				-1.915,
				0.667,
				-1.915,
				1,
				0.778,
				-1.915,
				0.889,
				-0.329,
				1,
				-0.329,
				1,
				1.089,
				-0.329,
				1.178,
				-0.931,
				1.267,
				-0.931,
				1,
				1.4,
				-0.931,
				1.533,
				3.287,
				1.667,
				3.287,
				1,
				1.789,
				3.287,
				1.911,
				-3.134,
				2.033,
				-3.134,
				0,
				2.467,
				-3.134
			]
		},
		{
			"Target": "Parameter",
			"Id": "Param_Angle_Rotation_8_rr_h",
			"Segments": [
				0,
				-0.674,
				1,
				0.089,
				-0.674,
				0.178,
				2.865,
				0.267,
				2.865,
				1,
				0.422,
				2.865,
				0.578,
				-1.996,
				0.733,
				-1.996,
				1,
				0.856,
				-1.996,
				0.978,
				0.28,
				1.1,
				0.28,
				1,
				1.189,
				0.28,
				1.278,
				-0.962,
				1.367,
				-0.962,
				1,
				1.489,
				-0.962,
				1.611,
				2.923,
				1.733,
				2.923,
				1,
				1.833,
				2.923,
				1.933,
				-1.045,
				2.033,
				-1.045,
				0,
				2.467,
				-1.045
			]
		},
		{
			"Target": "Parameter",
			"Id": "Param_Angle_Rotation_9_rr_h",
			"Segments": [
				0,
				-2.271,
				1,
				0.122,
				-2.271,
				0.244,
				3.447,
				0.367,
				3.447,
				1,
				0.511,
				3.447,
				0.656,
				-2.667,
				0.8,
				-2.667,
				1,
				0.933,
				-2.667,
				1.067,
				0.206,
				1.2,
				0.206,
				1,
				1.289,
				0.206,
				1.378,
				-1.043,
				1.467,
				-1.043,
				1,
				1.578,
				-1.043,
				1.689,
				3.364,
				1.8,
				3.364,
				1,
				1.878,
				3.364,
				1.956,
				0.29,
				2.033,
				0.29,
				0,
				2.467,
				0.29
			]
		},
		{
			"Target": "Parameter",
			"Id": "Param_Angle_Rotation_10_rr_h",
			"Segments": [
				0,
				-3.11,
				1,
				0.144,
				-3.11,
				0.289,
				3.581,
				0.433,
				3.581,
				1,
				0.589,
				3.581,
				0.744,
				-2.777,
				0.9,
				-2.777,
				1,
				1.022,
				-2.777,
				1.144,
				0.375,
				1.267,
				0.375,
				1,
				1.356,
				0.375,
				1.444,
				-1.151,
				1.533,
				-1.151,
				1,
				1.644,
				-1.151,
				1.756,
				3.339,
				1.867,
				3.339,
				1,
				1.922,
				3.339,
				1.978,
				1.164,
				2.033,
				1.164,
				0,
				2.467,
				1.164
			]
		},
		{
			"Target": "Parameter",
			"Id": "Param_Angle_Rotation_11_rr_h",
			"Segments": [
				0,
				-3.11,
				1,
				0.144,
				-3.11,
				0.289,
				3.581,
				0.433,
				3.581,
				1,
				0.589,
				3.581,
				0.744,
				-2.777,
				0.9,
				-2.777,
				1,
				1.022,
				-2.777,
				1.144,
				0.375,
				1.267,
				0.375,
				1,
				1.356,
				0.375,
				1.444,
				-1.151,
				1.533,
				-1.151,
				1,
				1.644,
				-1.151,
				1.756,
				3.339,
				1.867,
				3.339,
				1,
				1.922,
				3.339,
				1.978,
				1.164,
				2.033,
				1.164,
				0,
				2.467,
				1.164
			]
		},
		{
			"Target": "Parameter",
			"Id": "Param_Angle_Rotation_1_shadow_m",
			"Segments": [
				0,
				-0.104,
				1,
				0.056,
				-0.104,
				0.111,
				-0.107,
				0.167,
				-0.107,
				1,
				0.4,
				-0.107,
				0.633,
				0.382,
				0.867,
				0.382,
				1,
				1.044,
				0.382,
				1.222,
				0.133,
				1.4,
				0.133,
				1,
				1.556,
				0.133,
				1.711,
				0.218,
				1.867,
				0.218,
				1,
				1.922,
				0.218,
				1.978,
				0.193,
				2.033,
				0.193,
				0,
				2.467,
				0.193
			]
		},
		{
			"Target": "Parameter",
			"Id": "Param_Angle_Rotation_2_shadow_m",
			"Segments": [
				0,
				-0.104,
				1,
				0.056,
				-0.104,
				0.111,
				-0.107,
				0.167,
				-0.107,
				1,
				0.4,
				-0.107,
				0.633,
				0.382,
				0.867,
				0.382,
				1,
				1.044,
				0.382,
				1.222,
				0.133,
				1.4,
				0.133,
				1,
				1.556,
				0.133,
				1.711,
				0.218,
				1.867,
				0.218,
				1,
				1.922,
				0.218,
				1.978,
				0.193,
				2.033,
				0.193,
				0,
				2.467,
				0.193
			]
		},
		{
			"Target": "Parameter",
			"Id": "Param_Angle_Rotation_3_shadow_m",
			"Segments": [
				0,
				0.005,
				1,
				0.222,
				0.005,
				0.444,
				-0.202,
				0.667,
				-0.202,
				1,
				0.822,
				-0.202,
				0.978,
				0.221,
				1.133,
				0.221,
				1,
				1.289,
				0.221,
				1.444,
				-0.155,
				1.6,
				-0.155,
				1,
				1.744,
				-0.155,
				1.889,
				0.106,
				2.033,
				0.106,
				0,
				2.467,
				0.106
			]
		},
		{
			"Target": "Parameter",
			"Id": "Param_Angle_Rotation_4_shadow_m",
			"Segments": [
				0,
				0.165,
				1,
				0.133,
				0.165,
				0.267,
				-0.122,
				0.4,
				-0.122,
				1,
				0.422,
				-0.122,
				0.444,
				-0.12,
				0.467,
				-0.12,
				1,
				0.589,
				-0.12,
				0.711,
				-0.725,
				0.833,
				-0.725,
				1,
				0.989,
				-0.725,
				1.144,
				1.205,
				1.3,
				1.205,
				1,
				1.456,
				1.205,
				1.611,
				-1.11,
				1.767,
				-1.11,
				1,
				1.856,
				-1.11,
				1.944,
				0.073,
				2.033,
				0.073,
				0,
				2.467,
				0.073
			]
		},
		{
			"Target": "Parameter",
			"Id": "Param_Angle_Rotation_5_shadow_m",
			"Segments": [
				0,
				0.728,
				1,
				0.156,
				0.728,
				0.311,
				-0.434,
				0.467,
				-0.434,
				1,
				0.544,
				-0.434,
				0.622,
				-0.269,
				0.7,
				-0.269,
				1,
				0.8,
				-0.269,
				0.9,
				-0.69,
				1,
				-0.69,
				1,
				1.144,
				-0.69,
				1.289,
				1.795,
				1.433,
				1.795,
				1,
				1.589,
				1.795,
				1.744,
				-2.115,
				1.9,
				-2.115,
				1,
				1.944,
				-2.115,
				1.989,
				-1.446,
				2.033,
				-1.446,
				0,
				2.467,
				-1.446
			]
		},
		{
			"Target": "Parameter",
			"Id": "Param_Angle_Rotation_6_shadow_m",
			"Segments": [
				0,
				1.379,
				1,
				0.022,
				1.379,
				0.044,
				1.481,
				0.067,
				1.481,
				1,
				0.222,
				1.481,
				0.378,
				-0.928,
				0.533,
				-0.928,
				1,
				0.644,
				-0.928,
				0.756,
				-0.034,
				0.867,
				-0.034,
				1,
				0.956,
				-0.034,
				1.044,
				-0.588,
				1.133,
				-0.588,
				1,
				1.278,
				-0.588,
				1.422,
				2.042,
				1.567,
				2.042,
				1,
				1.722,
				2.042,
				1.878,
				-2.852,
				2.033,
				-2.852,
				0,
				2.467,
				-2.852
			]
		},
		{
			"Target": "Parameter",
			"Id": "Param_Angle_Rotation_7_shadow_m",
			"Segments": [
				0,
				0.528,
				1,
				0.067,
				0.528,
				0.133,
				2.261,
				0.2,
				2.261,
				1,
				0.356,
				2.261,
				0.511,
				-1.596,
				0.667,
				-1.596,
				1,
				0.778,
				-1.596,
				0.889,
				-0.274,
				1,
				-0.274,
				1,
				1.089,
				-0.274,
				1.178,
				-0.776,
				1.267,
				-0.776,
				1,
				1.4,
				-0.776,
				1.533,
				2.739,
				1.667,
				2.739,
				1,
				1.789,
				2.739,
				1.911,
				-2.611,
				2.033,
				-2.611,
				0,
				2.467,
				-2.611
			]
		},
		{
			"Target": "Parameter",
			"Id": "Param_Angle_Rotation_8_shadow_m",
			"Segments": [
				0,
				-0.674,
				1,
				0.089,
				-0.674,
				0.178,
				2.865,
				0.267,
				2.865,
				1,
				0.422,
				2.865,
				0.578,
				-1.996,
				0.733,
				-1.996,
				1,
				0.856,
				-1.996,
				0.978,
				0.28,
				1.1,
				0.28,
				1,
				1.189,
				0.28,
				1.278,
				-0.962,
				1.367,
				-0.962,
				1,
				1.489,
				-0.962,
				1.611,
				2.923,
				1.733,
				2.923,
				1,
				1.833,
				2.923,
				1.933,
				-1.045,
				2.033,
				-1.045,
				0,
				2.467,
				-1.045
			]
		},
		{
			"Target": "Parameter",
			"Id": "Param_Angle_Rotation_9_shadow_m",
			"Segments": [
				0,
				-2.271,
				1,
				0.122,
				-2.271,
				0.244,
				3.447,
				0.367,
				3.447,
				1,
				0.511,
				3.447,
				0.656,
				-2.667,
				0.8,
				-2.667,
				1,
				0.933,
				-2.667,
				1.067,
				0.206,
				1.2,
				0.206,
				1,
				1.289,
				0.206,
				1.378,
				-1.043,
				1.467,
				-1.043,
				1,
				1.578,
				-1.043,
				1.689,
				3.364,
				1.8,
				3.364,
				1,
				1.878,
				3.364,
				1.956,
				0.29,
				2.033,
				0.29,
				0,
				2.467,
				0.29
			]
		}
	]
}