{
	"Version": 3,
	"Meta": {
		"Duration": 3.1,
		"Fps": 30.0,
		"Loop": true,
		"AreBeziersRestricted": true,
		"CurveCount": 82,
		"TotalSegmentCount": 587,
		"TotalPointCount": 1825,
		"UserDataCount": 0,
		"TotalUserDataSize": 0
	},
	"Curves": [
		{
			"Target": "Parameter",
			"Id": "ParamAngleY",
			"Segments": [
				0,
				0,
				1,
				0.067,
				0,
				0.133,
				-0.769,
				0.2,
				-0.769,
				1,
				0.267,
				-0.769,
				0.333,
				2,
				0.4,
				2,
				1,
				0.556,
				2,
				0.711,
				-11,
				0.867,
				-11,
				1,
				0.978,
				-11,
				1.089,
				-10.204,
				1.2,
				-10.204,
				1,
				1.311,
				-10.204,
				1.422,
				-11,
				1.533,
				-11,
				1,
				1.944,
				-11,
				2.356,
				-11,
				2.767,
				-11,
				1,
				2.867,
				-11,
				2.967,
				0,
				3.067,
				0,
				0,
				3.1,
				0
			]
		},
		{
			"Target": "Parameter",
			"Id": "ParamMouthForm",
			"Segments": [
				0,
				0,
				1,
				0.111,
				0,
				0.222,
				0.5,
				0.333,
				0.5,
				1,
				0.422,
				0.5,
				0.511,
				-0.6,
				0.6,
				-0.6,
				1,
				0.833,
				-0.6,
				1.067,
				-0.5,
				1.3,
				-0.5,
				1,
				1.578,
				-0.5,
				1.856,
				-1,
				2.133,
				-1,
				1,
				2.444,
				-1,
				2.756,
				0,
				3.067,
				0,
				0,
				3.1,
				0
			]
		},
		{
			"Target": "Parameter",
			"Id": "ParamMouthOpenY",
			"Segments": [
				0,
				0,
				1,
				0.111,
				0,
				0.222,
				0,
				0.333,
				0,
				1,
				0.422,
				0,
				0.511,
				0,
				0.6,
				0,
				1,
				0.833,
				0,
				1.067,
				0,
				1.3,
				0,
				1,
				1.578,
				0,
				1.856,
				0,
				2.133,
				0,
				1,
				2.444,
				0,
				2.756,
				0,
				3.067,
				0,
				0,
				3.1,
				0
			]
		},
		{
			"Target": "Parameter",
			"Id": "ParamEyeLOpen",
			"Segments": [
				0,
				1,
				1,
				0.111,
				1,
				0.222,
				1,
				0.333,
				1,
				1,
				0.422,
				1,
				0.511,
				0.8,
				0.6,
				0.8,
				1,
				1.011,
				0.8,
				1.422,
				0.827,
				1.833,
				0.827,
				1,
				2.133,
				0.827,
				2.433,
				0.748,
				2.733,
				0.748,
				1,
				2.844,
				0.748,
				2.956,
				1,
				3.067,
				1,
				0,
				3.1,
				1
			]
		},
		{
			"Target": "Parameter",
			"Id": "ParamEyeROpen",
			"Segments": [
				0,
				1,
				1,
				0.111,
				1,
				0.222,
				1,
				0.333,
				1,
				1,
				0.422,
				1,
				0.511,
				0.8,
				0.6,
				0.8,
				1,
				1.011,
				0.8,
				1.422,
				0.823,
				1.833,
				0.823,
				1,
				2.133,
				0.823,
				2.433,
				0.745,
				2.733,
				0.745,
				1,
				2.844,
				0.745,
				2.956,
				1,
				3.067,
				1,
				0,
				3.1,
				1
			]
		},
		{
			"Target": "Parameter",
			"Id": "Param8",
			"Segments": [
				0,
				0,
				1,
				1.033,
				0,
				2.067,
				0,
				3.1,
				0
			]
		},
		{
			"Target": "Parameter",
			"Id": "Param9",
			"Segments": [
				0,
				0,
				1,
				0.011,
				0,
				0.022,
				0,
				0.033,
				0,
				1,
				0.1,
				0,
				0.167,
				-0.447,
				0.233,
				-0.447,
				1,
				0.311,
				-0.447,
				0.389,
				1.241,
				0.467,
				1.241,
				1,
				0.633,
				1.241,
				0.8,
				-9.685,
				0.967,
				-9.685,
				1,
				1.1,
				-9.685,
				1.233,
				-6.817,
				1.367,
				-6.817,
				1,
				1.511,
				-6.817,
				1.656,
				-7.858,
				1.8,
				-7.858,
				1,
				1.944,
				-7.858,
				2.089,
				-7.647,
				2.233,
				-7.647,
				1,
				2.389,
				-7.647,
				2.544,
				-7.685,
				2.7,
				-7.685,
				1,
				2.833,
				-7.685,
				2.967,
				0.673,
				3.1,
				0.673
			]
		},
		{
			"Target": "Parameter",
			"Id": "Param10",
			"Segments": [
				0,
				0,
				1,
				0.111,
				0,
				0.222,
				0.009,
				0.333,
				0.2,
				1,
				0.422,
				0.353,
				0.511,
				0.7,
				0.6,
				0.7,
				1,
				0.744,
				0.7,
				0.889,
				0.7,
				1.033,
				0.7,
				1,
				1.4,
				0.7,
				1.767,
				0.709,
				2.133,
				0.6,
				1,
				2.433,
				0.511,
				2.733,
				0,
				3.033,
				0,
				0,
				3.1,
				0
			]
		},
		{
			"Target": "Parameter",
			"Id": "Param12",
			"Segments": [
				0,
				0,
				1,
				0.111,
				0,
				0.222,
				3,
				0.333,
				3,
				1,
				0.422,
				3,
				0.511,
				-21,
				0.6,
				-21,
				1,
				0.656,
				-21,
				0.711,
				-18.995,
				0.767,
				-18.995,
				1,
				0.933,
				-18.995,
				1.1,
				-24.877,
				1.267,
				-24.877,
				1,
				1.367,
				-24.877,
				1.467,
				-22.626,
				1.567,
				-22.057,
				1,
				1.678,
				-21.426,
				1.789,
				-20.966,
				1.9,
				-20.881,
				1,
				2.122,
				-20.711,
				2.344,
				-20.697,
				2.567,
				-20.697,
				1,
				2.622,
				-20.697,
				2.678,
				-22.057,
				2.733,
				-22.057,
				1,
				2.856,
				-22.057,
				2.978,
				0,
				3.1,
				0
			]
		},
		{
			"Target": "Parameter",
			"Id": "Param2",
			"Segments": [
				0,
				2.092,
				1,
				0.011,
				2.092,
				0.022,
				2.092,
				0.033,
				2.092,
				1,
				0.167,
				2.092,
				0.3,
				3.953,
				0.433,
				3.953,
				1,
				0.611,
				3.953,
				0.789,
				-10.86,
				0.967,
				-10.86,
				1,
				1.1,
				-10.86,
				1.233,
				-4.513,
				1.367,
				-4.513,
				1,
				1.456,
				-4.513,
				1.544,
				-5.827,
				1.633,
				-5.827,
				1,
				1.722,
				-5.827,
				1.811,
				-5.053,
				1.9,
				-5.053,
				1,
				2.078,
				-5.053,
				2.256,
				-7.867,
				2.433,
				-7.867,
				1,
				2.656,
				-7.867,
				2.878,
				-2.996,
				3.1,
				-2.996
			]
		},
		{
			"Target": "Parameter",
			"Id": "Param3",
			"Segments": [
				0,
				0.027,
				1,
				0.122,
				0.027,
				0.244,
				-0.76,
				0.367,
				-0.76,
				1,
				0.478,
				-0.76,
				0.589,
				4.237,
				0.7,
				4.237,
				1,
				0.833,
				4.237,
				0.967,
				-5.517,
				1.1,
				-5.517,
				1,
				1.211,
				-5.517,
				1.322,
				4.162,
				1.433,
				4.162,
				1,
				1.556,
				4.162,
				1.678,
				-2.656,
				1.8,
				-2.656,
				1,
				1.911,
				-2.656,
				2.022,
				2.091,
				2.133,
				2.091,
				1,
				2.256,
				2.091,
				2.378,
				-1.469,
				2.5,
				-1.469,
				1,
				2.611,
				-1.469,
				2.722,
				0.756,
				2.833,
				0.756,
				1,
				2.911,
				0.756,
				2.989,
				-1.668,
				3.067,
				-1.668,
				1,
				3.078,
				-1.668,
				3.089,
				-1.543,
				3.1,
				-1.543
			]
		},
		{
			"Target": "Parameter",
			"Id": "ParamEyeBallX",
			"Segments": [
				0,
				0,
				1,
				0.156,
				0,
				0.311,
				0,
				0.467,
				0,
				1,
				0.589,
				0,
				0.711,
				0,
				0.833,
				0,
				0,
				3.1,
				0
			]
		},
		{
			"Target": "Parameter",
			"Id": "ParamEyeBallY",
			"Segments": [
				0,
				0,
				1,
				0.156,
				0,
				0.311,
				-0.2,
				0.467,
				-0.2,
				1,
				0.589,
				-0.2,
				0.711,
				0.7,
				0.833,
				0.7,
				1,
				0.989,
				0.7,
				1.144,
				0.7,
				1.3,
				0.7,
				1,
				1.389,
				0.7,
				1.478,
				0.635,
				1.567,
				0.635,
				1,
				1.7,
				0.635,
				1.833,
				0.7,
				1.967,
				0.7,
				1,
				2.278,
				0.7,
				2.589,
				0.686,
				2.9,
				0.635,
				1,
				2.956,
				0.626,
				3.011,
				0,
				3.067,
				0,
				0,
				3.1,
				0
			]
		},
		{
			"Target": "Parameter",
			"Id": "ParamBrowLY",
			"Segments": [
				0,
				0,
				1,
				0.056,
				0,
				0.111,
				-0.1,
				0.167,
				-0.1,
				1,
				0.189,
				-0.1,
				0.211,
				0.4,
				0.233,
				0.4,
				1,
				0.344,
				0.4,
				0.456,
				-0.8,
				0.567,
				-0.8,
				1,
				1.011,
				-0.8,
				1.456,
				-0.792,
				1.9,
				-0.792,
				1,
				2.167,
				-0.792,
				2.433,
				-1,
				2.7,
				-1,
				1,
				2.833,
				-1,
				2.967,
				0,
				3.1,
				0
			]
		},
		{
			"Target": "Parameter",
			"Id": "ParamBodyAngleX",
			"Segments": [
				0,
				0,
				1,
				1.033,
				0,
				2.067,
				0,
				3.1,
				0
			]
		},
		{
			"Target": "Parameter",
			"Id": "ParamBodyAngleY",
			"Segments": [
				0,
				0,
				1,
				0.089,
				0,
				0.178,
				0,
				0.267,
				0,
				1,
				0.333,
				0,
				0.4,
				0.519,
				0.467,
				0.519,
				1,
				0.633,
				0.519,
				0.8,
				-3.898,
				0.967,
				-3.898,
				1,
				1.089,
				-3.898,
				1.211,
				-2.879,
				1.333,
				-2.879,
				1,
				1.478,
				-2.879,
				1.622,
				-3.259,
				1.767,
				-3.259,
				1,
				1.911,
				-3.259,
				2.056,
				-3.191,
				2.2,
				-3.191,
				1,
				2.356,
				-3.191,
				2.511,
				-3.201,
				2.667,
				-3.201,
				1,
				2.811,
				-3.201,
				2.956,
				0.217,
				3.1,
				0.217
			]
		},
		{
			"Target": "Parameter",
			"Id": "ParamBodyAngleZ",
			"Segments": [
				0,
				0,
				1,
				1.033,
				0,
				2.067,
				0,
				3.1,
				0
			]
		},
		{
			"Target": "Parameter",
			"Id": "Param6",
			"Segments": [
				0,
				2.198,
				1,
				0.022,
				2.198,
				0.044,
				2.161,
				0.067,
				2.161,
				1,
				0.189,
				2.161,
				0.311,
				3.459,
				0.433,
				3.459,
				1,
				0.611,
				3.459,
				0.789,
				-7.089,
				0.967,
				-7.089,
				1,
				1.111,
				-7.089,
				1.256,
				-1.1,
				1.4,
				-1.1,
				1,
				1.511,
				-1.1,
				1.622,
				-2.615,
				1.733,
				-2.615,
				1,
				1.811,
				-2.615,
				1.889,
				-2.12,
				1.967,
				-2.12,
				1,
				2.122,
				-2.12,
				2.278,
				-5.009,
				2.433,
				-5.009,
				1,
				2.556,
				-5.009,
				2.678,
				-3.522,
				2.8,
				-3.522,
				1,
				2.9,
				-3.522,
				3,
				-4.376,
				3.1,
				-4.376
			]
		},
		{
			"Target": "Parameter",
			"Id": "Param7",
			"Segments": [
				0,
				1.549,
				1,
				0.011,
				1.549,
				0.022,
				1.568,
				0.033,
				1.568,
				1,
				0.144,
				1.568,
				0.256,
				-1.449,
				0.367,
				-1.449,
				1,
				0.478,
				-1.449,
				0.589,
				3.467,
				0.7,
				3.467,
				1,
				0.833,
				3.467,
				0.967,
				-5.464,
				1.1,
				-5.464,
				1,
				1.222,
				-5.464,
				1.344,
				5.282,
				1.467,
				5.282,
				1,
				1.6,
				5.282,
				1.733,
				-4.114,
				1.867,
				-4.114,
				1,
				1.978,
				-4.114,
				2.089,
				3.529,
				2.2,
				3.529,
				1,
				2.322,
				3.529,
				2.444,
				-3.279,
				2.567,
				-3.279,
				1,
				2.689,
				-3.279,
				2.811,
				2.772,
				2.933,
				2.772,
				1,
				2.989,
				2.772,
				3.044,
				0.82,
				3.1,
				0.82
			]
		},
		{
			"Target": "Parameter",
			"Id": "ParamBreath",
			"Segments": [
				0,
				0.7,
				1,
				0.122,
				0.7,
				0.244,
				0.785,
				0.367,
				0.785,
				1,
				0.578,
				0.785,
				0.789,
				0.1,
				1,
				0.1,
				1,
				1.256,
				0.1,
				1.511,
				0.312,
				1.767,
				0.312,
				1,
				2,
				0.312,
				2.233,
				0.108,
				2.467,
				0.108,
				0,
				3.1,
				0.108
			]
		},
		{
			"Target": "Parameter",
			"Id": "Param4",
			"Segments": [
				0,
				0.857,
				1,
				0.067,
				0.857,
				0.133,
				1.09,
				0.2,
				1.09,
				1,
				0.244,
				1.09,
				0.289,
				0.806,
				0.333,
				0.806,
				1,
				0.411,
				0.806,
				0.489,
				1.758,
				0.567,
				1.758,
				1,
				0.711,
				1.758,
				0.856,
				-4.181,
				1,
				-4.181,
				1,
				1.144,
				-4.181,
				1.289,
				0.356,
				1.433,
				0.356,
				1,
				1.556,
				0.356,
				1.678,
				-1.437,
				1.8,
				-1.437,
				1,
				1.889,
				-1.437,
				1.978,
				-0.889,
				2.067,
				-0.889,
				1,
				2.211,
				-0.889,
				2.356,
				-2.035,
				2.5,
				-2.035,
				1,
				2.589,
				-2.035,
				2.678,
				-1.523,
				2.767,
				-1.523,
				1,
				2.844,
				-1.523,
				2.922,
				-2.761,
				3,
				-2.761,
				1,
				3.033,
				-2.761,
				3.067,
				-1.747,
				3.1,
				-1.747
			]
		},
		{
			"Target": "Parameter",
			"Id": "Param5",
			"Segments": [
				0,
				0.017,
				1,
				0.011,
				0.017,
				0.022,
				0.037,
				0.033,
				0.037,
				1,
				0.089,
				0.037,
				0.144,
				-0.017,
				0.2,
				-0.017,
				1,
				0.244,
				-0.017,
				0.289,
				0.214,
				0.333,
				0.214,
				1,
				0.4,
				0.214,
				0.467,
				-0.514,
				0.533,
				-0.514,
				1,
				0.644,
				-0.514,
				0.756,
				2.045,
				0.867,
				2.045,
				1,
				0.989,
				2.045,
				1.111,
				-3.016,
				1.233,
				-3.016,
				1,
				1.356,
				-3.016,
				1.478,
				2.609,
				1.6,
				2.609,
				1,
				1.722,
				2.609,
				1.844,
				-1.719,
				1.967,
				-1.719,
				1,
				2.089,
				-1.719,
				2.211,
				1.208,
				2.333,
				1.208,
				1,
				2.456,
				1.208,
				2.578,
				-0.894,
				2.7,
				-0.894,
				1,
				2.789,
				-0.894,
				2.878,
				0.831,
				2.967,
				0.831,
				1,
				3.011,
				0.831,
				3.056,
				-0.409,
				3.1,
				-0.409
			]
		},
		{
			"Target": "Parameter",
			"Id": "Param_Angle_Rotation_1_m_h",
			"Segments": [
				0,
				0.042,
				1,
				0.156,
				0.042,
				0.311,
				0.078,
				0.467,
				0.078,
				1,
				0.667,
				0.078,
				0.867,
				-0.278,
				1.067,
				-0.278,
				1,
				1.256,
				-0.278,
				1.444,
				-0.03,
				1.633,
				-0.03,
				1,
				1.867,
				-0.03,
				2.1,
				-0.178,
				2.333,
				-0.178,
				1,
				2.589,
				-0.178,
				2.844,
				-0.058,
				3.1,
				-0.058
			]
		},
		{
			"Target": "Parameter",
			"Id": "Param_Angle_Rotation_2_m_h",
			"Segments": [
				0,
				-0.001,
				1,
				0.044,
				-0.001,
				0.089,
				0.003,
				0.133,
				0.003,
				1,
				0.233,
				0.003,
				0.333,
				-0.02,
				0.433,
				-0.02,
				1,
				0.567,
				-0.02,
				0.7,
				0.148,
				0.833,
				0.148,
				1,
				0.989,
				0.148,
				1.144,
				-0.174,
				1.3,
				-0.174,
				1,
				1.467,
				-0.174,
				1.633,
				0.124,
				1.8,
				0.124,
				1,
				1.978,
				0.124,
				2.156,
				-0.058,
				2.333,
				-0.058,
				1,
				2.5,
				-0.058,
				2.667,
				0.02,
				2.833,
				0.02,
				1,
				2.922,
				0.02,
				3.011,
				-0.038,
				3.1,
				-0.038
			]
		},
		{
			"Target": "Parameter",
			"Id": "Param_Angle_Rotation_3_m_h",
			"Segments": [
				0,
				-0.048,
				1,
				0.1,
				-0.048,
				0.2,
				0.041,
				0.3,
				0.041,
				1,
				0.4,
				0.041,
				0.5,
				-0.048,
				0.6,
				-0.048,
				1,
				0.733,
				-0.048,
				0.867,
				0.459,
				1,
				0.459,
				1,
				1.156,
				0.459,
				1.311,
				-0.727,
				1.467,
				-0.727,
				1,
				1.633,
				-0.727,
				1.8,
				0.673,
				1.967,
				0.673,
				1,
				2.133,
				0.673,
				2.3,
				-0.429,
				2.467,
				-0.429,
				1,
				2.633,
				-0.429,
				2.8,
				0.208,
				2.967,
				0.208,
				1,
				3.011,
				0.208,
				3.056,
				0.097,
				3.1,
				0.097
			]
		},
		{
			"Target": "Parameter",
			"Id": "Param_Angle_Rotation_4_m_h",
			"Segments": [
				0,
				-0.277,
				1,
				0.133,
				-0.277,
				0.267,
				0.169,
				0.4,
				0.169,
				1,
				0.511,
				0.169,
				0.622,
				-0.071,
				0.733,
				-0.071,
				1,
				0.867,
				-0.071,
				1,
				0.614,
				1.133,
				0.614,
				1,
				1.289,
				0.614,
				1.444,
				-1.23,
				1.6,
				-1.23,
				1,
				1.767,
				-1.23,
				1.933,
				1.401,
				2.1,
				1.401,
				1,
				2.267,
				1.401,
				2.433,
				-1.106,
				2.6,
				-1.106,
				1,
				2.756,
				-1.106,
				2.911,
				0.682,
				3.067,
				0.682,
				1,
				3.078,
				0.682,
				3.089,
				0.661,
				3.1,
				0.661
			]
		},
		{
			"Target": "Parameter",
			"Id": "Param_Angle_Rotation_5_m_h",
			"Segments": [
				0,
				-0.834,
				1,
				0.156,
				-0.834,
				0.311,
				0.491,
				0.467,
				0.491,
				1,
				0.6,
				0.491,
				0.733,
				-0.24,
				0.867,
				-0.24,
				1,
				1,
				-0.24,
				1.133,
				0.889,
				1.267,
				0.889,
				1,
				1.422,
				0.889,
				1.578,
				-1.901,
				1.733,
				-1.901,
				1,
				1.889,
				-1.901,
				2.044,
				2.414,
				2.2,
				2.414,
				1,
				2.367,
				2.414,
				2.533,
				-2.163,
				2.7,
				-2.163,
				1,
				2.833,
				-2.163,
				2.967,
				1.418,
				3.1,
				1.418
			]
		},
		{
			"Target": "Parameter",
			"Id": "Param_Angle_Rotation_6_m_h",
			"Segments": [
				0,
				-0.848,
				1,
				0.044,
				-0.848,
				0.089,
				-1.356,
				0.133,
				-1.356,
				1,
				0.289,
				-1.356,
				0.444,
				0.804,
				0.6,
				0.804,
				1,
				0.722,
				0.804,
				0.844,
				-0.194,
				0.967,
				-0.194,
				1,
				1.1,
				-0.194,
				1.233,
				1.308,
				1.367,
				1.308,
				1,
				1.522,
				1.308,
				1.678,
				-2.686,
				1.833,
				-2.686,
				1,
				1.989,
				-2.686,
				2.144,
				3.268,
				2.3,
				3.268,
				1,
				2.467,
				3.268,
				2.633,
				-2.997,
				2.8,
				-2.997,
				1,
				2.9,
				-2.997,
				3,
				0.482,
				3.1,
				0.482
			]
		},
		{
			"Target": "Parameter",
			"Id": "Param_Angle_Rotation_7_m_h",
			"Segments": [
				0,
				-0.209,
				1,
				0.067,
				-0.209,
				0.133,
				-1.554,
				0.2,
				-1.554,
				1,
				0.356,
				-1.554,
				0.511,
				1.004,
				0.667,
				1.004,
				1,
				0.8,
				1.004,
				0.933,
				-0.516,
				1.067,
				-0.516,
				1,
				1.2,
				-0.516,
				1.333,
				1.295,
				1.467,
				1.295,
				1,
				1.611,
				1.295,
				1.756,
				-2.44,
				1.9,
				-2.44,
				1,
				2.056,
				-2.44,
				2.211,
				2.905,
				2.367,
				2.905,
				1,
				2.544,
				2.905,
				2.722,
				-2.738,
				2.9,
				-2.738,
				1,
				2.967,
				-2.738,
				3.033,
				-0.401,
				3.1,
				-0.401
			]
		},
		{
			"Target": "Parameter",
			"Id": "Param_Angle_Rotation_8_m_h",
			"Segments": [
				0,
				1.269,
				1,
				0.1,
				1.269,
				0.2,
				-2.483,
				0.3,
				-2.483,
				1,
				0.456,
				-2.483,
				0.611,
				1.681,
				0.767,
				1.681,
				1,
				0.889,
				1.681,
				1.011,
				-0.668,
				1.133,
				-0.668,
				1,
				1.267,
				-0.668,
				1.4,
				1.962,
				1.533,
				1.962,
				1,
				1.678,
				1.962,
				1.822,
				-3.402,
				1.967,
				-3.402,
				1,
				2.122,
				-3.402,
				2.278,
				3.743,
				2.433,
				3.743,
				1,
				2.611,
				3.743,
				2.789,
				-3.58,
				2.967,
				-3.58,
				1,
				3.011,
				-3.58,
				3.056,
				-1.886,
				3.1,
				-1.886
			]
		},
		{
			"Target": "Parameter",
			"Id": "Param_Angle_Rotation_9_m_h",
			"Segments": [
				0,
				2.56,
				1,
				0.133,
				2.56,
				0.267,
				-2.807,
				0.4,
				-2.807,
				1,
				0.544,
				-2.807,
				0.689,
				2.04,
				0.833,
				2.04,
				1,
				0.967,
				2.04,
				1.1,
				-0.956,
				1.233,
				-0.956,
				1,
				1.356,
				-0.956,
				1.478,
				2.248,
				1.6,
				2.248,
				1,
				1.744,
				2.248,
				1.889,
				-3.37,
				2.033,
				-3.37,
				1,
				2.189,
				-3.37,
				2.344,
				3.482,
				2.5,
				3.482,
				1,
				2.667,
				3.482,
				2.833,
				-3.356,
				3,
				-3.356,
				1,
				3.033,
				-3.356,
				3.067,
				-2.604,
				3.1,
				-2.604
			]
		},
		{
			"Target": "Parameter",
			"Id": "Param_Angle_Rotation_1_l_m_h",
			"Segments": [
				0,
				0.042,
				1,
				0.156,
				0.042,
				0.311,
				0.078,
				0.467,
				0.078,
				1,
				0.667,
				0.078,
				0.867,
				-0.278,
				1.067,
				-0.278,
				1,
				1.256,
				-0.278,
				1.444,
				-0.03,
				1.633,
				-0.03,
				1,
				1.867,
				-0.03,
				2.1,
				-0.178,
				2.333,
				-0.178,
				1,
				2.589,
				-0.178,
				2.844,
				-0.058,
				3.1,
				-0.058
			]
		},
		{
			"Target": "Parameter",
			"Id": "Param_Angle_Rotation_2_l_m_h",
			"Segments": [
				0,
				0.042,
				1,
				0.156,
				0.042,
				0.311,
				0.078,
				0.467,
				0.078,
				1,
				0.667,
				0.078,
				0.867,
				-0.278,
				1.067,
				-0.278,
				1,
				1.256,
				-0.278,
				1.444,
				-0.03,
				1.633,
				-0.03,
				1,
				1.867,
				-0.03,
				2.1,
				-0.178,
				2.333,
				-0.178,
				1,
				2.589,
				-0.178,
				2.844,
				-0.058,
				3.1,
				-0.058
			]
		},
		{
			"Target": "Parameter",
			"Id": "Param_Angle_Rotation_3_l_m_h",
			"Segments": [
				0,
				-0.001,
				1,
				0.044,
				-0.001,
				0.089,
				0.003,
				0.133,
				0.003,
				1,
				0.233,
				0.003,
				0.333,
				-0.02,
				0.433,
				-0.02,
				1,
				0.567,
				-0.02,
				0.7,
				0.148,
				0.833,
				0.148,
				1,
				0.989,
				0.148,
				1.144,
				-0.174,
				1.3,
				-0.174,
				1,
				1.467,
				-0.174,
				1.633,
				0.124,
				1.8,
				0.124,
				1,
				1.978,
				0.124,
				2.156,
				-0.058,
				2.333,
				-0.058,
				1,
				2.5,
				-0.058,
				2.667,
				0.02,
				2.833,
				0.02,
				1,
				2.922,
				0.02,
				3.011,
				-0.038,
				3.1,
				-0.038
			]
		},
		{
			"Target": "Parameter",
			"Id": "Param_Angle_Rotation_4_l_m_h",
			"Segments": [
				0,
				-0.048,
				1,
				0.1,
				-0.048,
				0.2,
				0.041,
				0.3,
				0.041,
				1,
				0.4,
				0.041,
				0.5,
				-0.048,
				0.6,
				-0.048,
				1,
				0.733,
				-0.048,
				0.867,
				0.459,
				1,
				0.459,
				1,
				1.156,
				0.459,
				1.311,
				-0.727,
				1.467,
				-0.727,
				1,
				1.633,
				-0.727,
				1.8,
				0.673,
				1.967,
				0.673,
				1,
				2.133,
				0.673,
				2.3,
				-0.429,
				2.467,
				-0.429,
				1,
				2.633,
				-0.429,
				2.8,
				0.208,
				2.967,
				0.208,
				1,
				3.011,
				0.208,
				3.056,
				0.097,
				3.1,
				0.097
			]
		},
		{
			"Target": "Parameter",
			"Id": "Param_Angle_Rotation_5_l_m_h",
			"Segments": [
				0,
				-0.277,
				1,
				0.133,
				-0.277,
				0.267,
				0.169,
				0.4,
				0.169,
				1,
				0.511,
				0.169,
				0.622,
				-0.071,
				0.733,
				-0.071,
				1,
				0.867,
				-0.071,
				1,
				0.614,
				1.133,
				0.614,
				1,
				1.289,
				0.614,
				1.444,
				-1.23,
				1.6,
				-1.23,
				1,
				1.767,
				-1.23,
				1.933,
				1.401,
				2.1,
				1.401,
				1,
				2.267,
				1.401,
				2.433,
				-1.106,
				2.6,
				-1.106,
				1,
				2.756,
				-1.106,
				2.911,
				0.682,
				3.067,
				0.682,
				1,
				3.078,
				0.682,
				3.089,
				0.661,
				3.1,
				0.661
			]
		},
		{
			"Target": "Parameter",
			"Id": "Param_Angle_Rotation_6_l_m_h",
			"Segments": [
				0,
				-0.834,
				1,
				0.156,
				-0.834,
				0.311,
				0.491,
				0.467,
				0.491,
				1,
				0.6,
				0.491,
				0.733,
				-0.24,
				0.867,
				-0.24,
				1,
				1,
				-0.24,
				1.133,
				0.889,
				1.267,
				0.889,
				1,
				1.422,
				0.889,
				1.578,
				-1.901,
				1.733,
				-1.901,
				1,
				1.889,
				-1.901,
				2.044,
				2.414,
				2.2,
				2.414,
				1,
				2.367,
				2.414,
				2.533,
				-2.163,
				2.7,
				-2.163,
				1,
				2.833,
				-2.163,
				2.967,
				1.418,
				3.1,
				1.418
			]
		},
		{
			"Target": "Parameter",
			"Id": "Param_Angle_Rotation_7_l_m_h",
			"Segments": [
				0,
				-0.848,
				1,
				0.044,
				-0.848,
				0.089,
				-1.356,
				0.133,
				-1.356,
				1,
				0.289,
				-1.356,
				0.444,
				0.804,
				0.6,
				0.804,
				1,
				0.722,
				0.804,
				0.844,
				-0.194,
				0.967,
				-0.194,
				1,
				1.1,
				-0.194,
				1.233,
				1.308,
				1.367,
				1.308,
				1,
				1.522,
				1.308,
				1.678,
				-2.686,
				1.833,
				-2.686,
				1,
				1.989,
				-2.686,
				2.144,
				3.268,
				2.3,
				3.268,
				1,
				2.467,
				3.268,
				2.633,
				-2.997,
				2.8,
				-2.997,
				1,
				2.9,
				-2.997,
				3,
				0.482,
				3.1,
				0.482
			]
		},
		{
			"Target": "Parameter",
			"Id": "Param_Angle_Rotation_8_l_m_h",
			"Segments": [
				0,
				-0.25,
				1,
				0.067,
				-0.25,
				0.133,
				-1.865,
				0.2,
				-1.865,
				1,
				0.356,
				-1.865,
				0.511,
				1.205,
				0.667,
				1.205,
				1,
				0.8,
				1.205,
				0.933,
				-0.62,
				1.067,
				-0.62,
				1,
				1.2,
				-0.62,
				1.333,
				1.554,
				1.467,
				1.554,
				1,
				1.611,
				1.554,
				1.756,
				-2.928,
				1.9,
				-2.928,
				1,
				2.056,
				-2.928,
				2.211,
				3.486,
				2.367,
				3.486,
				1,
				2.544,
				3.486,
				2.722,
				-3.286,
				2.9,
				-3.286,
				1,
				2.967,
				-3.286,
				3.033,
				-0.481,
				3.1,
				-0.481
			]
		},
		{
			"Target": "Parameter",
			"Id": "Param_Angle_Rotation_9_l_m_h",
			"Segments": [
				0,
				1.269,
				1,
				0.1,
				1.269,
				0.2,
				-2.483,
				0.3,
				-2.483,
				1,
				0.456,
				-2.483,
				0.611,
				1.681,
				0.767,
				1.681,
				1,
				0.889,
				1.681,
				1.011,
				-0.668,
				1.133,
				-0.668,
				1,
				1.267,
				-0.668,
				1.4,
				1.962,
				1.533,
				1.962,
				1,
				1.678,
				1.962,
				1.822,
				-3.402,
				1.967,
				-3.402,
				1,
				2.122,
				-3.402,
				2.278,
				3.743,
				2.433,
				3.743,
				1,
				2.611,
				3.743,
				2.789,
				-3.58,
				2.967,
				-3.58,
				1,
				3.011,
				-3.58,
				3.056,
				-1.886,
				3.1,
				-1.886
			]
		},
		{
			"Target": "Parameter",
			"Id": "Param_Angle_Rotation_1_r_r_h",
			"Segments": [
				0,
				0.042,
				1,
				0.156,
				0.042,
				0.311,
				0.078,
				0.467,
				0.078,
				1,
				0.667,
				0.078,
				0.867,
				-0.278,
				1.067,
				-0.278,
				1,
				1.256,
				-0.278,
				1.444,
				-0.03,
				1.633,
				-0.03,
				1,
				1.867,
				-0.03,
				2.1,
				-0.178,
				2.333,
				-0.178,
				1,
				2.589,
				-0.178,
				2.844,
				-0.058,
				3.1,
				-0.058
			]
		},
		{
			"Target": "Parameter",
			"Id": "Param_Angle_Rotation_2_r_r_h",
			"Segments": [
				0,
				0.042,
				1,
				0.156,
				0.042,
				0.311,
				0.078,
				0.467,
				0.078,
				1,
				0.667,
				0.078,
				0.867,
				-0.278,
				1.067,
				-0.278,
				1,
				1.256,
				-0.278,
				1.444,
				-0.03,
				1.633,
				-0.03,
				1,
				1.867,
				-0.03,
				2.1,
				-0.178,
				2.333,
				-0.178,
				1,
				2.589,
				-0.178,
				2.844,
				-0.058,
				3.1,
				-0.058
			]
		},
		{
			"Target": "Parameter",
			"Id": "Param_Angle_Rotation_3_r_r_h",
			"Segments": [
				0,
				0.084,
				1,
				0.156,
				0.084,
				0.311,
				0.156,
				0.467,
				0.156,
				1,
				0.667,
				0.156,
				0.867,
				-0.557,
				1.067,
				-0.557,
				1,
				1.256,
				-0.557,
				1.444,
				-0.061,
				1.633,
				-0.061,
				1,
				1.867,
				-0.061,
				2.1,
				-0.356,
				2.333,
				-0.356,
				1,
				2.589,
				-0.356,
				2.844,
				-0.116,
				3.1,
				-0.116
			]
		},
		{
			"Target": "Parameter",
			"Id": "Param_Angle_Rotation_4_r_r_h",
			"Segments": [
				0,
				-0.003,
				1,
				0.044,
				-0.003,
				0.089,
				0.008,
				0.133,
				0.008,
				1,
				0.233,
				0.008,
				0.333,
				-0.06,
				0.433,
				-0.06,
				1,
				0.567,
				-0.06,
				0.7,
				0.443,
				0.833,
				0.443,
				1,
				0.989,
				0.443,
				1.144,
				-0.523,
				1.3,
				-0.523,
				1,
				1.467,
				-0.523,
				1.633,
				0.372,
				1.8,
				0.372,
				1,
				1.978,
				0.372,
				2.156,
				-0.173,
				2.333,
				-0.173,
				1,
				2.5,
				-0.173,
				2.667,
				0.059,
				2.833,
				0.059,
				1,
				2.922,
				0.059,
				3.011,
				-0.115,
				3.1,
				-0.115
			]
		},
		{
			"Target": "Parameter",
			"Id": "Param_Angle_Rotation_5_r_r_h",
			"Segments": [
				0,
				-0.065,
				1,
				0.1,
				-0.065,
				0.2,
				0.055,
				0.3,
				0.055,
				1,
				0.4,
				0.055,
				0.5,
				-0.064,
				0.6,
				-0.064,
				1,
				0.733,
				-0.064,
				0.867,
				0.613,
				1,
				0.613,
				1,
				1.156,
				0.613,
				1.311,
				-0.969,
				1.467,
				-0.969,
				1,
				1.633,
				-0.969,
				1.8,
				0.897,
				1.967,
				0.897,
				1,
				2.133,
				0.897,
				2.3,
				-0.572,
				2.467,
				-0.572,
				1,
				2.633,
				-0.572,
				2.8,
				0.277,
				2.967,
				0.277,
				1,
				3.011,
				0.277,
				3.056,
				0.13,
				3.1,
				0.13
			]
		},
		{
			"Target": "Parameter",
			"Id": "Param_Angle_Rotation_6_r_r_h",
			"Segments": [
				0,
				-0.346,
				1,
				0.133,
				-0.346,
				0.267,
				0.211,
				0.4,
				0.211,
				1,
				0.511,
				0.211,
				0.622,
				-0.088,
				0.733,
				-0.088,
				1,
				0.867,
				-0.088,
				1,
				0.768,
				1.133,
				0.768,
				1,
				1.289,
				0.768,
				1.444,
				-1.538,
				1.6,
				-1.538,
				1,
				1.767,
				-1.538,
				1.933,
				1.751,
				2.1,
				1.751,
				1,
				2.267,
				1.751,
				2.433,
				-1.383,
				2.6,
				-1.383,
				1,
				2.756,
				-1.383,
				2.911,
				0.853,
				3.067,
				0.853,
				1,
				3.078,
				0.853,
				3.089,
				0.826,
				3.1,
				0.826
			]
		},
		{
			"Target": "Parameter",
			"Id": "Param_Angle_Rotation_7_r_r_h",
			"Segments": [
				0,
				-0.834,
				1,
				0.156,
				-0.834,
				0.311,
				0.491,
				0.467,
				0.491,
				1,
				0.6,
				0.491,
				0.733,
				-0.24,
				0.867,
				-0.24,
				1,
				1,
				-0.24,
				1.133,
				0.889,
				1.267,
				0.889,
				1,
				1.422,
				0.889,
				1.578,
				-1.901,
				1.733,
				-1.901,
				1,
				1.889,
				-1.901,
				2.044,
				2.414,
				2.2,
				2.414,
				1,
				2.367,
				2.414,
				2.533,
				-2.163,
				2.7,
				-2.163,
				1,
				2.833,
				-2.163,
				2.967,
				1.418,
				3.1,
				1.418
			]
		},
		{
			"Target": "Parameter",
			"Id": "Param_Angle_Rotation_8_r_r_h",
			"Segments": [
				0,
				-0.848,
				1,
				0.044,
				-0.848,
				0.089,
				-1.356,
				0.133,
				-1.356,
				1,
				0.289,
				-1.356,
				0.444,
				0.804,
				0.6,
				0.804,
				1,
				0.722,
				0.804,
				0.844,
				-0.194,
				0.967,
				-0.194,
				1,
				1.1,
				-0.194,
				1.233,
				1.308,
				1.367,
				1.308,
				1,
				1.522,
				1.308,
				1.678,
				-2.686,
				1.833,
				-2.686,
				1,
				1.989,
				-2.686,
				2.144,
				3.268,
				2.3,
				3.268,
				1,
				2.467,
				3.268,
				2.633,
				-2.997,
				2.8,
				-2.997,
				1,
				2.9,
				-2.997,
				3,
				0.482,
				3.1,
				0.482
			]
		},
		{
			"Target": "Parameter",
			"Id": "Param_Angle_Rotation_9_r_r_h",
			"Segments": [
				0,
				-0.25,
				1,
				0.067,
				-0.25,
				0.133,
				-1.865,
				0.2,
				-1.865,
				1,
				0.356,
				-1.865,
				0.511,
				1.205,
				0.667,
				1.205,
				1,
				0.8,
				1.205,
				0.933,
				-0.62,
				1.067,
				-0.62,
				1,
				1.2,
				-0.62,
				1.333,
				1.554,
				1.467,
				1.554,
				1,
				1.611,
				1.554,
				1.756,
				-2.928,
				1.9,
				-2.928,
				1,
				2.056,
				-2.928,
				2.211,
				3.486,
				2.367,
				3.486,
				1,
				2.544,
				3.486,
				2.722,
				-3.286,
				2.9,
				-3.286,
				1,
				2.967,
				-3.286,
				3.033,
				-0.481,
				3.1,
				-0.481
			]
		},
		{
			"Target": "Parameter",
			"Id": "Param_Angle_Rotation_10_r_r_h",
			"Segments": [
				0,
				1.269,
				1,
				0.1,
				1.269,
				0.2,
				-2.483,
				0.3,
				-2.483,
				1,
				0.456,
				-2.483,
				0.611,
				1.681,
				0.767,
				1.681,
				1,
				0.889,
				1.681,
				1.011,
				-0.668,
				1.133,
				-0.668,
				1,
				1.267,
				-0.668,
				1.4,
				1.962,
				1.533,
				1.962,
				1,
				1.678,
				1.962,
				1.822,
				-3.402,
				1.967,
				-3.402,
				1,
				2.122,
				-3.402,
				2.278,
				3.743,
				2.433,
				3.743,
				1,
				2.611,
				3.743,
				2.789,
				-3.58,
				2.967,
				-3.58,
				1,
				3.011,
				-3.58,
				3.056,
				-1.886,
				3.1,
				-1.886
			]
		},
		{
			"Target": "Parameter",
			"Id": "Param_Angle_Rotation_11_r_r_h",
			"Segments": [
				0,
				2.56,
				1,
				0.133,
				2.56,
				0.267,
				-2.807,
				0.4,
				-2.807,
				1,
				0.544,
				-2.807,
				0.689,
				2.04,
				0.833,
				2.04,
				1,
				0.967,
				2.04,
				1.1,
				-0.956,
				1.233,
				-0.956,
				1,
				1.356,
				-0.956,
				1.478,
				2.248,
				1.6,
				2.248,
				1,
				1.744,
				2.248,
				1.889,
				-3.37,
				2.033,
				-3.37,
				1,
				2.189,
				-3.37,
				2.344,
				3.482,
				2.5,
				3.482,
				1,
				2.667,
				3.482,
				2.833,
				-3.356,
				3,
				-3.356,
				1,
				3.033,
				-3.356,
				3.067,
				-2.604,
				3.1,
				-2.604
			]
		},
		{
			"Target": "Parameter",
			"Id": "Param_Angle_Rotation_1_l_l_h",
			"Segments": [
				0,
				0.042,
				1,
				0.156,
				0.042,
				0.311,
				0.078,
				0.467,
				0.078,
				1,
				0.667,
				0.078,
				0.867,
				-0.278,
				1.067,
				-0.278,
				1,
				1.256,
				-0.278,
				1.444,
				-0.03,
				1.633,
				-0.03,
				1,
				1.867,
				-0.03,
				2.1,
				-0.178,
				2.333,
				-0.178,
				1,
				2.589,
				-0.178,
				2.844,
				-0.058,
				3.1,
				-0.058
			]
		},
		{
			"Target": "Parameter",
			"Id": "Param_Angle_Rotation_2_l_l_h",
			"Segments": [
				0,
				0.042,
				1,
				0.156,
				0.042,
				0.311,
				0.078,
				0.467,
				0.078,
				1,
				0.667,
				0.078,
				0.867,
				-0.278,
				1.067,
				-0.278,
				1,
				1.256,
				-0.278,
				1.444,
				-0.03,
				1.633,
				-0.03,
				1,
				1.867,
				-0.03,
				2.1,
				-0.178,
				2.333,
				-0.178,
				1,
				2.589,
				-0.178,
				2.844,
				-0.058,
				3.1,
				-0.058
			]
		},
		{
			"Target": "Parameter",
			"Id": "Param_Angle_Rotation_3_l_l_h",
			"Segments": [
				0,
				-0.001,
				1,
				0.044,
				-0.001,
				0.089,
				0.003,
				0.133,
				0.003,
				1,
				0.233,
				0.003,
				0.333,
				-0.02,
				0.433,
				-0.02,
				1,
				0.567,
				-0.02,
				0.7,
				0.148,
				0.833,
				0.148,
				1,
				0.989,
				0.148,
				1.144,
				-0.174,
				1.3,
				-0.174,
				1,
				1.467,
				-0.174,
				1.633,
				0.124,
				1.8,
				0.124,
				1,
				1.978,
				0.124,
				2.156,
				-0.058,
				2.333,
				-0.058,
				1,
				2.5,
				-0.058,
				2.667,
				0.02,
				2.833,
				0.02,
				1,
				2.922,
				0.02,
				3.011,
				-0.038,
				3.1,
				-0.038
			]
		},
		{
			"Target": "Parameter",
			"Id": "Param_Angle_Rotation_4_l_l_h",
			"Segments": [
				0,
				-0.048,
				1,
				0.1,
				-0.048,
				0.2,
				0.041,
				0.3,
				0.041,
				1,
				0.4,
				0.041,
				0.5,
				-0.048,
				0.6,
				-0.048,
				1,
				0.733,
				-0.048,
				0.867,
				0.459,
				1,
				0.459,
				1,
				1.156,
				0.459,
				1.311,
				-0.727,
				1.467,
				-0.727,
				1,
				1.633,
				-0.727,
				1.8,
				0.673,
				1.967,
				0.673,
				1,
				2.133,
				0.673,
				2.3,
				-0.429,
				2.467,
				-0.429,
				1,
				2.633,
				-0.429,
				2.8,
				0.208,
				2.967,
				0.208,
				1,
				3.011,
				0.208,
				3.056,
				0.097,
				3.1,
				0.097
			]
		},
		{
			"Target": "Parameter",
			"Id": "Param_Angle_Rotation_5_l_l_h",
			"Segments": [
				0,
				-0.277,
				1,
				0.133,
				-0.277,
				0.267,
				0.169,
				0.4,
				0.169,
				1,
				0.511,
				0.169,
				0.622,
				-0.071,
				0.733,
				-0.071,
				1,
				0.867,
				-0.071,
				1,
				0.614,
				1.133,
				0.614,
				1,
				1.289,
				0.614,
				1.444,
				-1.23,
				1.6,
				-1.23,
				1,
				1.767,
				-1.23,
				1.933,
				1.401,
				2.1,
				1.401,
				1,
				2.267,
				1.401,
				2.433,
				-1.106,
				2.6,
				-1.106,
				1,
				2.756,
				-1.106,
				2.911,
				0.682,
				3.067,
				0.682,
				1,
				3.078,
				0.682,
				3.089,
				0.661,
				3.1,
				0.661
			]
		},
		{
			"Target": "Parameter",
			"Id": "Param_Angle_Rotation_6_l_l_h",
			"Segments": [
				0,
				-0.834,
				1,
				0.156,
				-0.834,
				0.311,
				0.491,
				0.467,
				0.491,
				1,
				0.6,
				0.491,
				0.733,
				-0.24,
				0.867,
				-0.24,
				1,
				1,
				-0.24,
				1.133,
				0.889,
				1.267,
				0.889,
				1,
				1.422,
				0.889,
				1.578,
				-1.901,
				1.733,
				-1.901,
				1,
				1.889,
				-1.901,
				2.044,
				2.414,
				2.2,
				2.414,
				1,
				2.367,
				2.414,
				2.533,
				-2.163,
				2.7,
				-2.163,
				1,
				2.833,
				-2.163,
				2.967,
				1.418,
				3.1,
				1.418
			]
		},
		{
			"Target": "Parameter",
			"Id": "Param_Angle_Rotation_7_l_l_h",
			"Segments": [
				0,
				-0.848,
				1,
				0.044,
				-0.848,
				0.089,
				-1.356,
				0.133,
				-1.356,
				1,
				0.289,
				-1.356,
				0.444,
				0.804,
				0.6,
				0.804,
				1,
				0.722,
				0.804,
				0.844,
				-0.194,
				0.967,
				-0.194,
				1,
				1.1,
				-0.194,
				1.233,
				1.308,
				1.367,
				1.308,
				1,
				1.522,
				1.308,
				1.678,
				-2.686,
				1.833,
				-2.686,
				1,
				1.989,
				-2.686,
				2.144,
				3.268,
				2.3,
				3.268,
				1,
				2.467,
				3.268,
				2.633,
				-2.997,
				2.8,
				-2.997,
				1,
				2.9,
				-2.997,
				3,
				0.482,
				3.1,
				0.482
			]
		},
		{
			"Target": "Parameter",
			"Id": "Param_Angle_Rotation_8_l_l_h",
			"Segments": [
				0,
				-0.209,
				1,
				0.067,
				-0.209,
				0.133,
				-1.554,
				0.2,
				-1.554,
				1,
				0.356,
				-1.554,
				0.511,
				1.004,
				0.667,
				1.004,
				1,
				0.8,
				1.004,
				0.933,
				-0.516,
				1.067,
				-0.516,
				1,
				1.2,
				-0.516,
				1.333,
				1.295,
				1.467,
				1.295,
				1,
				1.611,
				1.295,
				1.756,
				-2.44,
				1.9,
				-2.44,
				1,
				2.056,
				-2.44,
				2.211,
				2.905,
				2.367,
				2.905,
				1,
				2.544,
				2.905,
				2.722,
				-2.738,
				2.9,
				-2.738,
				1,
				2.967,
				-2.738,
				3.033,
				-0.401,
				3.1,
				-0.401
			]
		},
		{
			"Target": "Parameter",
			"Id": "Param_Angle_Rotation_9_l_l_h",
			"Segments": [
				0,
				1.057,
				1,
				0.1,
				1.057,
				0.2,
				-2.069,
				0.3,
				-2.069,
				1,
				0.456,
				-2.069,
				0.611,
				1.401,
				0.767,
				1.401,
				1,
				0.889,
				1.401,
				1.011,
				-0.557,
				1.133,
				-0.557,
				1,
				1.267,
				-0.557,
				1.4,
				1.635,
				1.533,
				1.635,
				1,
				1.678,
				1.635,
				1.822,
				-2.835,
				1.967,
				-2.835,
				1,
				2.122,
				-2.835,
				2.278,
				3.119,
				2.433,
				3.119,
				1,
				2.611,
				3.119,
				2.789,
				-2.983,
				2.967,
				-2.983,
				1,
				3.011,
				-2.983,
				3.056,
				-1.572,
				3.1,
				-1.572
			]
		},
		{
			"Target": "Parameter",
			"Id": "Param_Angle_Rotation_10_l_l_h",
			"Segments": [
				0,
				2.56,
				1,
				0.133,
				2.56,
				0.267,
				-2.807,
				0.4,
				-2.807,
				1,
				0.544,
				-2.807,
				0.689,
				2.04,
				0.833,
				2.04,
				1,
				0.967,
				2.04,
				1.1,
				-0.956,
				1.233,
				-0.956,
				1,
				1.356,
				-0.956,
				1.478,
				2.248,
				1.6,
				2.248,
				1,
				1.744,
				2.248,
				1.889,
				-3.37,
				2.033,
				-3.37,
				1,
				2.189,
				-3.37,
				2.344,
				3.482,
				2.5,
				3.482,
				1,
				2.667,
				3.482,
				2.833,
				-3.356,
				3,
				-3.356,
				1,
				3.033,
				-3.356,
				3.067,
				-2.604,
				3.1,
				-2.604
			]
		},
		{
			"Target": "Parameter",
			"Id": "Param_Angle_Rotation_11_l_l_h",
			"Segments": [
				0,
				2.56,
				1,
				0.133,
				2.56,
				0.267,
				-2.807,
				0.4,
				-2.807,
				1,
				0.544,
				-2.807,
				0.689,
				2.04,
				0.833,
				2.04,
				1,
				0.967,
				2.04,
				1.1,
				-0.956,
				1.233,
				-0.956,
				1,
				1.356,
				-0.956,
				1.478,
				2.248,
				1.6,
				2.248,
				1,
				1.744,
				2.248,
				1.889,
				-3.37,
				2.033,
				-3.37,
				1,
				2.189,
				-3.37,
				2.344,
				3.482,
				2.5,
				3.482,
				1,
				2.667,
				3.482,
				2.833,
				-3.356,
				3,
				-3.356,
				1,
				3.033,
				-3.356,
				3.067,
				-2.604,
				3.1,
				-2.604
			]
		},
		{
			"Target": "Parameter",
			"Id": "Param_Angle_Rotation_1_rr_h",
			"Segments": [
				0,
				0.042,
				1,
				0.156,
				0.042,
				0.311,
				0.078,
				0.467,
				0.078,
				1,
				0.667,
				0.078,
				0.867,
				-0.278,
				1.067,
				-0.278,
				1,
				1.256,
				-0.278,
				1.444,
				-0.03,
				1.633,
				-0.03,
				1,
				1.867,
				-0.03,
				2.1,
				-0.178,
				2.333,
				-0.178,
				1,
				2.589,
				-0.178,
				2.844,
				-0.058,
				3.1,
				-0.058
			]
		},
		{
			"Target": "Parameter",
			"Id": "Param_Angle_Rotation_2_rr_h",
			"Segments": [
				0,
				0.042,
				1,
				0.156,
				0.042,
				0.311,
				0.078,
				0.467,
				0.078,
				1,
				0.667,
				0.078,
				0.867,
				-0.278,
				1.067,
				-0.278,
				1,
				1.256,
				-0.278,
				1.444,
				-0.03,
				1.633,
				-0.03,
				1,
				1.867,
				-0.03,
				2.1,
				-0.178,
				2.333,
				-0.178,
				1,
				2.589,
				-0.178,
				2.844,
				-0.058,
				3.1,
				-0.058
			]
		},
		{
			"Target": "Parameter",
			"Id": "Param_Angle_Rotation_3_rr_h",
			"Segments": [
				0,
				-0.001,
				1,
				0.044,
				-0.001,
				0.089,
				0.003,
				0.133,
				0.003,
				1,
				0.233,
				0.003,
				0.333,
				-0.02,
				0.433,
				-0.02,
				1,
				0.567,
				-0.02,
				0.7,
				0.148,
				0.833,
				0.148,
				1,
				0.989,
				0.148,
				1.144,
				-0.174,
				1.3,
				-0.174,
				1,
				1.467,
				-0.174,
				1.633,
				0.124,
				1.8,
				0.124,
				1,
				1.978,
				0.124,
				2.156,
				-0.058,
				2.333,
				-0.058,
				1,
				2.5,
				-0.058,
				2.667,
				0.02,
				2.833,
				0.02,
				1,
				2.922,
				0.02,
				3.011,
				-0.038,
				3.1,
				-0.038
			]
		},
		{
			"Target": "Parameter",
			"Id": "Param_Angle_Rotation_4_rr_h",
			"Segments": [
				0,
				-0.016,
				1,
				0.1,
				-0.016,
				0.2,
				0.014,
				0.3,
				0.014,
				1,
				0.4,
				0.014,
				0.5,
				-0.016,
				0.6,
				-0.016,
				1,
				0.733,
				-0.016,
				0.867,
				0.153,
				1,
				0.153,
				1,
				1.156,
				0.153,
				1.311,
				-0.242,
				1.467,
				-0.242,
				1,
				1.633,
				-0.242,
				1.8,
				0.224,
				1.967,
				0.224,
				1,
				2.133,
				0.224,
				2.3,
				-0.143,
				2.467,
				-0.143,
				1,
				2.633,
				-0.143,
				2.8,
				0.069,
				2.967,
				0.069,
				1,
				3.011,
				0.069,
				3.056,
				0.032,
				3.1,
				0.032
			]
		},
		{
			"Target": "Parameter",
			"Id": "Param_Angle_Rotation_5_rr_h",
			"Segments": [
				0,
				-0.069,
				1,
				0.133,
				-0.069,
				0.267,
				0.042,
				0.4,
				0.042,
				1,
				0.511,
				0.042,
				0.622,
				-0.018,
				0.733,
				-0.018,
				1,
				0.867,
				-0.018,
				1,
				0.154,
				1.133,
				0.154,
				1,
				1.289,
				0.154,
				1.444,
				-0.308,
				1.6,
				-0.308,
				1,
				1.767,
				-0.308,
				1.933,
				0.35,
				2.1,
				0.35,
				1,
				2.267,
				0.35,
				2.433,
				-0.277,
				2.6,
				-0.277,
				1,
				2.756,
				-0.277,
				2.911,
				0.171,
				3.067,
				0.171,
				1,
				3.078,
				0.171,
				3.089,
				0.165,
				3.1,
				0.165
			]
		},
		{
			"Target": "Parameter",
			"Id": "Param_Angle_Rotation_6_rr_h",
			"Segments": [
				0,
				-0.834,
				1,
				0.156,
				-0.834,
				0.311,
				0.491,
				0.467,
				0.491,
				1,
				0.6,
				0.491,
				0.733,
				-0.24,
				0.867,
				-0.24,
				1,
				1,
				-0.24,
				1.133,
				0.889,
				1.267,
				0.889,
				1,
				1.422,
				0.889,
				1.578,
				-1.901,
				1.733,
				-1.901,
				1,
				1.889,
				-1.901,
				2.044,
				2.414,
				2.2,
				2.414,
				1,
				2.367,
				2.414,
				2.533,
				-2.163,
				2.7,
				-2.163,
				1,
				2.833,
				-2.163,
				2.967,
				1.418,
				3.1,
				1.418
			]
		},
		{
			"Target": "Parameter",
			"Id": "Param_Angle_Rotation_7_rr_h",
			"Segments": [
				0,
				-1.018,
				1,
				0.044,
				-1.018,
				0.089,
				-1.627,
				0.133,
				-1.627,
				1,
				0.289,
				-1.627,
				0.444,
				0.965,
				0.6,
				0.965,
				1,
				0.722,
				0.965,
				0.844,
				-0.233,
				0.967,
				-0.233,
				1,
				1.1,
				-0.233,
				1.233,
				1.57,
				1.367,
				1.57,
				1,
				1.522,
				1.57,
				1.678,
				-3.223,
				1.833,
				-3.223,
				1,
				1.989,
				-3.223,
				2.144,
				3.921,
				2.3,
				3.921,
				1,
				2.467,
				3.921,
				2.633,
				-3.597,
				2.8,
				-3.597,
				1,
				2.9,
				-3.597,
				3,
				0.579,
				3.1,
				0.579
			]
		},
		{
			"Target": "Parameter",
			"Id": "Param_Angle_Rotation_8_rr_h",
			"Segments": [
				0,
				-0.25,
				1,
				0.067,
				-0.25,
				0.133,
				-1.865,
				0.2,
				-1.865,
				1,
				0.356,
				-1.865,
				0.511,
				1.205,
				0.667,
				1.205,
				1,
				0.8,
				1.205,
				0.933,
				-0.62,
				1.067,
				-0.62,
				1,
				1.2,
				-0.62,
				1.333,
				1.554,
				1.467,
				1.554,
				1,
				1.611,
				1.554,
				1.756,
				-2.928,
				1.9,
				-2.928,
				1,
				2.056,
				-2.928,
				2.211,
				3.486,
				2.367,
				3.486,
				1,
				2.544,
				3.486,
				2.722,
				-3.286,
				2.9,
				-3.286,
				1,
				2.967,
				-3.286,
				3.033,
				-0.481,
				3.1,
				-0.481
			]
		},
		{
			"Target": "Parameter",
			"Id": "Param_Angle_Rotation_9_rr_h",
			"Segments": [
				0,
				1.269,
				1,
				0.1,
				1.269,
				0.2,
				-2.483,
				0.3,
				-2.483,
				1,
				0.456,
				-2.483,
				0.611,
				1.681,
				0.767,
				1.681,
				1,
				0.889,
				1.681,
				1.011,
				-0.668,
				1.133,
				-0.668,
				1,
				1.267,
				-0.668,
				1.4,
				1.962,
				1.533,
				1.962,
				1,
				1.678,
				1.962,
				1.822,
				-3.402,
				1.967,
				-3.402,
				1,
				2.122,
				-3.402,
				2.278,
				3.743,
				2.433,
				3.743,
				1,
				2.611,
				3.743,
				2.789,
				-3.58,
				2.967,
				-3.58,
				1,
				3.011,
				-3.58,
				3.056,
				-1.886,
				3.1,
				-1.886
			]
		},
		{
			"Target": "Parameter",
			"Id": "Param_Angle_Rotation_10_rr_h",
			"Segments": [
				0,
				2.56,
				1,
				0.133,
				2.56,
				0.267,
				-2.807,
				0.4,
				-2.807,
				1,
				0.544,
				-2.807,
				0.689,
				2.04,
				0.833,
				2.04,
				1,
				0.967,
				2.04,
				1.1,
				-0.956,
				1.233,
				-0.956,
				1,
				1.356,
				-0.956,
				1.478,
				2.248,
				1.6,
				2.248,
				1,
				1.744,
				2.248,
				1.889,
				-3.37,
				2.033,
				-3.37,
				1,
				2.189,
				-3.37,
				2.344,
				3.482,
				2.5,
				3.482,
				1,
				2.667,
				3.482,
				2.833,
				-3.356,
				3,
				-3.356,
				1,
				3.033,
				-3.356,
				3.067,
				-2.604,
				3.1,
				-2.604
			]
		},
		{
			"Target": "Parameter",
			"Id": "Param_Angle_Rotation_11_rr_h",
			"Segments": [
				0,
				2.56,
				1,
				0.133,
				2.56,
				0.267,
				-2.807,
				0.4,
				-2.807,
				1,
				0.544,
				-2.807,
				0.689,
				2.04,
				0.833,
				2.04,
				1,
				0.967,
				2.04,
				1.1,
				-0.956,
				1.233,
				-0.956,
				1,
				1.356,
				-0.956,
				1.478,
				2.248,
				1.6,
				2.248,
				1,
				1.744,
				2.248,
				1.889,
				-3.37,
				2.033,
				-3.37,
				1,
				2.189,
				-3.37,
				2.344,
				3.482,
				2.5,
				3.482,
				1,
				2.667,
				3.482,
				2.833,
				-3.356,
				3,
				-3.356,
				1,
				3.033,
				-3.356,
				3.067,
				-2.604,
				3.1,
				-2.604
			]
		},
		{
			"Target": "Parameter",
			"Id": "Param_Angle_Rotation_1_shadow_m",
			"Segments": [
				0,
				0.042,
				1,
				0.156,
				0.042,
				0.311,
				0.078,
				0.467,
				0.078,
				1,
				0.667,
				0.078,
				0.867,
				-0.278,
				1.067,
				-0.278,
				1,
				1.256,
				-0.278,
				1.444,
				-0.03,
				1.633,
				-0.03,
				1,
				1.867,
				-0.03,
				2.1,
				-0.178,
				2.333,
				-0.178,
				1,
				2.589,
				-0.178,
				2.844,
				-0.058,
				3.1,
				-0.058
			]
		},
		{
			"Target": "Parameter",
			"Id": "Param_Angle_Rotation_2_shadow_m",
			"Segments": [
				0,
				0.042,
				1,
				0.156,
				0.042,
				0.311,
				0.078,
				0.467,
				0.078,
				1,
				0.667,
				0.078,
				0.867,
				-0.278,
				1.067,
				-0.278,
				1,
				1.256,
				-0.278,
				1.444,
				-0.03,
				1.633,
				-0.03,
				1,
				1.867,
				-0.03,
				2.1,
				-0.178,
				2.333,
				-0.178,
				1,
				2.589,
				-0.178,
				2.844,
				-0.058,
				3.1,
				-0.058
			]
		},
		{
			"Target": "Parameter",
			"Id": "Param_Angle_Rotation_3_shadow_m",
			"Segments": [
				0,
				-0.001,
				1,
				0.044,
				-0.001,
				0.089,
				0.003,
				0.133,
				0.003,
				1,
				0.233,
				0.003,
				0.333,
				-0.02,
				0.433,
				-0.02,
				1,
				0.567,
				-0.02,
				0.7,
				0.148,
				0.833,
				0.148,
				1,
				0.989,
				0.148,
				1.144,
				-0.174,
				1.3,
				-0.174,
				1,
				1.467,
				-0.174,
				1.633,
				0.124,
				1.8,
				0.124,
				1,
				1.978,
				0.124,
				2.156,
				-0.058,
				2.333,
				-0.058,
				1,
				2.5,
				-0.058,
				2.667,
				0.02,
				2.833,
				0.02,
				1,
				2.922,
				0.02,
				3.011,
				-0.038,
				3.1,
				-0.038
			]
		},
		{
			"Target": "Parameter",
			"Id": "Param_Angle_Rotation_4_shadow_m",
			"Segments": [
				0,
				-0.065,
				1,
				0.1,
				-0.065,
				0.2,
				0.055,
				0.3,
				0.055,
				1,
				0.4,
				0.055,
				0.5,
				-0.064,
				0.6,
				-0.064,
				1,
				0.733,
				-0.064,
				0.867,
				0.613,
				1,
				0.613,
				1,
				1.156,
				0.613,
				1.311,
				-0.969,
				1.467,
				-0.969,
				1,
				1.633,
				-0.969,
				1.8,
				0.897,
				1.967,
				0.897,
				1,
				2.133,
				0.897,
				2.3,
				-0.572,
				2.467,
				-0.572,
				1,
				2.633,
				-0.572,
				2.8,
				0.277,
				2.967,
				0.277,
				1,
				3.011,
				0.277,
				3.056,
				0.13,
				3.1,
				0.13
			]
		},
		{
			"Target": "Parameter",
			"Id": "Param_Angle_Rotation_5_shadow_m",
			"Segments": [
				0,
				-0.346,
				1,
				0.133,
				-0.346,
				0.267,
				0.211,
				0.4,
				0.211,
				1,
				0.511,
				0.211,
				0.622,
				-0.088,
				0.733,
				-0.088,
				1,
				0.867,
				-0.088,
				1,
				0.768,
				1.133,
				0.768,
				1,
				1.289,
				0.768,
				1.444,
				-1.538,
				1.6,
				-1.538,
				1,
				1.767,
				-1.538,
				1.933,
				1.751,
				2.1,
				1.751,
				1,
				2.267,
				1.751,
				2.433,
				-1.383,
				2.6,
				-1.383,
				1,
				2.756,
				-1.383,
				2.911,
				0.853,
				3.067,
				0.853,
				1,
				3.078,
				0.853,
				3.089,
				0.826,
				3.1,
				0.826
			]
		},
		{
			"Target": "Parameter",
			"Id": "Param_Angle_Rotation_6_shadow_m",
			"Segments": [
				0,
				-0.834,
				1,
				0.156,
				-0.834,
				0.311,
				0.491,
				0.467,
				0.491,
				1,
				0.6,
				0.491,
				0.733,
				-0.24,
				0.867,
				-0.24,
				1,
				1,
				-0.24,
				1.133,
				0.889,
				1.267,
				0.889,
				1,
				1.422,
				0.889,
				1.578,
				-1.901,
				1.733,
				-1.901,
				1,
				1.889,
				-1.901,
				2.044,
				2.414,
				2.2,
				2.414,
				1,
				2.367,
				2.414,
				2.533,
				-2.163,
				2.7,
				-2.163,
				1,
				2.833,
				-2.163,
				2.967,
				1.418,
				3.1,
				1.418
			]
		},
		{
			"Target": "Parameter",
			"Id": "Param_Angle_Rotation_7_shadow_m",
			"Segments": [
				0,
				-0.848,
				1,
				0.044,
				-0.848,
				0.089,
				-1.356,
				0.133,
				-1.356,
				1,
				0.289,
				-1.356,
				0.444,
				0.804,
				0.6,
				0.804,
				1,
				0.722,
				0.804,
				0.844,
				-0.194,
				0.967,
				-0.194,
				1,
				1.1,
				-0.194,
				1.233,
				1.308,
				1.367,
				1.308,
				1,
				1.522,
				1.308,
				1.678,
				-2.686,
				1.833,
				-2.686,
				1,
				1.989,
				-2.686,
				2.144,
				3.268,
				2.3,
				3.268,
				1,
				2.467,
				3.268,
				2.633,
				-2.997,
				2.8,
				-2.997,
				1,
				2.9,
				-2.997,
				3,
				0.482,
				3.1,
				0.482
			]
		},
		{
			"Target": "Parameter",
			"Id": "Param_Angle_Rotation_8_shadow_m",
			"Segments": [
				0,
				-0.25,
				1,
				0.067,
				-0.25,
				0.133,
				-1.865,
				0.2,
				-1.865,
				1,
				0.356,
				-1.865,
				0.511,
				1.205,
				0.667,
				1.205,
				1,
				0.8,
				1.205,
				0.933,
				-0.62,
				1.067,
				-0.62,
				1,
				1.2,
				-0.62,
				1.333,
				1.554,
				1.467,
				1.554,
				1,
				1.611,
				1.554,
				1.756,
				-2.928,
				1.9,
				-2.928,
				1,
				2.056,
				-2.928,
				2.211,
				3.486,
				2.367,
				3.486,
				1,
				2.544,
				3.486,
				2.722,
				-3.286,
				2.9,
				-3.286,
				1,
				2.967,
				-3.286,
				3.033,
				-0.481,
				3.1,
				-0.481
			]
		},
		{
			"Target": "Parameter",
			"Id": "Param_Angle_Rotation_9_shadow_m",
			"Segments": [
				0,
				1.269,
				1,
				0.1,
				1.269,
				0.2,
				-2.483,
				0.3,
				-2.483,
				1,
				0.456,
				-2.483,
				0.611,
				1.681,
				0.767,
				1.681,
				1,
				0.889,
				1.681,
				1.011,
				-0.668,
				1.133,
				-0.668,
				1,
				1.267,
				-0.668,
				1.4,
				1.962,
				1.533,
				1.962,
				1,
				1.678,
				1.962,
				1.822,
				-3.402,
				1.967,
				-3.402,
				1,
				2.122,
				-3.402,
				2.278,
				3.743,
				2.433,
				3.743,
				1,
				2.611,
				3.743,
				2.789,
				-3.58,
				2.967,
				-3.58,
				1,
				3.011,
				-3.58,
				3.056,
				-1.886,
				3.1,
				-1.886
			]
		}
	]
}