{
	"Version": 3,
	"Meta": {
		"Duration": 4.4,
		"Fps": 30.0,
		"Loop": true,
		"AreBeziersRestricted": true,
		"CurveCount": 84,
		"TotalSegmentCount": 742,
		"TotalPointCount": 2270,
		"UserDataCount": 0,
		"TotalUserDataSize": 0
	},
	"Curves": [
		{
			"Target": "Parameter",
			"Id": "ParamAngleX",
			"Segments": [
				0,
				0,
				0,
				0.467,
				0,
				1,
				0.733,
				0,
				1,
				0,
				1.267,
				0,
				1,
				1.433,
				0,
				1.6,
				3.63,
				1.767,
				7,
				1,
				1.933,
				10.37,
				2.1,
				11,
				2.267,
				11,
				1,
				2.422,
				11,
				2.578,
				0.2,
				2.733,
				-1,
				1,
				2.989,
				-2.972,
				3.244,
				-3,
				3.5,
				-3,
				1,
				3.789,
				-3,
				4.078,
				-1,
				4.367,
				-1,
				0,
				4.4,
				-1
			]
		},
		{
			"Target": "Parameter",
			"Id": "ParamAngleY",
			"Segments": [
				0,
				0,
				0,
				0.467,
				0,
				1,
				0.733,
				0,
				1,
				0,
				1.267,
				0,
				1,
				1.433,
				0,
				1.6,
				-15,
				1.767,
				-15,
				1,
				1.933,
				-15,
				2.1,
				-15.243,
				2.267,
				-12,
				1,
				2.422,
				-8.973,
				2.578,
				11,
				2.733,
				11,
				1,
				2.989,
				11,
				3.244,
				6.957,
				3.5,
				6,
				1,
				3.789,
				4.919,
				4.078,
				5,
				4.367,
				5,
				0,
				4.4,
				5
			]
		},
		{
			"Target": "Parameter",
			"Id": "ParamAngleZ",
			"Segments": [
				0,
				0.947,
				0,
				0.033,
				0.947,
				1,
				0.144,
				0.947,
				0.256,
				-0.104,
				0.367,
				-0.104,
				1,
				0.511,
				-0.104,
				0.656,
				6.527,
				0.8,
				6.527,
				1,
				0.967,
				6.527,
				1.133,
				6.527,
				1.3,
				6.527,
				1,
				1.467,
				6.527,
				1.633,
				5.794,
				1.8,
				5.794,
				0,
				4.4,
				5.794
			]
		},
		{
			"Target": "Parameter",
			"Id": "ParamMouthForm",
			"Segments": [
				0,
				0.1,
				0,
				0.3,
				0.1,
				1,
				0.356,
				0.1,
				0.411,
				0.1,
				0.467,
				0.1,
				1,
				0.544,
				0.1,
				0.622,
				0,
				0.7,
				0,
				1,
				0.778,
				0,
				0.856,
				0.6,
				0.933,
				0.6,
				1,
				0.989,
				0.6,
				1.044,
				0.6,
				1.1,
				0.6,
				1,
				1.167,
				0.6,
				1.233,
				0.5,
				1.3,
				0.5,
				1,
				1.322,
				0.5,
				1.344,
				0.6,
				1.367,
				0.6,
				1,
				1.411,
				0.6,
				1.456,
				0.6,
				1.5,
				0.6,
				1,
				1.567,
				0.6,
				1.633,
				0.1,
				1.7,
				0.1,
				1,
				1.778,
				0.1,
				1.856,
				0.1,
				1.933,
				0.1,
				1,
				2.033,
				0.1,
				2.133,
				0.1,
				2.233,
				0.1,
				1,
				2.278,
				0.1,
				2.322,
				-0.8,
				2.367,
				-0.8,
				1,
				2.444,
				-0.8,
				2.522,
				1,
				2.6,
				1,
				1,
				2.644,
				1,
				2.689,
				-1,
				2.733,
				-1,
				1,
				2.778,
				-1,
				2.822,
				0.9,
				2.867,
				0.9,
				1,
				2.911,
				0.9,
				2.956,
				0.891,
				3,
				0.8,
				1,
				3.033,
				0.732,
				3.067,
				0.633,
				3.1,
				0.4,
				1,
				3.189,
				-0.221,
				3.278,
				-0.9,
				3.367,
				-0.9,
				1,
				3.489,
				-0.9,
				3.611,
				-0.5,
				3.733,
				-0.5,
				0,
				4.4,
				-0.5
			]
		},
		{
			"Target": "Parameter",
			"Id": "ParamMouthOpenY",
			"Segments": [
				0,
				0,
				0,
				0.3,
				0,
				1,
				0.356,
				0,
				0.411,
				0.6,
				0.467,
				0.6,
				1,
				0.544,
				0.6,
				0.622,
				0.6,
				0.7,
				0.6,
				1,
				0.778,
				0.6,
				0.856,
				0.527,
				0.933,
				0.3,
				1,
				0.989,
				0.138,
				1.044,
				0,
				1.1,
				0,
				1,
				1.167,
				0,
				1.233,
				0,
				1.3,
				0,
				1,
				1.322,
				0,
				1.344,
				0.156,
				1.367,
				0.2,
				1,
				1.411,
				0.289,
				1.456,
				0.293,
				1.5,
				0.4,
				1,
				1.567,
				0.56,
				1.633,
				0.8,
				1.7,
				0.8,
				1,
				1.778,
				0.8,
				1.856,
				0,
				1.933,
				0,
				1,
				2.033,
				0,
				2.133,
				0,
				2.233,
				0,
				1,
				2.278,
				0,
				2.322,
				0.7,
				2.367,
				0.7,
				1,
				2.444,
				0.7,
				2.522,
				0.482,
				2.6,
				0.3,
				1,
				2.644,
				0.196,
				2.689,
				0.2,
				2.733,
				0.2,
				1,
				2.778,
				0.2,
				2.822,
				0.5,
				2.867,
				0.5,
				1,
				2.911,
				0.5,
				2.956,
				0.2,
				3,
				0.2,
				1,
				3.033,
				0.2,
				3.067,
				0.212,
				3.1,
				0.3,
				1,
				3.189,
				0.535,
				3.278,
				0.7,
				3.367,
				0.7,
				1,
				3.489,
				0.7,
				3.611,
				0,
				3.733,
				0,
				0,
				4.4,
				0
			]
		},
		{
			"Target": "Parameter",
			"Id": "ParamEyeLOpen",
			"Segments": [
				0,
				1,
				1,
				0.067,
				1,
				0.133,
				1,
				0.2,
				1,
				1,
				0.344,
				1,
				0.489,
				0.9,
				0.633,
				0.9,
				1,
				1.011,
				0.9,
				1.389,
				0.9,
				1.767,
				0.9,
				1,
				1.833,
				0.9,
				1.9,
				0.8,
				1.967,
				0.8,
				1,
				2.089,
				0.8,
				2.211,
				0.8,
				2.333,
				0.8,
				1,
				2.4,
				0.8,
				2.467,
				1,
				2.533,
				1,
				0,
				4.4,
				1
			]
		},
		{
			"Target": "Parameter",
			"Id": "ParamEyeROpen",
			"Segments": [
				0,
				1,
				1,
				0.067,
				1,
				0.133,
				1,
				0.2,
				1,
				1,
				0.344,
				1,
				0.489,
				0.9,
				0.633,
				0.9,
				1,
				1.011,
				0.9,
				1.389,
				0.9,
				1.767,
				0.9,
				1,
				1.833,
				0.9,
				1.9,
				0.8,
				1.967,
				0.8,
				1,
				2.089,
				0.8,
				2.211,
				0.8,
				2.333,
				0.8,
				1,
				2.4,
				0.8,
				2.467,
				1,
				2.533,
				1,
				0,
				4.4,
				1
			]
		},
		{
			"Target": "Parameter",
			"Id": "Param8",
			"Segments": [
				0,
				0,
				1,
				0.433,
				0,
				0.867,
				0,
				1.3,
				0,
				1,
				1.556,
				0,
				1.811,
				8.252,
				2.067,
				8.252,
				1,
				2.322,
				8.252,
				2.578,
				-3.369,
				2.833,
				-3.369,
				1,
				2.944,
				-3.369,
				3.056,
				-1.436,
				3.167,
				-1.436,
				1,
				3.289,
				-1.436,
				3.411,
				-2.33,
				3.533,
				-2.33,
				1,
				3.811,
				-2.33,
				4.089,
				-0.577,
				4.367,
				-0.577,
				1,
				4.378,
				-0.577,
				4.389,
				-0.583,
				4.4,
				-0.583
			]
		},
		{
			"Target": "Parameter",
			"Id": "Param9",
			"Segments": [
				0,
				0,
				1,
				0.422,
				0,
				0.844,
				0,
				1.267,
				0,
				1,
				1.467,
				0,
				1.667,
				-12.674,
				1.867,
				-12.674,
				1,
				2.189,
				-12.674,
				2.511,
				10.872,
				2.833,
				10.872,
				1,
				3.289,
				10.872,
				3.744,
				3.458,
				4.2,
				3.458,
				1,
				4.267,
				3.458,
				4.333,
				3.478,
				4.4,
				3.478
			]
		},
		{
			"Target": "Parameter",
			"Id": "Param10",
			"Segments": [
				0,
				0,
				1,
				0.133,
				0,
				0.267,
				0.6,
				0.4,
				0.6,
				1,
				0.733,
				0.6,
				1.067,
				0.6,
				1.4,
				0.6,
				1,
				1.478,
				0.6,
				1.556,
				0.303,
				1.633,
				0.3,
				1,
				1.822,
				0.293,
				2.011,
				0.293,
				2.2,
				0.293,
				1,
				2.267,
				0.293,
				2.333,
				0.693,
				2.4,
				0.693,
				1,
				2.689,
				0.693,
				2.978,
				0.698,
				3.267,
				0.682,
				1,
				3.633,
				0.661,
				4,
				0,
				4.367,
				0,
				0,
				4.4,
				0
			]
		},
		{
			"Target": "Parameter",
			"Id": "Param12",
			"Segments": [
				0,
				0,
				0,
				3.3,
				0,
				1,
				3.467,
				0,
				3.633,
				15,
				3.8,
				15,
				0,
				4.4,
				15
			]
		},
		{
			"Target": "Parameter",
			"Id": "Param13",
			"Segments": [
				0,
				0,
				1,
				0.133,
				0,
				0.267,
				0,
				0.4,
				0,
				1,
				0.711,
				0,
				1.022,
				0,
				1.333,
				0,
				1,
				1.433,
				0,
				1.533,
				18,
				1.633,
				18,
				1,
				1.767,
				18,
				1.9,
				14.922,
				2.033,
				13,
				1,
				2.111,
				11.879,
				2.189,
				12.273,
				2.267,
				11,
				1,
				2.367,
				9.364,
				2.467,
				-19.66,
				2.567,
				-22.132,
				1,
				2.667,
				-24.603,
				2.767,
				-24.407,
				2.867,
				-24.407,
				1,
				2.956,
				-24.407,
				3.044,
				-23.116,
				3.133,
				-20.992,
				1,
				3.389,
				-14.886,
				3.644,
				-12.04,
				3.9,
				-12.04,
				0,
				4.4,
				-12.04
			]
		},
		{
			"Target": "Parameter",
			"Id": "Param2",
			"Segments": [
				0,
				-4.85,
				1,
				0.3,
				-4.85,
				0.6,
				6.071,
				0.9,
				6.071,
				1,
				1.211,
				6.071,
				1.522,
				-4.516,
				1.833,
				-4.516,
				1,
				1.944,
				-4.516,
				2.056,
				-3.054,
				2.167,
				-3.054,
				1,
				2.189,
				-3.054,
				2.211,
				-3.073,
				2.233,
				-3.073,
				1,
				2.444,
				-3.073,
				2.656,
				7.19,
				2.867,
				7.19,
				1,
				3.367,
				7.19,
				3.867,
				-2.062,
				4.367,
				-2.062,
				1,
				4.378,
				-2.062,
				4.389,
				-2.056,
				4.4,
				-2.056
			]
		},
		{
			"Target": "Parameter",
			"Id": "Param3",
			"Segments": [
				0,
				-0.014,
				1,
				0.011,
				-0.014,
				0.022,
				-0.01,
				0.033,
				-0.01,
				1,
				0.233,
				-0.01,
				0.433,
				-1.362,
				0.633,
				-1.362,
				1,
				0.756,
				-1.362,
				0.878,
				2.096,
				1,
				2.096,
				1,
				1.111,
				2.096,
				1.222,
				-0.9,
				1.333,
				-0.9,
				1,
				1.433,
				-0.9,
				1.533,
				1.949,
				1.633,
				1.949,
				1,
				1.744,
				1.949,
				1.856,
				-2.461,
				1.967,
				-2.461,
				1,
				2.067,
				-2.461,
				2.167,
				1.478,
				2.267,
				1.478,
				1,
				2.378,
				1.478,
				2.489,
				-2.865,
				2.6,
				-2.865,
				1,
				2.711,
				-2.865,
				2.822,
				2.745,
				2.933,
				2.745,
				1,
				3.056,
				2.745,
				3.178,
				-1.047,
				3.3,
				-1.047,
				1,
				3.4,
				-1.047,
				3.5,
				0.941,
				3.6,
				0.941,
				1,
				3.722,
				0.941,
				3.844,
				-0.408,
				3.967,
				-0.408,
				1,
				4.067,
				-0.408,
				4.167,
				0.156,
				4.267,
				0.156,
				1,
				4.311,
				0.156,
				4.356,
				-0.071,
				4.4,
				-0.071
			]
		},
		{
			"Target": "Parameter",
			"Id": "ParamEyeBallX",
			"Segments": [
				0,
				0,
				0,
				0.2,
				0,
				1,
				0.556,
				0,
				0.911,
				0,
				1.267,
				0,
				1,
				1.333,
				0,
				1.4,
				0.1,
				1.467,
				0.1,
				1,
				1.556,
				0.1,
				1.644,
				0,
				1.733,
				0,
				1,
				1.789,
				0,
				1.844,
				-0.007,
				1.9,
				0.1,
				1,
				1.956,
				0.207,
				2.011,
				0.5,
				2.067,
				0.5,
				1,
				2.133,
				0.5,
				2.2,
				0.508,
				2.267,
				0.4,
				1,
				2.344,
				0.274,
				2.422,
				0,
				2.5,
				0,
				0,
				4.4,
				0
			]
		},
		{
			"Target": "Parameter",
			"Id": "ParamEyeBallY",
			"Segments": [
				0,
				0,
				0,
				0.2,
				0,
				1,
				0.556,
				0,
				0.911,
				0,
				1.267,
				0,
				1,
				1.333,
				0,
				1.4,
				-0.3,
				1.467,
				-0.3,
				1,
				1.556,
				-0.3,
				1.644,
				0,
				1.733,
				0,
				1,
				1.789,
				0,
				1.844,
				0,
				1.9,
				-0.2,
				1,
				1.956,
				-0.4,
				2.011,
				-0.8,
				2.067,
				-0.8,
				1,
				2.133,
				-0.8,
				2.2,
				-0.821,
				2.267,
				-0.7,
				1,
				2.344,
				-0.559,
				2.422,
				0,
				2.5,
				0,
				0,
				4.4,
				0
			]
		},
		{
			"Target": "Parameter",
			"Id": "ParamBodyAngleX",
			"Segments": [
				0,
				0,
				1,
				0.478,
				0,
				0.956,
				0,
				1.433,
				0,
				1,
				1.667,
				0,
				1.9,
				2.921,
				2.133,
				2.921,
				1,
				2.389,
				2.921,
				2.644,
				-0.967,
				2.9,
				-0.967,
				1,
				3.022,
				-0.967,
				3.144,
				-0.681,
				3.267,
				-0.681,
				1,
				3.367,
				-0.681,
				3.467,
				-0.745,
				3.567,
				-0.745,
				1,
				3.844,
				-0.745,
				4.122,
				-0.2,
				4.4,
				-0.2
			]
		},
		{
			"Target": "Parameter",
			"Id": "ParamBodyAngleY",
			"Segments": [
				0,
				0,
				1,
				0.433,
				0,
				0.867,
				0,
				1.3,
				0,
				1,
				1.489,
				0,
				1.678,
				-5.137,
				1.867,
				-5.137,
				1,
				2.189,
				-5.137,
				2.511,
				4.329,
				2.833,
				4.329,
				1,
				3.289,
				4.329,
				3.744,
				1.444,
				4.2,
				1.444,
				1,
				4.267,
				1.444,
				4.333,
				1.451,
				4.4,
				1.451
			]
		},
		{
			"Target": "Parameter",
			"Id": "ParamBodyAngleZ",
			"Segments": [
				0,
				0.22,
				1,
				0.011,
				0.22,
				0.022,
				0.22,
				0.033,
				0.22,
				1,
				0.156,
				0.22,
				0.278,
				-0.058,
				0.4,
				-0.058,
				1,
				0.578,
				-0.058,
				0.756,
				1.801,
				0.933,
				1.801,
				1,
				1.256,
				1.801,
				1.578,
				1.325,
				1.9,
				1.325,
				1,
				2.056,
				1.325,
				2.211,
				1.352,
				2.367,
				1.352,
				1,
				2.522,
				1.352,
				2.678,
				1.348,
				2.833,
				1.348,
				1,
				2.978,
				1.348,
				3.122,
				1.348,
				3.267,
				1.348,
				1,
				3.278,
				1.348,
				3.289,
				1.348,
				3.3,
				1.348,
				1,
				3.411,
				1.348,
				3.522,
				1.348,
				3.633,
				1.348,
				1,
				3.711,
				1.348,
				3.789,
				1.348,
				3.867,
				1.348,
				1,
				3.878,
				1.348,
				3.889,
				1.348,
				3.9,
				1.348,
				1,
				3.944,
				1.348,
				3.989,
				1.348,
				4.033,
				1.348,
				1,
				4.044,
				1.348,
				4.056,
				1.348,
				4.067,
				1.348,
				1,
				4.133,
				1.348,
				4.2,
				1.348,
				4.267,
				1.348,
				1,
				4.278,
				1.348,
				4.289,
				1.348,
				4.3,
				1.348,
				1,
				4.333,
				1.348,
				4.367,
				1.348,
				4.4,
				1.348
			]
		},
		{
			"Target": "Parameter",
			"Id": "Param6",
			"Segments": [
				0,
				-4.87,
				1,
				0.3,
				-4.87,
				0.6,
				6.761,
				0.9,
				6.761,
				1,
				1.344,
				6.761,
				1.789,
				-0.089,
				2.233,
				-0.089,
				1,
				2.311,
				-0.089,
				2.389,
				0.17,
				2.467,
				0.17,
				1,
				2.511,
				0.17,
				2.556,
				0.125,
				2.6,
				0.125,
				1,
				2.778,
				0.125,
				2.956,
				5.355,
				3.133,
				5.355,
				1,
				3.522,
				5.355,
				3.911,
				-3.861,
				4.3,
				-3.861,
				1,
				4.333,
				-3.861,
				4.367,
				-3.701,
				4.4,
				-3.701
			]
		},
		{
			"Target": "Parameter",
			"Id": "Param7",
			"Segments": [
				0,
				-0.298,
				1,
				0.011,
				-0.298,
				0.022,
				-0.31,
				0.033,
				-0.31,
				1,
				0.078,
				-0.31,
				0.122,
				-0.294,
				0.167,
				-0.294,
				1,
				0.311,
				-0.294,
				0.456,
				-1.199,
				0.6,
				-1.199,
				1,
				0.733,
				-1.199,
				0.867,
				3.365,
				1,
				3.365,
				1,
				1.133,
				3.365,
				1.267,
				-2.924,
				1.4,
				-2.924,
				1,
				1.522,
				-2.924,
				1.644,
				2.286,
				1.767,
				2.286,
				1,
				1.889,
				2.286,
				2.011,
				-1.625,
				2.133,
				-1.625,
				1,
				2.267,
				-1.625,
				2.4,
				0.893,
				2.533,
				0.893,
				1,
				2.656,
				0.893,
				2.778,
				-1.935,
				2.9,
				-1.935,
				1,
				3.022,
				-1.935,
				3.144,
				3.355,
				3.267,
				3.355,
				1,
				3.4,
				3.355,
				3.533,
				-3.003,
				3.667,
				-3.003,
				1,
				3.789,
				-3.003,
				3.911,
				2.453,
				4.033,
				2.453,
				1,
				4.156,
				2.453,
				4.278,
				-2.346,
				4.4,
				-2.346
			]
		},
		{
			"Target": "Parameter",
			"Id": "ParamBreath",
			"Segments": [
				0,
				0,
				1,
				0.356,
				0,
				0.711,
				0.7,
				1.067,
				0.7,
				1,
				1.467,
				0.7,
				1.867,
				0,
				2.267,
				0,
				1,
				2.556,
				0,
				2.844,
				0.7,
				3.133,
				0.7,
				1,
				3.556,
				0.7,
				3.978,
				0,
				4.4,
				0
			]
		},
		{
			"Target": "Parameter",
			"Id": "Param4",
			"Segments": [
				0,
				-2.001,
				1,
				0.311,
				-2.001,
				0.622,
				2.055,
				0.933,
				2.055,
				1,
				1.067,
				2.055,
				1.2,
				1.049,
				1.333,
				1.049,
				1,
				1.378,
				1.049,
				1.422,
				1.179,
				1.467,
				1.179,
				1,
				1.611,
				1.179,
				1.756,
				-2.398,
				1.9,
				-2.398,
				1,
				2.011,
				-2.398,
				2.122,
				-1.121,
				2.233,
				-1.121,
				1,
				2.311,
				-1.121,
				2.389,
				-1.722,
				2.467,
				-1.722,
				1,
				2.622,
				-1.722,
				2.778,
				2.585,
				2.933,
				2.585,
				1,
				3.389,
				2.585,
				3.844,
				-1.627,
				4.3,
				-1.627,
				1,
				4.333,
				-1.627,
				4.367,
				-1.573,
				4.4,
				-1.573
			]
		},
		{
			"Target": "Parameter",
			"Id": "Param5",
			"Segments": [
				0,
				0.029,
				1,
				0.189,
				0.029,
				0.378,
				-0.422,
				0.567,
				-0.422,
				1,
				0.733,
				-0.422,
				0.9,
				0.654,
				1.067,
				0.654,
				1,
				1.189,
				0.654,
				1.311,
				-0.532,
				1.433,
				-0.532,
				1,
				1.544,
				-0.532,
				1.656,
				1.303,
				1.767,
				1.303,
				1,
				1.878,
				1.303,
				1.989,
				-1.581,
				2.1,
				-1.581,
				1,
				2.211,
				-1.581,
				2.322,
				1.1,
				2.433,
				1.1,
				1,
				2.544,
				1.1,
				2.656,
				-1.722,
				2.767,
				-1.722,
				1,
				2.889,
				-1.722,
				3.011,
				1.794,
				3.133,
				1.794,
				1,
				3.256,
				1.794,
				3.378,
				-1.024,
				3.5,
				-1.024,
				1,
				3.622,
				-1.024,
				3.744,
				0.799,
				3.867,
				0.799,
				1,
				4,
				0.799,
				4.133,
				-0.505,
				4.267,
				-0.505,
				1,
				4.311,
				-0.505,
				4.356,
				-0.334,
				4.4,
				-0.334
			]
		},
		{
			"Target": "Parameter",
			"Id": "Param_Angle_Rotation_1_m_h",
			"Segments": [
				0,
				-0.097,
				1,
				0.011,
				-0.097,
				0.022,
				-0.097,
				0.033,
				-0.097,
				1,
				0.344,
				-0.097,
				0.656,
				0.17,
				0.967,
				0.17,
				1,
				1.267,
				0.17,
				1.567,
				-0.127,
				1.867,
				-0.127,
				1,
				2.233,
				-0.127,
				2.6,
				0.187,
				2.967,
				0.187,
				1,
				3.444,
				0.187,
				3.922,
				-0.048,
				4.4,
				-0.048
			]
		},
		{
			"Target": "Parameter",
			"Id": "Param_Angle_Rotation_2_m_h",
			"Segments": [
				0,
				0.001,
				1,
				0.233,
				0.001,
				0.467,
				-0.07,
				0.7,
				-0.07,
				1,
				0.878,
				-0.07,
				1.056,
				0.084,
				1.233,
				0.084,
				1,
				1.511,
				0.084,
				1.789,
				-0.045,
				2.067,
				-0.045,
				1,
				2.178,
				-0.045,
				2.289,
				-0.007,
				2.4,
				-0.007,
				1,
				2.511,
				-0.007,
				2.622,
				-0.056,
				2.733,
				-0.056,
				1,
				2.911,
				-0.056,
				3.089,
				0.068,
				3.267,
				0.068,
				1,
				3.433,
				0.068,
				3.6,
				-0.023,
				3.767,
				-0.023,
				1,
				3.922,
				-0.023,
				4.078,
				0.023,
				4.233,
				0.023,
				1,
				4.289,
				0.023,
				4.344,
				0.011,
				4.4,
				0.011
			]
		},
		{
			"Target": "Parameter",
			"Id": "Param_Angle_Rotation_3_m_h",
			"Segments": [
				0,
				0.022,
				1,
				0.289,
				0.022,
				0.578,
				-0.199,
				0.867,
				-0.199,
				1,
				1.044,
				-0.199,
				1.222,
				0.343,
				1.4,
				0.343,
				1,
				1.633,
				0.343,
				1.867,
				-0.146,
				2.1,
				-0.146,
				1,
				2.256,
				-0.146,
				2.411,
				0.014,
				2.567,
				0.014,
				1,
				2.689,
				0.014,
				2.811,
				-0.155,
				2.933,
				-0.155,
				1,
				3.089,
				-0.155,
				3.244,
				0.285,
				3.4,
				0.285,
				1,
				3.578,
				0.285,
				3.756,
				-0.18,
				3.933,
				-0.18,
				1,
				4.089,
				-0.18,
				4.244,
				0.135,
				4.4,
				0.135
			]
		},
		{
			"Target": "Parameter",
			"Id": "Param_Angle_Rotation_4_m_h",
			"Segments": [
				0,
				0.115,
				1,
				0.322,
				0.115,
				0.644,
				-0.227,
				0.967,
				-0.227,
				1,
				1.144,
				-0.227,
				1.322,
				0.565,
				1.5,
				0.565,
				1,
				1.678,
				0.565,
				1.856,
				-0.39,
				2.033,
				-0.39,
				1,
				2.233,
				-0.39,
				2.433,
				0.073,
				2.633,
				0.073,
				1,
				2.778,
				0.073,
				2.922,
				-0.216,
				3.067,
				-0.216,
				1,
				3.222,
				-0.216,
				3.378,
				0.487,
				3.533,
				0.487,
				1,
				3.7,
				0.487,
				3.867,
				-0.436,
				4.033,
				-0.436,
				1,
				4.156,
				-0.436,
				4.278,
				0.25,
				4.4,
				0.25
			]
		},
		{
			"Target": "Parameter",
			"Id": "Param_Angle_Rotation_5_m_h",
			"Segments": [
				0,
				0.325,
				1,
				0.167,
				0.325,
				0.333,
				-0.217,
				0.5,
				-0.217,
				1,
				0.6,
				-0.217,
				0.7,
				-0.119,
				0.8,
				-0.119,
				1,
				0.9,
				-0.119,
				1,
				-0.259,
				1.1,
				-0.259,
				1,
				1.278,
				-0.259,
				1.456,
				0.828,
				1.633,
				0.828,
				1,
				1.8,
				0.828,
				1.967,
				-0.765,
				2.133,
				-0.765,
				1,
				2.289,
				-0.765,
				2.444,
				0.262,
				2.6,
				0.262,
				1,
				2.789,
				0.262,
				2.978,
				-0.324,
				3.167,
				-0.324,
				1,
				3.333,
				-0.324,
				3.5,
				0.749,
				3.667,
				0.749,
				1,
				3.822,
				0.749,
				3.978,
				-0.812,
				4.133,
				-0.812,
				1,
				4.222,
				-0.812,
				4.311,
				0.083,
				4.4,
				0.083
			]
		},
		{
			"Target": "Parameter",
			"Id": "Param_Angle_Rotation_6_m_h",
			"Segments": [
				0,
				0.306,
				1,
				0.044,
				0.306,
				0.089,
				0.547,
				0.133,
				0.547,
				1,
				0.3,
				0.547,
				0.467,
				-0.436,
				0.633,
				-0.436,
				1,
				0.733,
				-0.436,
				0.833,
				-0.32,
				0.933,
				-0.32,
				1,
				1.022,
				-0.32,
				1.111,
				-0.448,
				1.2,
				-0.448,
				1,
				1.378,
				-0.448,
				1.556,
				1.372,
				1.733,
				1.372,
				1,
				1.911,
				1.372,
				2.089,
				-1.201,
				2.267,
				-1.201,
				1,
				2.422,
				-1.201,
				2.578,
				0.316,
				2.733,
				0.316,
				1,
				2.9,
				0.316,
				3.067,
				-0.509,
				3.233,
				-0.509,
				1,
				3.411,
				-0.509,
				3.589,
				1.199,
				3.767,
				1.199,
				1,
				3.933,
				1.199,
				4.1,
				-1.213,
				4.267,
				-1.213,
				1,
				4.311,
				-1.213,
				4.356,
				-0.816,
				4.4,
				-0.816
			]
		},
		{
			"Target": "Parameter",
			"Id": "Param_Angle_Rotation_7_m_h",
			"Segments": [
				0,
				0.034,
				1,
				0.067,
				0.034,
				0.133,
				0.66,
				0.2,
				0.66,
				1,
				0.356,
				0.66,
				0.511,
				-0.45,
				0.667,
				-0.45,
				1,
				0.789,
				-0.45,
				0.911,
				-0.102,
				1.033,
				-0.102,
				1,
				1.133,
				-0.102,
				1.233,
				-0.381,
				1.333,
				-0.381,
				1,
				1.5,
				-0.381,
				1.667,
				1.17,
				1.833,
				1.17,
				1,
				2,
				1.17,
				2.167,
				-1.167,
				2.333,
				-1.167,
				1,
				2.489,
				-1.167,
				2.644,
				0.553,
				2.8,
				0.553,
				1,
				2.956,
				0.553,
				3.111,
				-0.517,
				3.267,
				-0.517,
				1,
				3.467,
				-0.517,
				3.667,
				1.05,
				3.867,
				1.05,
				1,
				4.033,
				1.05,
				4.2,
				-1.232,
				4.367,
				-1.232,
				1,
				4.378,
				-1.232,
				4.389,
				-1.185,
				4.4,
				-1.185
			]
		},
		{
			"Target": "Parameter",
			"Id": "Param_Angle_Rotation_8_m_h",
			"Segments": [
				0,
				-0.819,
				1,
				0.1,
				-0.819,
				0.2,
				1.154,
				0.3,
				1.154,
				1,
				0.456,
				1.154,
				0.611,
				-0.864,
				0.767,
				-0.864,
				1,
				0.889,
				-0.864,
				1.011,
				-0.271,
				1.133,
				-0.271,
				1,
				1.222,
				-0.271,
				1.311,
				-0.585,
				1.4,
				-0.585,
				1,
				1.567,
				-0.585,
				1.733,
				1.947,
				1.9,
				1.947,
				1,
				2.078,
				1.947,
				2.256,
				-1.935,
				2.433,
				-1.935,
				1,
				2.589,
				-1.935,
				2.744,
				0.85,
				2.9,
				0.85,
				1,
				3.044,
				0.85,
				3.189,
				-0.9,
				3.333,
				-0.9,
				1,
				3.533,
				-0.9,
				3.733,
				1.706,
				3.933,
				1.706,
				1,
				4.089,
				1.706,
				4.244,
				-1.883,
				4.4,
				-1.883
			]
		},
		{
			"Target": "Parameter",
			"Id": "Param_Angle_Rotation_9_m_h",
			"Segments": [
				0,
				-1.764,
				1,
				0.133,
				-1.764,
				0.267,
				1.484,
				0.4,
				1.484,
				1,
				0.556,
				1.484,
				0.711,
				-1.077,
				0.867,
				-1.077,
				1,
				0.978,
				-1.077,
				1.089,
				-0.22,
				1.2,
				-0.22,
				1,
				1.3,
				-0.22,
				1.4,
				-0.682,
				1.5,
				-0.682,
				1,
				1.656,
				-0.682,
				1.811,
				2.119,
				1.967,
				2.119,
				1,
				2.144,
				2.119,
				2.322,
				-2.167,
				2.5,
				-2.167,
				1,
				2.667,
				-2.167,
				2.833,
				1.127,
				3,
				1.127,
				1,
				3.144,
				1.127,
				3.289,
				-1.161,
				3.433,
				-1.161,
				1,
				3.633,
				-1.161,
				3.833,
				1.885,
				4.033,
				1.885,
				1,
				4.156,
				1.885,
				4.278,
				-1.39,
				4.4,
				-1.39
			]
		},
		{
			"Target": "Parameter",
			"Id": "Param_Angle_Rotation_1_l_m_h",
			"Segments": [
				0,
				-0.097,
				1,
				0.011,
				-0.097,
				0.022,
				-0.097,
				0.033,
				-0.097,
				1,
				0.344,
				-0.097,
				0.656,
				0.17,
				0.967,
				0.17,
				1,
				1.267,
				0.17,
				1.567,
				-0.127,
				1.867,
				-0.127,
				1,
				2.233,
				-0.127,
				2.6,
				0.187,
				2.967,
				0.187,
				1,
				3.444,
				0.187,
				3.922,
				-0.048,
				4.4,
				-0.048
			]
		},
		{
			"Target": "Parameter",
			"Id": "Param_Angle_Rotation_2_l_m_h",
			"Segments": [
				0,
				-0.097,
				1,
				0.011,
				-0.097,
				0.022,
				-0.097,
				0.033,
				-0.097,
				1,
				0.344,
				-0.097,
				0.656,
				0.17,
				0.967,
				0.17,
				1,
				1.267,
				0.17,
				1.567,
				-0.127,
				1.867,
				-0.127,
				1,
				2.233,
				-0.127,
				2.6,
				0.187,
				2.967,
				0.187,
				1,
				3.444,
				0.187,
				3.922,
				-0.048,
				4.4,
				-0.048
			]
		},
		{
			"Target": "Parameter",
			"Id": "Param_Angle_Rotation_3_l_m_h",
			"Segments": [
				0,
				0.001,
				1,
				0.233,
				0.001,
				0.467,
				-0.07,
				0.7,
				-0.07,
				1,
				0.878,
				-0.07,
				1.056,
				0.084,
				1.233,
				0.084,
				1,
				1.511,
				0.084,
				1.789,
				-0.045,
				2.067,
				-0.045,
				1,
				2.178,
				-0.045,
				2.289,
				-0.007,
				2.4,
				-0.007,
				1,
				2.511,
				-0.007,
				2.622,
				-0.056,
				2.733,
				-0.056,
				1,
				2.911,
				-0.056,
				3.089,
				0.068,
				3.267,
				0.068,
				1,
				3.433,
				0.068,
				3.6,
				-0.023,
				3.767,
				-0.023,
				1,
				3.922,
				-0.023,
				4.078,
				0.023,
				4.233,
				0.023,
				1,
				4.289,
				0.023,
				4.344,
				0.011,
				4.4,
				0.011
			]
		},
		{
			"Target": "Parameter",
			"Id": "Param_Angle_Rotation_4_l_m_h",
			"Segments": [
				0,
				0.022,
				1,
				0.289,
				0.022,
				0.578,
				-0.199,
				0.867,
				-0.199,
				1,
				1.044,
				-0.199,
				1.222,
				0.343,
				1.4,
				0.343,
				1,
				1.633,
				0.343,
				1.867,
				-0.146,
				2.1,
				-0.146,
				1,
				2.256,
				-0.146,
				2.411,
				0.014,
				2.567,
				0.014,
				1,
				2.689,
				0.014,
				2.811,
				-0.155,
				2.933,
				-0.155,
				1,
				3.089,
				-0.155,
				3.244,
				0.285,
				3.4,
				0.285,
				1,
				3.578,
				0.285,
				3.756,
				-0.18,
				3.933,
				-0.18,
				1,
				4.089,
				-0.18,
				4.244,
				0.135,
				4.4,
				0.135
			]
		},
		{
			"Target": "Parameter",
			"Id": "Param_Angle_Rotation_5_l_m_h",
			"Segments": [
				0,
				0.115,
				1,
				0.322,
				0.115,
				0.644,
				-0.227,
				0.967,
				-0.227,
				1,
				1.144,
				-0.227,
				1.322,
				0.565,
				1.5,
				0.565,
				1,
				1.678,
				0.565,
				1.856,
				-0.39,
				2.033,
				-0.39,
				1,
				2.233,
				-0.39,
				2.433,
				0.073,
				2.633,
				0.073,
				1,
				2.778,
				0.073,
				2.922,
				-0.216,
				3.067,
				-0.216,
				1,
				3.222,
				-0.216,
				3.378,
				0.487,
				3.533,
				0.487,
				1,
				3.7,
				0.487,
				3.867,
				-0.436,
				4.033,
				-0.436,
				1,
				4.156,
				-0.436,
				4.278,
				0.25,
				4.4,
				0.25
			]
		},
		{
			"Target": "Parameter",
			"Id": "Param_Angle_Rotation_6_l_m_h",
			"Segments": [
				0,
				0.325,
				1,
				0.167,
				0.325,
				0.333,
				-0.217,
				0.5,
				-0.217,
				1,
				0.6,
				-0.217,
				0.7,
				-0.119,
				0.8,
				-0.119,
				1,
				0.9,
				-0.119,
				1,
				-0.259,
				1.1,
				-0.259,
				1,
				1.278,
				-0.259,
				1.456,
				0.828,
				1.633,
				0.828,
				1,
				1.8,
				0.828,
				1.967,
				-0.765,
				2.133,
				-0.765,
				1,
				2.289,
				-0.765,
				2.444,
				0.262,
				2.6,
				0.262,
				1,
				2.789,
				0.262,
				2.978,
				-0.324,
				3.167,
				-0.324,
				1,
				3.333,
				-0.324,
				3.5,
				0.749,
				3.667,
				0.749,
				1,
				3.822,
				0.749,
				3.978,
				-0.812,
				4.133,
				-0.812,
				1,
				4.222,
				-0.812,
				4.311,
				0.083,
				4.4,
				0.083
			]
		},
		{
			"Target": "Parameter",
			"Id": "Param_Angle_Rotation_7_l_m_h",
			"Segments": [
				0,
				0.306,
				1,
				0.044,
				0.306,
				0.089,
				0.547,
				0.133,
				0.547,
				1,
				0.3,
				0.547,
				0.467,
				-0.436,
				0.633,
				-0.436,
				1,
				0.733,
				-0.436,
				0.833,
				-0.32,
				0.933,
				-0.32,
				1,
				1.022,
				-0.32,
				1.111,
				-0.448,
				1.2,
				-0.448,
				1,
				1.378,
				-0.448,
				1.556,
				1.372,
				1.733,
				1.372,
				1,
				1.911,
				1.372,
				2.089,
				-1.201,
				2.267,
				-1.201,
				1,
				2.422,
				-1.201,
				2.578,
				0.316,
				2.733,
				0.316,
				1,
				2.9,
				0.316,
				3.067,
				-0.509,
				3.233,
				-0.509,
				1,
				3.411,
				-0.509,
				3.589,
				1.199,
				3.767,
				1.199,
				1,
				3.933,
				1.199,
				4.1,
				-1.213,
				4.267,
				-1.213,
				1,
				4.311,
				-1.213,
				4.356,
				-0.816,
				4.4,
				-0.816
			]
		},
		{
			"Target": "Parameter",
			"Id": "Param_Angle_Rotation_8_l_m_h",
			"Segments": [
				0,
				0.041,
				1,
				0.067,
				0.041,
				0.133,
				0.792,
				0.2,
				0.792,
				1,
				0.356,
				0.792,
				0.511,
				-0.54,
				0.667,
				-0.54,
				1,
				0.789,
				-0.54,
				0.911,
				-0.122,
				1.033,
				-0.122,
				1,
				1.133,
				-0.122,
				1.233,
				-0.457,
				1.333,
				-0.457,
				1,
				1.5,
				-0.457,
				1.667,
				1.404,
				1.833,
				1.404,
				1,
				2,
				1.404,
				2.167,
				-1.401,
				2.333,
				-1.401,
				1,
				2.489,
				-1.401,
				2.644,
				0.663,
				2.8,
				0.663,
				1,
				2.956,
				0.663,
				3.111,
				-0.62,
				3.267,
				-0.62,
				1,
				3.467,
				-0.62,
				3.667,
				1.26,
				3.867,
				1.26,
				1,
				4.033,
				1.26,
				4.2,
				-1.479,
				4.367,
				-1.479,
				1,
				4.378,
				-1.479,
				4.389,
				-1.422,
				4.4,
				-1.422
			]
		},
		{
			"Target": "Parameter",
			"Id": "Param_Angle_Rotation_9_l_m_h",
			"Segments": [
				0,
				-0.819,
				1,
				0.1,
				-0.819,
				0.2,
				1.154,
				0.3,
				1.154,
				1,
				0.456,
				1.154,
				0.611,
				-0.864,
				0.767,
				-0.864,
				1,
				0.889,
				-0.864,
				1.011,
				-0.271,
				1.133,
				-0.271,
				1,
				1.222,
				-0.271,
				1.311,
				-0.585,
				1.4,
				-0.585,
				1,
				1.567,
				-0.585,
				1.733,
				1.947,
				1.9,
				1.947,
				1,
				2.078,
				1.947,
				2.256,
				-1.935,
				2.433,
				-1.935,
				1,
				2.589,
				-1.935,
				2.744,
				0.85,
				2.9,
				0.85,
				1,
				3.044,
				0.85,
				3.189,
				-0.9,
				3.333,
				-0.9,
				1,
				3.533,
				-0.9,
				3.733,
				1.706,
				3.933,
				1.706,
				1,
				4.089,
				1.706,
				4.244,
				-1.883,
				4.4,
				-1.883
			]
		},
		{
			"Target": "Parameter",
			"Id": "Param_Angle_Rotation_1_r_r_h",
			"Segments": [
				0,
				-0.097,
				1,
				0.011,
				-0.097,
				0.022,
				-0.097,
				0.033,
				-0.097,
				1,
				0.344,
				-0.097,
				0.656,
				0.17,
				0.967,
				0.17,
				1,
				1.267,
				0.17,
				1.567,
				-0.127,
				1.867,
				-0.127,
				1,
				2.233,
				-0.127,
				2.6,
				0.187,
				2.967,
				0.187,
				1,
				3.444,
				0.187,
				3.922,
				-0.048,
				4.4,
				-0.048
			]
		},
		{
			"Target": "Parameter",
			"Id": "Param_Angle_Rotation_2_r_r_h",
			"Segments": [
				0,
				-0.097,
				1,
				0.011,
				-0.097,
				0.022,
				-0.097,
				0.033,
				-0.097,
				1,
				0.344,
				-0.097,
				0.656,
				0.17,
				0.967,
				0.17,
				1,
				1.267,
				0.17,
				1.567,
				-0.127,
				1.867,
				-0.127,
				1,
				2.233,
				-0.127,
				2.6,
				0.187,
				2.967,
				0.187,
				1,
				3.444,
				0.187,
				3.922,
				-0.048,
				4.4,
				-0.048
			]
		},
		{
			"Target": "Parameter",
			"Id": "Param_Angle_Rotation_3_r_r_h",
			"Segments": [
				0,
				-0.194,
				1,
				0.011,
				-0.194,
				0.022,
				-0.194,
				0.033,
				-0.194,
				1,
				0.344,
				-0.194,
				0.656,
				0.341,
				0.967,
				0.341,
				1,
				1.267,
				0.341,
				1.567,
				-0.254,
				1.867,
				-0.254,
				1,
				2.233,
				-0.254,
				2.6,
				0.374,
				2.967,
				0.374,
				1,
				3.444,
				0.374,
				3.922,
				-0.096,
				4.4,
				-0.096
			]
		},
		{
			"Target": "Parameter",
			"Id": "Param_Angle_Rotation_4_r_r_h",
			"Segments": [
				0,
				0.002,
				1,
				0.233,
				0.002,
				0.467,
				-0.211,
				0.7,
				-0.211,
				1,
				0.878,
				-0.211,
				1.056,
				0.251,
				1.233,
				0.251,
				1,
				1.511,
				0.251,
				1.789,
				-0.135,
				2.067,
				-0.135,
				1,
				2.178,
				-0.135,
				2.289,
				-0.021,
				2.4,
				-0.021,
				1,
				2.511,
				-0.021,
				2.622,
				-0.169,
				2.733,
				-0.169,
				1,
				2.911,
				-0.169,
				3.089,
				0.203,
				3.267,
				0.203,
				1,
				3.433,
				0.203,
				3.6,
				-0.069,
				3.767,
				-0.069,
				1,
				3.922,
				-0.069,
				4.078,
				0.068,
				4.233,
				0.068,
				1,
				4.289,
				0.068,
				4.344,
				0.033,
				4.4,
				0.033
			]
		},
		{
			"Target": "Parameter",
			"Id": "Param_Angle_Rotation_5_r_r_h",
			"Segments": [
				0,
				0.03,
				1,
				0.289,
				0.03,
				0.578,
				-0.265,
				0.867,
				-0.265,
				1,
				1.044,
				-0.265,
				1.222,
				0.457,
				1.4,
				0.457,
				1,
				1.633,
				0.457,
				1.867,
				-0.194,
				2.1,
				-0.194,
				1,
				2.256,
				-0.194,
				2.411,
				0.019,
				2.567,
				0.019,
				1,
				2.689,
				0.019,
				2.811,
				-0.207,
				2.933,
				-0.207,
				1,
				3.089,
				-0.207,
				3.244,
				0.38,
				3.4,
				0.38,
				1,
				3.578,
				0.38,
				3.756,
				-0.24,
				3.933,
				-0.24,
				1,
				4.089,
				-0.24,
				4.244,
				0.18,
				4.4,
				0.18
			]
		},
		{
			"Target": "Parameter",
			"Id": "Param_Angle_Rotation_6_r_r_h",
			"Segments": [
				0,
				0.143,
				1,
				0.322,
				0.143,
				0.644,
				-0.283,
				0.967,
				-0.283,
				1,
				1.144,
				-0.283,
				1.322,
				0.706,
				1.5,
				0.706,
				1,
				1.678,
				0.706,
				1.856,
				-0.488,
				2.033,
				-0.488,
				1,
				2.233,
				-0.488,
				2.433,
				0.091,
				2.633,
				0.091,
				1,
				2.778,
				0.091,
				2.922,
				-0.27,
				3.067,
				-0.27,
				1,
				3.222,
				-0.27,
				3.378,
				0.609,
				3.533,
				0.609,
				1,
				3.7,
				0.609,
				3.867,
				-0.545,
				4.033,
				-0.545,
				1,
				4.156,
				-0.545,
				4.278,
				0.313,
				4.4,
				0.313
			]
		},
		{
			"Target": "Parameter",
			"Id": "Param_Angle_Rotation_7_r_r_h",
			"Segments": [
				0,
				0.325,
				1,
				0.167,
				0.325,
				0.333,
				-0.217,
				0.5,
				-0.217,
				1,
				0.6,
				-0.217,
				0.7,
				-0.119,
				0.8,
				-0.119,
				1,
				0.9,
				-0.119,
				1,
				-0.259,
				1.1,
				-0.259,
				1,
				1.278,
				-0.259,
				1.456,
				0.828,
				1.633,
				0.828,
				1,
				1.8,
				0.828,
				1.967,
				-0.765,
				2.133,
				-0.765,
				1,
				2.289,
				-0.765,
				2.444,
				0.262,
				2.6,
				0.262,
				1,
				2.789,
				0.262,
				2.978,
				-0.324,
				3.167,
				-0.324,
				1,
				3.333,
				-0.324,
				3.5,
				0.749,
				3.667,
				0.749,
				1,
				3.822,
				0.749,
				3.978,
				-0.812,
				4.133,
				-0.812,
				1,
				4.222,
				-0.812,
				4.311,
				0.083,
				4.4,
				0.083
			]
		},
		{
			"Target": "Parameter",
			"Id": "Param_Angle_Rotation_8_r_r_h",
			"Segments": [
				0,
				0.306,
				1,
				0.044,
				0.306,
				0.089,
				0.547,
				0.133,
				0.547,
				1,
				0.3,
				0.547,
				0.467,
				-0.436,
				0.633,
				-0.436,
				1,
				0.733,
				-0.436,
				0.833,
				-0.32,
				0.933,
				-0.32,
				1,
				1.022,
				-0.32,
				1.111,
				-0.448,
				1.2,
				-0.448,
				1,
				1.378,
				-0.448,
				1.556,
				1.372,
				1.733,
				1.372,
				1,
				1.911,
				1.372,
				2.089,
				-1.201,
				2.267,
				-1.201,
				1,
				2.422,
				-1.201,
				2.578,
				0.316,
				2.733,
				0.316,
				1,
				2.9,
				0.316,
				3.067,
				-0.509,
				3.233,
				-0.509,
				1,
				3.411,
				-0.509,
				3.589,
				1.199,
				3.767,
				1.199,
				1,
				3.933,
				1.199,
				4.1,
				-1.213,
				4.267,
				-1.213,
				1,
				4.311,
				-1.213,
				4.356,
				-0.816,
				4.4,
				-0.816
			]
		},
		{
			"Target": "Parameter",
			"Id": "Param_Angle_Rotation_9_r_r_h",
			"Segments": [
				0,
				0.041,
				1,
				0.067,
				0.041,
				0.133,
				0.792,
				0.2,
				0.792,
				1,
				0.356,
				0.792,
				0.511,
				-0.54,
				0.667,
				-0.54,
				1,
				0.789,
				-0.54,
				0.911,
				-0.122,
				1.033,
				-0.122,
				1,
				1.133,
				-0.122,
				1.233,
				-0.457,
				1.333,
				-0.457,
				1,
				1.5,
				-0.457,
				1.667,
				1.404,
				1.833,
				1.404,
				1,
				2,
				1.404,
				2.167,
				-1.401,
				2.333,
				-1.401,
				1,
				2.489,
				-1.401,
				2.644,
				0.663,
				2.8,
				0.663,
				1,
				2.956,
				0.663,
				3.111,
				-0.62,
				3.267,
				-0.62,
				1,
				3.467,
				-0.62,
				3.667,
				1.26,
				3.867,
				1.26,
				1,
				4.033,
				1.26,
				4.2,
				-1.479,
				4.367,
				-1.479,
				1,
				4.378,
				-1.479,
				4.389,
				-1.422,
				4.4,
				-1.422
			]
		},
		{
			"Target": "Parameter",
			"Id": "Param_Angle_Rotation_10_r_r_h",
			"Segments": [
				0,
				-0.819,
				1,
				0.1,
				-0.819,
				0.2,
				1.154,
				0.3,
				1.154,
				1,
				0.456,
				1.154,
				0.611,
				-0.864,
				0.767,
				-0.864,
				1,
				0.889,
				-0.864,
				1.011,
				-0.271,
				1.133,
				-0.271,
				1,
				1.222,
				-0.271,
				1.311,
				-0.585,
				1.4,
				-0.585,
				1,
				1.567,
				-0.585,
				1.733,
				1.947,
				1.9,
				1.947,
				1,
				2.078,
				1.947,
				2.256,
				-1.935,
				2.433,
				-1.935,
				1,
				2.589,
				-1.935,
				2.744,
				0.85,
				2.9,
				0.85,
				1,
				3.044,
				0.85,
				3.189,
				-0.9,
				3.333,
				-0.9,
				1,
				3.533,
				-0.9,
				3.733,
				1.706,
				3.933,
				1.706,
				1,
				4.089,
				1.706,
				4.244,
				-1.883,
				4.4,
				-1.883
			]
		},
		{
			"Target": "Parameter",
			"Id": "Param_Angle_Rotation_11_r_r_h",
			"Segments": [
				0,
				-1.764,
				1,
				0.133,
				-1.764,
				0.267,
				1.484,
				0.4,
				1.484,
				1,
				0.556,
				1.484,
				0.711,
				-1.077,
				0.867,
				-1.077,
				1,
				0.978,
				-1.077,
				1.089,
				-0.22,
				1.2,
				-0.22,
				1,
				1.3,
				-0.22,
				1.4,
				-0.682,
				1.5,
				-0.682,
				1,
				1.656,
				-0.682,
				1.811,
				2.119,
				1.967,
				2.119,
				1,
				2.144,
				2.119,
				2.322,
				-2.167,
				2.5,
				-2.167,
				1,
				2.667,
				-2.167,
				2.833,
				1.127,
				3,
				1.127,
				1,
				3.144,
				1.127,
				3.289,
				-1.161,
				3.433,
				-1.161,
				1,
				3.633,
				-1.161,
				3.833,
				1.885,
				4.033,
				1.885,
				1,
				4.156,
				1.885,
				4.278,
				-1.39,
				4.4,
				-1.39
			]
		},
		{
			"Target": "Parameter",
			"Id": "Param_Angle_Rotation_1_l_l_h",
			"Segments": [
				0,
				-0.097,
				1,
				0.011,
				-0.097,
				0.022,
				-0.097,
				0.033,
				-0.097,
				1,
				0.344,
				-0.097,
				0.656,
				0.17,
				0.967,
				0.17,
				1,
				1.267,
				0.17,
				1.567,
				-0.127,
				1.867,
				-0.127,
				1,
				2.233,
				-0.127,
				2.6,
				0.187,
				2.967,
				0.187,
				1,
				3.444,
				0.187,
				3.922,
				-0.048,
				4.4,
				-0.048
			]
		},
		{
			"Target": "Parameter",
			"Id": "Param_Angle_Rotation_2_l_l_h",
			"Segments": [
				0,
				-0.097,
				1,
				0.011,
				-0.097,
				0.022,
				-0.097,
				0.033,
				-0.097,
				1,
				0.344,
				-0.097,
				0.656,
				0.17,
				0.967,
				0.17,
				1,
				1.267,
				0.17,
				1.567,
				-0.127,
				1.867,
				-0.127,
				1,
				2.233,
				-0.127,
				2.6,
				0.187,
				2.967,
				0.187,
				1,
				3.444,
				0.187,
				3.922,
				-0.048,
				4.4,
				-0.048
			]
		},
		{
			"Target": "Parameter",
			"Id": "Param_Angle_Rotation_3_l_l_h",
			"Segments": [
				0,
				0.001,
				1,
				0.233,
				0.001,
				0.467,
				-0.07,
				0.7,
				-0.07,
				1,
				0.878,
				-0.07,
				1.056,
				0.084,
				1.233,
				0.084,
				1,
				1.511,
				0.084,
				1.789,
				-0.045,
				2.067,
				-0.045,
				1,
				2.178,
				-0.045,
				2.289,
				-0.007,
				2.4,
				-0.007,
				1,
				2.511,
				-0.007,
				2.622,
				-0.056,
				2.733,
				-0.056,
				1,
				2.911,
				-0.056,
				3.089,
				0.068,
				3.267,
				0.068,
				1,
				3.433,
				0.068,
				3.6,
				-0.023,
				3.767,
				-0.023,
				1,
				3.922,
				-0.023,
				4.078,
				0.023,
				4.233,
				0.023,
				1,
				4.289,
				0.023,
				4.344,
				0.011,
				4.4,
				0.011
			]
		},
		{
			"Target": "Parameter",
			"Id": "Param_Angle_Rotation_4_l_l_h",
			"Segments": [
				0,
				0.022,
				1,
				0.289,
				0.022,
				0.578,
				-0.199,
				0.867,
				-0.199,
				1,
				1.044,
				-0.199,
				1.222,
				0.343,
				1.4,
				0.343,
				1,
				1.633,
				0.343,
				1.867,
				-0.146,
				2.1,
				-0.146,
				1,
				2.256,
				-0.146,
				2.411,
				0.014,
				2.567,
				0.014,
				1,
				2.689,
				0.014,
				2.811,
				-0.155,
				2.933,
				-0.155,
				1,
				3.089,
				-0.155,
				3.244,
				0.285,
				3.4,
				0.285,
				1,
				3.578,
				0.285,
				3.756,
				-0.18,
				3.933,
				-0.18,
				1,
				4.089,
				-0.18,
				4.244,
				0.135,
				4.4,
				0.135
			]
		},
		{
			"Target": "Parameter",
			"Id": "Param_Angle_Rotation_5_l_l_h",
			"Segments": [
				0,
				0.115,
				1,
				0.322,
				0.115,
				0.644,
				-0.227,
				0.967,
				-0.227,
				1,
				1.144,
				-0.227,
				1.322,
				0.565,
				1.5,
				0.565,
				1,
				1.678,
				0.565,
				1.856,
				-0.39,
				2.033,
				-0.39,
				1,
				2.233,
				-0.39,
				2.433,
				0.073,
				2.633,
				0.073,
				1,
				2.778,
				0.073,
				2.922,
				-0.216,
				3.067,
				-0.216,
				1,
				3.222,
				-0.216,
				3.378,
				0.487,
				3.533,
				0.487,
				1,
				3.7,
				0.487,
				3.867,
				-0.436,
				4.033,
				-0.436,
				1,
				4.156,
				-0.436,
				4.278,
				0.25,
				4.4,
				0.25
			]
		},
		{
			"Target": "Parameter",
			"Id": "Param_Angle_Rotation_6_l_l_h",
			"Segments": [
				0,
				0.325,
				1,
				0.167,
				0.325,
				0.333,
				-0.217,
				0.5,
				-0.217,
				1,
				0.6,
				-0.217,
				0.7,
				-0.119,
				0.8,
				-0.119,
				1,
				0.9,
				-0.119,
				1,
				-0.259,
				1.1,
				-0.259,
				1,
				1.278,
				-0.259,
				1.456,
				0.828,
				1.633,
				0.828,
				1,
				1.8,
				0.828,
				1.967,
				-0.765,
				2.133,
				-0.765,
				1,
				2.289,
				-0.765,
				2.444,
				0.262,
				2.6,
				0.262,
				1,
				2.789,
				0.262,
				2.978,
				-0.324,
				3.167,
				-0.324,
				1,
				3.333,
				-0.324,
				3.5,
				0.749,
				3.667,
				0.749,
				1,
				3.822,
				0.749,
				3.978,
				-0.812,
				4.133,
				-0.812,
				1,
				4.222,
				-0.812,
				4.311,
				0.083,
				4.4,
				0.083
			]
		},
		{
			"Target": "Parameter",
			"Id": "Param_Angle_Rotation_7_l_l_h",
			"Segments": [
				0,
				0.306,
				1,
				0.044,
				0.306,
				0.089,
				0.547,
				0.133,
				0.547,
				1,
				0.3,
				0.547,
				0.467,
				-0.436,
				0.633,
				-0.436,
				1,
				0.733,
				-0.436,
				0.833,
				-0.32,
				0.933,
				-0.32,
				1,
				1.022,
				-0.32,
				1.111,
				-0.448,
				1.2,
				-0.448,
				1,
				1.378,
				-0.448,
				1.556,
				1.372,
				1.733,
				1.372,
				1,
				1.911,
				1.372,
				2.089,
				-1.201,
				2.267,
				-1.201,
				1,
				2.422,
				-1.201,
				2.578,
				0.316,
				2.733,
				0.316,
				1,
				2.9,
				0.316,
				3.067,
				-0.509,
				3.233,
				-0.509,
				1,
				3.411,
				-0.509,
				3.589,
				1.199,
				3.767,
				1.199,
				1,
				3.933,
				1.199,
				4.1,
				-1.213,
				4.267,
				-1.213,
				1,
				4.311,
				-1.213,
				4.356,
				-0.816,
				4.4,
				-0.816
			]
		},
		{
			"Target": "Parameter",
			"Id": "Param_Angle_Rotation_8_l_l_h",
			"Segments": [
				0,
				0.034,
				1,
				0.067,
				0.034,
				0.133,
				0.66,
				0.2,
				0.66,
				1,
				0.356,
				0.66,
				0.511,
				-0.45,
				0.667,
				-0.45,
				1,
				0.789,
				-0.45,
				0.911,
				-0.102,
				1.033,
				-0.102,
				1,
				1.133,
				-0.102,
				1.233,
				-0.381,
				1.333,
				-0.381,
				1,
				1.5,
				-0.381,
				1.667,
				1.17,
				1.833,
				1.17,
				1,
				2,
				1.17,
				2.167,
				-1.167,
				2.333,
				-1.167,
				1,
				2.489,
				-1.167,
				2.644,
				0.553,
				2.8,
				0.553,
				1,
				2.956,
				0.553,
				3.111,
				-0.517,
				3.267,
				-0.517,
				1,
				3.467,
				-0.517,
				3.667,
				1.05,
				3.867,
				1.05,
				1,
				4.033,
				1.05,
				4.2,
				-1.232,
				4.367,
				-1.232,
				1,
				4.378,
				-1.232,
				4.389,
				-1.185,
				4.4,
				-1.185
			]
		},
		{
			"Target": "Parameter",
			"Id": "Param_Angle_Rotation_9_l_l_h",
			"Segments": [
				0,
				-0.683,
				1,
				0.1,
				-0.683,
				0.2,
				0.961,
				0.3,
				0.961,
				1,
				0.456,
				0.961,
				0.611,
				-0.72,
				0.767,
				-0.72,
				1,
				0.889,
				-0.72,
				1.011,
				-0.226,
				1.133,
				-0.226,
				1,
				1.222,
				-0.226,
				1.311,
				-0.488,
				1.4,
				-0.488,
				1,
				1.567,
				-0.488,
				1.733,
				1.623,
				1.9,
				1.623,
				1,
				2.078,
				1.623,
				2.256,
				-1.613,
				2.433,
				-1.613,
				1,
				2.589,
				-1.613,
				2.744,
				0.708,
				2.9,
				0.708,
				1,
				3.044,
				0.708,
				3.189,
				-0.75,
				3.333,
				-0.75,
				1,
				3.533,
				-0.75,
				3.733,
				1.422,
				3.933,
				1.422,
				1,
				4.089,
				1.422,
				4.244,
				-1.569,
				4.4,
				-1.569
			]
		},
		{
			"Target": "Parameter",
			"Id": "Param_Angle_Rotation_10_l_l_h",
			"Segments": [
				0,
				-1.764,
				1,
				0.133,
				-1.764,
				0.267,
				1.484,
				0.4,
				1.484,
				1,
				0.556,
				1.484,
				0.711,
				-1.077,
				0.867,
				-1.077,
				1,
				0.978,
				-1.077,
				1.089,
				-0.22,
				1.2,
				-0.22,
				1,
				1.3,
				-0.22,
				1.4,
				-0.682,
				1.5,
				-0.682,
				1,
				1.656,
				-0.682,
				1.811,
				2.119,
				1.967,
				2.119,
				1,
				2.144,
				2.119,
				2.322,
				-2.167,
				2.5,
				-2.167,
				1,
				2.667,
				-2.167,
				2.833,
				1.127,
				3,
				1.127,
				1,
				3.144,
				1.127,
				3.289,
				-1.161,
				3.433,
				-1.161,
				1,
				3.633,
				-1.161,
				3.833,
				1.885,
				4.033,
				1.885,
				1,
				4.156,
				1.885,
				4.278,
				-1.39,
				4.4,
				-1.39
			]
		},
		{
			"Target": "Parameter",
			"Id": "Param_Angle_Rotation_11_l_l_h",
			"Segments": [
				0,
				-1.764,
				1,
				0.133,
				-1.764,
				0.267,
				1.484,
				0.4,
				1.484,
				1,
				0.556,
				1.484,
				0.711,
				-1.077,
				0.867,
				-1.077,
				1,
				0.978,
				-1.077,
				1.089,
				-0.22,
				1.2,
				-0.22,
				1,
				1.3,
				-0.22,
				1.4,
				-0.682,
				1.5,
				-0.682,
				1,
				1.656,
				-0.682,
				1.811,
				2.119,
				1.967,
				2.119,
				1,
				2.144,
				2.119,
				2.322,
				-2.167,
				2.5,
				-2.167,
				1,
				2.667,
				-2.167,
				2.833,
				1.127,
				3,
				1.127,
				1,
				3.144,
				1.127,
				3.289,
				-1.161,
				3.433,
				-1.161,
				1,
				3.633,
				-1.161,
				3.833,
				1.885,
				4.033,
				1.885,
				1,
				4.156,
				1.885,
				4.278,
				-1.39,
				4.4,
				-1.39
			]
		},
		{
			"Target": "Parameter",
			"Id": "Param_Angle_Rotation_1_rr_h",
			"Segments": [
				0,
				-0.097,
				1,
				0.011,
				-0.097,
				0.022,
				-0.097,
				0.033,
				-0.097,
				1,
				0.344,
				-0.097,
				0.656,
				0.17,
				0.967,
				0.17,
				1,
				1.267,
				0.17,
				1.567,
				-0.127,
				1.867,
				-0.127,
				1,
				2.233,
				-0.127,
				2.6,
				0.187,
				2.967,
				0.187,
				1,
				3.444,
				0.187,
				3.922,
				-0.048,
				4.4,
				-0.048
			]
		},
		{
			"Target": "Parameter",
			"Id": "Param_Angle_Rotation_2_rr_h",
			"Segments": [
				0,
				-0.097,
				1,
				0.011,
				-0.097,
				0.022,
				-0.097,
				0.033,
				-0.097,
				1,
				0.344,
				-0.097,
				0.656,
				0.17,
				0.967,
				0.17,
				1,
				1.267,
				0.17,
				1.567,
				-0.127,
				1.867,
				-0.127,
				1,
				2.233,
				-0.127,
				2.6,
				0.187,
				2.967,
				0.187,
				1,
				3.444,
				0.187,
				3.922,
				-0.048,
				4.4,
				-0.048
			]
		},
		{
			"Target": "Parameter",
			"Id": "Param_Angle_Rotation_3_rr_h",
			"Segments": [
				0,
				0.001,
				1,
				0.233,
				0.001,
				0.467,
				-0.07,
				0.7,
				-0.07,
				1,
				0.878,
				-0.07,
				1.056,
				0.084,
				1.233,
				0.084,
				1,
				1.511,
				0.084,
				1.789,
				-0.045,
				2.067,
				-0.045,
				1,
				2.178,
				-0.045,
				2.289,
				-0.007,
				2.4,
				-0.007,
				1,
				2.511,
				-0.007,
				2.622,
				-0.056,
				2.733,
				-0.056,
				1,
				2.911,
				-0.056,
				3.089,
				0.068,
				3.267,
				0.068,
				1,
				3.433,
				0.068,
				3.6,
				-0.023,
				3.767,
				-0.023,
				1,
				3.922,
				-0.023,
				4.078,
				0.023,
				4.233,
				0.023,
				1,
				4.289,
				0.023,
				4.344,
				0.011,
				4.4,
				0.011
			]
		},
		{
			"Target": "Parameter",
			"Id": "Param_Angle_Rotation_4_rr_h",
			"Segments": [
				0,
				0.007,
				1,
				0.289,
				0.007,
				0.578,
				-0.066,
				0.867,
				-0.066,
				1,
				1.044,
				-0.066,
				1.222,
				0.114,
				1.4,
				0.114,
				1,
				1.633,
				0.114,
				1.867,
				-0.049,
				2.1,
				-0.049,
				1,
				2.256,
				-0.049,
				2.411,
				0.005,
				2.567,
				0.005,
				1,
				2.689,
				0.005,
				2.811,
				-0.052,
				2.933,
				-0.052,
				1,
				3.089,
				-0.052,
				3.244,
				0.095,
				3.4,
				0.095,
				1,
				3.578,
				0.095,
				3.756,
				-0.06,
				3.933,
				-0.06,
				1,
				4.089,
				-0.06,
				4.244,
				0.045,
				4.4,
				0.045
			]
		},
		{
			"Target": "Parameter",
			"Id": "Param_Angle_Rotation_5_rr_h",
			"Segments": [
				0,
				0.029,
				1,
				0.322,
				0.029,
				0.644,
				-0.057,
				0.967,
				-0.057,
				1,
				1.144,
				-0.057,
				1.322,
				0.141,
				1.5,
				0.141,
				1,
				1.678,
				0.141,
				1.856,
				-0.098,
				2.033,
				-0.098,
				1,
				2.233,
				-0.098,
				2.433,
				0.018,
				2.633,
				0.018,
				1,
				2.778,
				0.018,
				2.922,
				-0.054,
				3.067,
				-0.054,
				1,
				3.222,
				-0.054,
				3.378,
				0.122,
				3.533,
				0.122,
				1,
				3.7,
				0.122,
				3.867,
				-0.109,
				4.033,
				-0.109,
				1,
				4.156,
				-0.109,
				4.278,
				0.063,
				4.4,
				0.063
			]
		},
		{
			"Target": "Parameter",
			"Id": "Param_Angle_Rotation_6_rr_h",
			"Segments": [
				0,
				0.325,
				1,
				0.167,
				0.325,
				0.333,
				-0.217,
				0.5,
				-0.217,
				1,
				0.6,
				-0.217,
				0.7,
				-0.119,
				0.8,
				-0.119,
				1,
				0.9,
				-0.119,
				1,
				-0.259,
				1.1,
				-0.259,
				1,
				1.278,
				-0.259,
				1.456,
				0.828,
				1.633,
				0.828,
				1,
				1.8,
				0.828,
				1.967,
				-0.765,
				2.133,
				-0.765,
				1,
				2.289,
				-0.765,
				2.444,
				0.262,
				2.6,
				0.262,
				1,
				2.789,
				0.262,
				2.978,
				-0.324,
				3.167,
				-0.324,
				1,
				3.333,
				-0.324,
				3.5,
				0.749,
				3.667,
				0.749,
				1,
				3.822,
				0.749,
				3.978,
				-0.812,
				4.133,
				-0.812,
				1,
				4.222,
				-0.812,
				4.311,
				0.083,
				4.4,
				0.083
			]
		},
		{
			"Target": "Parameter",
			"Id": "Param_Angle_Rotation_7_rr_h",
			"Segments": [
				0,
				0.367,
				1,
				0.044,
				0.367,
				0.089,
				0.656,
				0.133,
				0.656,
				1,
				0.3,
				0.656,
				0.467,
				-0.523,
				0.633,
				-0.523,
				1,
				0.733,
				-0.523,
				0.833,
				-0.384,
				0.933,
				-0.384,
				1,
				1.022,
				-0.384,
				1.111,
				-0.538,
				1.2,
				-0.538,
				1,
				1.378,
				-0.538,
				1.556,
				1.647,
				1.733,
				1.647,
				1,
				1.911,
				1.647,
				2.089,
				-1.441,
				2.267,
				-1.441,
				1,
				2.422,
				-1.441,
				2.578,
				0.38,
				2.733,
				0.38,
				1,
				2.9,
				0.38,
				3.067,
				-0.611,
				3.233,
				-0.611,
				1,
				3.411,
				-0.611,
				3.589,
				1.438,
				3.767,
				1.438,
				1,
				3.933,
				1.438,
				4.1,
				-1.456,
				4.267,
				-1.456,
				1,
				4.311,
				-1.456,
				4.356,
				-0.979,
				4.4,
				-0.979
			]
		},
		{
			"Target": "Parameter",
			"Id": "Param_Angle_Rotation_8_rr_h",
			"Segments": [
				0,
				0.041,
				1,
				0.067,
				0.041,
				0.133,
				0.792,
				0.2,
				0.792,
				1,
				0.356,
				0.792,
				0.511,
				-0.54,
				0.667,
				-0.54,
				1,
				0.789,
				-0.54,
				0.911,
				-0.122,
				1.033,
				-0.122,
				1,
				1.133,
				-0.122,
				1.233,
				-0.457,
				1.333,
				-0.457,
				1,
				1.5,
				-0.457,
				1.667,
				1.404,
				1.833,
				1.404,
				1,
				2,
				1.404,
				2.167,
				-1.401,
				2.333,
				-1.401,
				1,
				2.489,
				-1.401,
				2.644,
				0.663,
				2.8,
				0.663,
				1,
				2.956,
				0.663,
				3.111,
				-0.62,
				3.267,
				-0.62,
				1,
				3.467,
				-0.62,
				3.667,
				1.26,
				3.867,
				1.26,
				1,
				4.033,
				1.26,
				4.2,
				-1.479,
				4.367,
				-1.479,
				1,
				4.378,
				-1.479,
				4.389,
				-1.422,
				4.4,
				-1.422
			]
		},
		{
			"Target": "Parameter",
			"Id": "Param_Angle_Rotation_9_rr_h",
			"Segments": [
				0,
				-0.819,
				1,
				0.1,
				-0.819,
				0.2,
				1.154,
				0.3,
				1.154,
				1,
				0.456,
				1.154,
				0.611,
				-0.864,
				0.767,
				-0.864,
				1,
				0.889,
				-0.864,
				1.011,
				-0.271,
				1.133,
				-0.271,
				1,
				1.222,
				-0.271,
				1.311,
				-0.585,
				1.4,
				-0.585,
				1,
				1.567,
				-0.585,
				1.733,
				1.947,
				1.9,
				1.947,
				1,
				2.078,
				1.947,
				2.256,
				-1.935,
				2.433,
				-1.935,
				1,
				2.589,
				-1.935,
				2.744,
				0.85,
				2.9,
				0.85,
				1,
				3.044,
				0.85,
				3.189,
				-0.9,
				3.333,
				-0.9,
				1,
				3.533,
				-0.9,
				3.733,
				1.706,
				3.933,
				1.706,
				1,
				4.089,
				1.706,
				4.244,
				-1.883,
				4.4,
				-1.883
			]
		},
		{
			"Target": "Parameter",
			"Id": "Param_Angle_Rotation_10_rr_h",
			"Segments": [
				0,
				-1.764,
				1,
				0.133,
				-1.764,
				0.267,
				1.484,
				0.4,
				1.484,
				1,
				0.556,
				1.484,
				0.711,
				-1.077,
				0.867,
				-1.077,
				1,
				0.978,
				-1.077,
				1.089,
				-0.22,
				1.2,
				-0.22,
				1,
				1.3,
				-0.22,
				1.4,
				-0.682,
				1.5,
				-0.682,
				1,
				1.656,
				-0.682,
				1.811,
				2.119,
				1.967,
				2.119,
				1,
				2.144,
				2.119,
				2.322,
				-2.167,
				2.5,
				-2.167,
				1,
				2.667,
				-2.167,
				2.833,
				1.127,
				3,
				1.127,
				1,
				3.144,
				1.127,
				3.289,
				-1.161,
				3.433,
				-1.161,
				1,
				3.633,
				-1.161,
				3.833,
				1.885,
				4.033,
				1.885,
				1,
				4.156,
				1.885,
				4.278,
				-1.39,
				4.4,
				-1.39
			]
		},
		{
			"Target": "Parameter",
			"Id": "Param_Angle_Rotation_11_rr_h",
			"Segments": [
				0,
				-1.764,
				1,
				0.133,
				-1.764,
				0.267,
				1.484,
				0.4,
				1.484,
				1,
				0.556,
				1.484,
				0.711,
				-1.077,
				0.867,
				-1.077,
				1,
				0.978,
				-1.077,
				1.089,
				-0.22,
				1.2,
				-0.22,
				1,
				1.3,
				-0.22,
				1.4,
				-0.682,
				1.5,
				-0.682,
				1,
				1.656,
				-0.682,
				1.811,
				2.119,
				1.967,
				2.119,
				1,
				2.144,
				2.119,
				2.322,
				-2.167,
				2.5,
				-2.167,
				1,
				2.667,
				-2.167,
				2.833,
				1.127,
				3,
				1.127,
				1,
				3.144,
				1.127,
				3.289,
				-1.161,
				3.433,
				-1.161,
				1,
				3.633,
				-1.161,
				3.833,
				1.885,
				4.033,
				1.885,
				1,
				4.156,
				1.885,
				4.278,
				-1.39,
				4.4,
				-1.39
			]
		},
		{
			"Target": "Parameter",
			"Id": "Param_Angle_Rotation_1_shadow_m",
			"Segments": [
				0,
				-0.097,
				1,
				0.011,
				-0.097,
				0.022,
				-0.097,
				0.033,
				-0.097,
				1,
				0.344,
				-0.097,
				0.656,
				0.17,
				0.967,
				0.17,
				1,
				1.267,
				0.17,
				1.567,
				-0.127,
				1.867,
				-0.127,
				1,
				2.233,
				-0.127,
				2.6,
				0.187,
				2.967,
				0.187,
				1,
				3.444,
				0.187,
				3.922,
				-0.048,
				4.4,
				-0.048
			]
		},
		{
			"Target": "Parameter",
			"Id": "Param_Angle_Rotation_2_shadow_m",
			"Segments": [
				0,
				-0.097,
				1,
				0.011,
				-0.097,
				0.022,
				-0.097,
				0.033,
				-0.097,
				1,
				0.344,
				-0.097,
				0.656,
				0.17,
				0.967,
				0.17,
				1,
				1.267,
				0.17,
				1.567,
				-0.127,
				1.867,
				-0.127,
				1,
				2.233,
				-0.127,
				2.6,
				0.187,
				2.967,
				0.187,
				1,
				3.444,
				0.187,
				3.922,
				-0.048,
				4.4,
				-0.048
			]
		},
		{
			"Target": "Parameter",
			"Id": "Param_Angle_Rotation_3_shadow_m",
			"Segments": [
				0,
				0.001,
				1,
				0.233,
				0.001,
				0.467,
				-0.07,
				0.7,
				-0.07,
				1,
				0.878,
				-0.07,
				1.056,
				0.084,
				1.233,
				0.084,
				1,
				1.511,
				0.084,
				1.789,
				-0.045,
				2.067,
				-0.045,
				1,
				2.178,
				-0.045,
				2.289,
				-0.007,
				2.4,
				-0.007,
				1,
				2.511,
				-0.007,
				2.622,
				-0.056,
				2.733,
				-0.056,
				1,
				2.911,
				-0.056,
				3.089,
				0.068,
				3.267,
				0.068,
				1,
				3.433,
				0.068,
				3.6,
				-0.023,
				3.767,
				-0.023,
				1,
				3.922,
				-0.023,
				4.078,
				0.023,
				4.233,
				0.023,
				1,
				4.289,
				0.023,
				4.344,
				0.011,
				4.4,
				0.011
			]
		},
		{
			"Target": "Parameter",
			"Id": "Param_Angle_Rotation_4_shadow_m",
			"Segments": [
				0,
				0.03,
				1,
				0.289,
				0.03,
				0.578,
				-0.265,
				0.867,
				-0.265,
				1,
				1.044,
				-0.265,
				1.222,
				0.457,
				1.4,
				0.457,
				1,
				1.633,
				0.457,
				1.867,
				-0.194,
				2.1,
				-0.194,
				1,
				2.256,
				-0.194,
				2.411,
				0.019,
				2.567,
				0.019,
				1,
				2.689,
				0.019,
				2.811,
				-0.207,
				2.933,
				-0.207,
				1,
				3.089,
				-0.207,
				3.244,
				0.38,
				3.4,
				0.38,
				1,
				3.578,
				0.38,
				3.756,
				-0.24,
				3.933,
				-0.24,
				1,
				4.089,
				-0.24,
				4.244,
				0.18,
				4.4,
				0.18
			]
		},
		{
			"Target": "Parameter",
			"Id": "Param_Angle_Rotation_5_shadow_m",
			"Segments": [
				0,
				0.143,
				1,
				0.322,
				0.143,
				0.644,
				-0.283,
				0.967,
				-0.283,
				1,
				1.144,
				-0.283,
				1.322,
				0.706,
				1.5,
				0.706,
				1,
				1.678,
				0.706,
				1.856,
				-0.488,
				2.033,
				-0.488,
				1,
				2.233,
				-0.488,
				2.433,
				0.091,
				2.633,
				0.091,
				1,
				2.778,
				0.091,
				2.922,
				-0.27,
				3.067,
				-0.27,
				1,
				3.222,
				-0.27,
				3.378,
				0.609,
				3.533,
				0.609,
				1,
				3.7,
				0.609,
				3.867,
				-0.545,
				4.033,
				-0.545,
				1,
				4.156,
				-0.545,
				4.278,
				0.313,
				4.4,
				0.313
			]
		},
		{
			"Target": "Parameter",
			"Id": "Param_Angle_Rotation_6_shadow_m",
			"Segments": [
				0,
				0.325,
				1,
				0.167,
				0.325,
				0.333,
				-0.217,
				0.5,
				-0.217,
				1,
				0.6,
				-0.217,
				0.7,
				-0.119,
				0.8,
				-0.119,
				1,
				0.9,
				-0.119,
				1,
				-0.259,
				1.1,
				-0.259,
				1,
				1.278,
				-0.259,
				1.456,
				0.828,
				1.633,
				0.828,
				1,
				1.8,
				0.828,
				1.967,
				-0.765,
				2.133,
				-0.765,
				1,
				2.289,
				-0.765,
				2.444,
				0.262,
				2.6,
				0.262,
				1,
				2.789,
				0.262,
				2.978,
				-0.324,
				3.167,
				-0.324,
				1,
				3.333,
				-0.324,
				3.5,
				0.749,
				3.667,
				0.749,
				1,
				3.822,
				0.749,
				3.978,
				-0.812,
				4.133,
				-0.812,
				1,
				4.222,
				-0.812,
				4.311,
				0.083,
				4.4,
				0.083
			]
		},
		{
			"Target": "Parameter",
			"Id": "Param_Angle_Rotation_7_shadow_m",
			"Segments": [
				0,
				0.306,
				1,
				0.044,
				0.306,
				0.089,
				0.547,
				0.133,
				0.547,
				1,
				0.3,
				0.547,
				0.467,
				-0.436,
				0.633,
				-0.436,
				1,
				0.733,
				-0.436,
				0.833,
				-0.32,
				0.933,
				-0.32,
				1,
				1.022,
				-0.32,
				1.111,
				-0.448,
				1.2,
				-0.448,
				1,
				1.378,
				-0.448,
				1.556,
				1.372,
				1.733,
				1.372,
				1,
				1.911,
				1.372,
				2.089,
				-1.201,
				2.267,
				-1.201,
				1,
				2.422,
				-1.201,
				2.578,
				0.316,
				2.733,
				0.316,
				1,
				2.9,
				0.316,
				3.067,
				-0.509,
				3.233,
				-0.509,
				1,
				3.411,
				-0.509,
				3.589,
				1.199,
				3.767,
				1.199,
				1,
				3.933,
				1.199,
				4.1,
				-1.213,
				4.267,
				-1.213,
				1,
				4.311,
				-1.213,
				4.356,
				-0.816,
				4.4,
				-0.816
			]
		},
		{
			"Target": "Parameter",
			"Id": "Param_Angle_Rotation_8_shadow_m",
			"Segments": [
				0,
				0.041,
				1,
				0.067,
				0.041,
				0.133,
				0.792,
				0.2,
				0.792,
				1,
				0.356,
				0.792,
				0.511,
				-0.54,
				0.667,
				-0.54,
				1,
				0.789,
				-0.54,
				0.911,
				-0.122,
				1.033,
				-0.122,
				1,
				1.133,
				-0.122,
				1.233,
				-0.457,
				1.333,
				-0.457,
				1,
				1.5,
				-0.457,
				1.667,
				1.404,
				1.833,
				1.404,
				1,
				2,
				1.404,
				2.167,
				-1.401,
				2.333,
				-1.401,
				1,
				2.489,
				-1.401,
				2.644,
				0.663,
				2.8,
				0.663,
				1,
				2.956,
				0.663,
				3.111,
				-0.62,
				3.267,
				-0.62,
				1,
				3.467,
				-0.62,
				3.667,
				1.26,
				3.867,
				1.26,
				1,
				4.033,
				1.26,
				4.2,
				-1.479,
				4.367,
				-1.479,
				1,
				4.378,
				-1.479,
				4.389,
				-1.422,
				4.4,
				-1.422
			]
		},
		{
			"Target": "Parameter",
			"Id": "Param_Angle_Rotation_9_shadow_m",
			"Segments": [
				0,
				-0.819,
				1,
				0.1,
				-0.819,
				0.2,
				1.154,
				0.3,
				1.154,
				1,
				0.456,
				1.154,
				0.611,
				-0.864,
				0.767,
				-0.864,
				1,
				0.889,
				-0.864,
				1.011,
				-0.271,
				1.133,
				-0.271,
				1,
				1.222,
				-0.271,
				1.311,
				-0.585,
				1.4,
				-0.585,
				1,
				1.567,
				-0.585,
				1.733,
				1.947,
				1.9,
				1.947,
				1,
				2.078,
				1.947,
				2.256,
				-1.935,
				2.433,
				-1.935,
				1,
				2.589,
				-1.935,
				2.744,
				0.85,
				2.9,
				0.85,
				1,
				3.044,
				0.85,
				3.189,
				-0.9,
				3.333,
				-0.9,
				1,
				3.533,
				-0.9,
				3.733,
				1.706,
				3.933,
				1.706,
				1,
				4.089,
				1.706,
				4.244,
				-1.883,
				4.4,
				-1.883
			]
		}
	]
}