{
	"Version": 3,
	"Meta": {
		"Duration": 4.667,
		"Fps": 30.0,
		"Loop": true,
		"AreBeziersRestricted": true,
		"CurveCount": 82,
		"TotalSegmentCount": 826,
		"TotalPointCount": 2526,
		"UserDataCount": 0,
		"TotalUserDataSize": 0
	},
	"Curves": [
		{
			"Target": "Parameter",
			"Id": "ParamAngleX",
			"Segments": [
				0,
				0,
				0,
				3,
				0,
				1,
				3.122,
				0,
				3.244,
				-1,
				3.367,
				-1,
				0,
				4.667,
				-1
			]
		},
		{
			"Target": "Parameter",
			"Id": "ParamAngleY",
			"Segments": [
				0,
				0,
				0,
				3,
				0,
				1,
				3.122,
				0,
				3.244,
				4,
				3.367,
				4,
				0,
				4.667,
				4
			]
		},
		{
			"Target": "Parameter",
			"Id": "ParamAngleZ",
			"Segments": [
				0,
				0,
				1,
				0.111,
				0,
				0.222,
				0,
				0.333,
				0,
				1,
				0.456,
				0,
				0.578,
				-5.1,
				0.7,
				-5.1,
				1,
				0.944,
				-5.1,
				1.189,
				4.085,
				1.433,
				5.209,
				1,
				1.789,
				6.844,
				2.144,
				6.786,
				2.5,
				6.786,
				1,
				2.656,
				6.786,
				2.811,
				1.355,
				2.967,
				1.355,
				1,
				3.122,
				1.355,
				3.278,
				26.083,
				3.433,
				26.083,
				1,
				3.522,
				26.083,
				3.611,
				26.014,
				3.7,
				25.693,
				1,
				3.867,
				25.092,
				4.033,
				24.804,
				4.2,
				23.634,
				1,
				4.356,
				22.542,
				4.511,
				15.428,
				4.667,
				15.428
			]
		},
		{
			"Target": "Parameter",
			"Id": "ParamMouthForm",
			"Segments": [
				0,
				0,
				1,
				0.1,
				0,
				0.2,
				-0.057,
				0.3,
				-0.4,
				1,
				0.367,
				-0.628,
				0.433,
				-1,
				0.5,
				-1,
				1,
				0.556,
				-1,
				0.611,
				-0.995,
				0.667,
				-0.8,
				1,
				0.722,
				-0.605,
				0.778,
				0.105,
				0.833,
				0.3,
				1,
				0.889,
				0.495,
				0.944,
				0.5,
				1,
				0.5,
				1,
				1.033,
				0.5,
				1.067,
				0.324,
				1.1,
				0.3,
				1,
				1.167,
				0.253,
				1.233,
				0.259,
				1.3,
				0.2,
				1,
				1.356,
				0.151,
				1.411,
				-0.8,
				1.467,
				-0.8,
				1,
				1.5,
				-0.8,
				1.533,
				-0.739,
				1.567,
				-0.4,
				1,
				1.6,
				-0.061,
				1.633,
				0.3,
				1.667,
				0.3,
				1,
				1.711,
				0.3,
				1.756,
				-1,
				1.8,
				-1,
				1,
				1.856,
				-1,
				1.911,
				-0.114,
				1.967,
				0.1,
				1,
				2.044,
				0.4,
				2.122,
				0.4,
				2.2,
				0.4,
				1,
				2.244,
				0.4,
				2.289,
				0.4,
				2.333,
				0.4,
				1,
				2.389,
				0.4,
				2.444,
				-0.3,
				2.5,
				-0.3,
				1,
				2.578,
				-0.3,
				2.656,
				0.5,
				2.733,
				0.5,
				1,
				2.767,
				0.5,
				2.8,
				-0.6,
				2.833,
				-0.6,
				1,
				2.867,
				-0.6,
				2.9,
				0.3,
				2.933,
				0.3,
				1,
				2.967,
				0.3,
				3,
				-1,
				3.033,
				-1,
				1,
				3.056,
				-1,
				3.078,
				-0.624,
				3.1,
				-0.1,
				1,
				3.122,
				0.424,
				3.144,
				0.6,
				3.167,
				0.6,
				1,
				3.189,
				0.6,
				3.211,
				0.4,
				3.233,
				0.4,
				1,
				3.256,
				0.4,
				3.278,
				0.456,
				3.3,
				0.5,
				1,
				3.322,
				0.544,
				3.344,
				0.556,
				3.367,
				0.6,
				1,
				3.389,
				0.644,
				3.411,
				0.7,
				3.433,
				0.7,
				1,
				3.456,
				0.7,
				3.478,
				0.7,
				3.5,
				0.7,
				1,
				3.556,
				0.7,
				3.611,
				0.557,
				3.667,
				0.5,
				1,
				3.756,
				0.409,
				3.844,
				0.4,
				3.933,
				0.4,
				0,
				4.667,
				0.4
			]
		},
		{
			"Target": "Parameter",
			"Id": "ParamMouthOpenY",
			"Segments": [
				0,
				0,
				1,
				0.1,
				0,
				0.2,
				0,
				0.3,
				0,
				1,
				0.367,
				0,
				0.433,
				0.12,
				0.5,
				0.3,
				1,
				0.556,
				0.45,
				0.611,
				0.611,
				0.667,
				0.7,
				1,
				0.722,
				0.789,
				0.778,
				0.8,
				0.833,
				0.8,
				1,
				0.889,
				0.8,
				0.944,
				0,
				1,
				0,
				1,
				1.033,
				0,
				1.067,
				0,
				1.1,
				0,
				1,
				1.167,
				0,
				1.233,
				0,
				1.3,
				0,
				1,
				1.356,
				0,
				1.411,
				0.028,
				1.467,
				0.2,
				1,
				1.5,
				0.303,
				1.533,
				0.5,
				1.567,
				0.5,
				1,
				1.6,
				0.5,
				1.633,
				0.2,
				1.667,
				0.2,
				1,
				1.711,
				0.2,
				1.756,
				0.615,
				1.8,
				0.7,
				1,
				1.856,
				0.806,
				1.911,
				0.8,
				1.967,
				0.8,
				1,
				2.044,
				0.8,
				2.122,
				0,
				2.2,
				0,
				1,
				2.244,
				0,
				2.289,
				0,
				2.333,
				0,
				1,
				2.389,
				0,
				2.444,
				0.7,
				2.5,
				0.7,
				1,
				2.578,
				0.7,
				2.656,
				0.2,
				2.733,
				0.2,
				1,
				2.767,
				0.2,
				2.8,
				0.5,
				2.833,
				0.5,
				1,
				2.867,
				0.5,
				2.9,
				0.2,
				2.933,
				0.2,
				1,
				2.967,
				0.2,
				3,
				1,
				3.033,
				1,
				1,
				3.056,
				1,
				3.078,
				0.998,
				3.1,
				0.8,
				1,
				3.122,
				0.602,
				3.144,
				0.2,
				3.167,
				0.2,
				1,
				3.189,
				0.2,
				3.211,
				0.3,
				3.233,
				0.3,
				1,
				3.256,
				0.3,
				3.278,
				0.051,
				3.3,
				0.051,
				1,
				3.322,
				0.051,
				3.344,
				0.4,
				3.367,
				0.4,
				1,
				3.389,
				0.4,
				3.411,
				0.077,
				3.433,
				0.077,
				1,
				3.456,
				0.077,
				3.478,
				0.163,
				3.5,
				0.3,
				1,
				3.556,
				0.643,
				3.611,
				0.8,
				3.667,
				0.8,
				1,
				3.756,
				0.8,
				3.844,
				0,
				3.933,
				0,
				0,
				4.667,
				0
			]
		},
		{
			"Target": "Parameter",
			"Id": "ParamEyeLOpen",
			"Segments": [
				0,
				1,
				0,
				0.1,
				1,
				1,
				0.167,
				1,
				0.233,
				1,
				0.3,
				1,
				1,
				0.4,
				1,
				0.5,
				0.9,
				0.6,
				0.9,
				1,
				0.7,
				0.9,
				0.8,
				1,
				0.9,
				1,
				1,
				1.044,
				1,
				1.189,
				0.9,
				1.333,
				0.9,
				1,
				1.522,
				0.9,
				1.711,
				1,
				1.9,
				1,
				1,
				2.111,
				1,
				2.322,
				1,
				2.533,
				1,
				1,
				2.733,
				1,
				2.933,
				0.9,
				3.133,
				0.9,
				1,
				3.211,
				0.9,
				3.289,
				1,
				3.367,
				1,
				0,
				4.667,
				1
			]
		},
		{
			"Target": "Parameter",
			"Id": "ParamEyeROpen",
			"Segments": [
				0,
				1,
				0,
				0.1,
				1,
				1,
				0.167,
				1,
				0.233,
				1,
				0.3,
				1,
				1,
				0.4,
				1,
				0.5,
				0.9,
				0.6,
				0.9,
				1,
				0.7,
				0.9,
				0.8,
				1,
				0.9,
				1,
				1,
				1.044,
				1,
				1.189,
				0.9,
				1.333,
				0.9,
				1,
				1.522,
				0.9,
				1.711,
				1,
				1.9,
				1,
				1,
				2.111,
				1,
				2.322,
				1,
				2.533,
				1,
				1,
				2.733,
				1,
				2.933,
				0.9,
				3.133,
				0.9,
				1,
				3.211,
				0.9,
				3.289,
				1,
				3.367,
				1,
				0,
				4.667,
				1
			]
		},
		{
			"Target": "Parameter",
			"Id": "Param8",
			"Segments": [
				0,
				0,
				1,
				1.033,
				0,
				2.067,
				0,
				3.1,
				0,
				1,
				3.222,
				0,
				3.344,
				-0.978,
				3.467,
				-0.978,
				1,
				3.589,
				-0.978,
				3.711,
				-0.601,
				3.833,
				-0.601,
				1,
				3.967,
				-0.601,
				4.1,
				-0.732,
				4.233,
				-0.732,
				1,
				4.356,
				-0.732,
				4.478,
				-0.686,
				4.6,
				-0.686,
				1,
				4.622,
				-0.686,
				4.644,
				-0.689,
				4.667,
				-0.689
			]
		},
		{
			"Target": "Parameter",
			"Id": "Param9",
			"Segments": [
				0,
				0,
				1,
				1.011,
				0,
				2.022,
				0,
				3.033,
				0,
				1,
				3.189,
				0,
				3.344,
				3.502,
				3.5,
				3.502,
				1,
				3.656,
				3.502,
				3.811,
				2.662,
				3.967,
				2.662,
				1,
				4.111,
				2.662,
				4.256,
				2.816,
				4.4,
				2.816,
				1,
				4.489,
				2.816,
				4.578,
				2.796,
				4.667,
				2.796
			]
		},
		{
			"Target": "Parameter",
			"Id": "Param12",
			"Segments": [
				0,
				0,
				0,
				0.733,
				0,
				1,
				0.789,
				0,
				0.844,
				9.012,
				0.9,
				9.012,
				1,
				1.033,
				9.012,
				1.167,
				4.285,
				1.3,
				0,
				1,
				1.456,
				-4.999,
				1.611,
				-6.108,
				1.767,
				-6.108,
				1,
				1.978,
				-6.108,
				2.189,
				-2.288,
				2.4,
				-2.228,
				1,
				2.711,
				-2.14,
				3.022,
				-2.149,
				3.333,
				-2.149,
				1,
				3.411,
				-2.149,
				3.489,
				-3.501,
				3.567,
				-3.501,
				1,
				3.933,
				-3.501,
				4.3,
				0,
				4.667,
				0
			]
		},
		{
			"Target": "Parameter",
			"Id": "Param13",
			"Segments": [
				0,
				0,
				0,
				0.1,
				0,
				1,
				0.244,
				0,
				0.389,
				21.847,
				0.533,
				21.847,
				1,
				0.689,
				21.847,
				0.844,
				15.554,
				1,
				15.554,
				1,
				1.622,
				15.554,
				2.244,
				15.554,
				2.867,
				15.554,
				1,
				2.944,
				15.554,
				3.022,
				19.131,
				3.1,
				19.131,
				1,
				3.267,
				19.131,
				3.433,
				-30,
				3.6,
				-30,
				1,
				3.711,
				-30,
				3.822,
				-28.637,
				3.933,
				-28.637,
				1,
				4.067,
				-28.637,
				4.2,
				-28.637,
				4.333,
				-28.637,
				0,
				4.667,
				-28.637
			]
		},
		{
			"Target": "Parameter",
			"Id": "Param11",
			"Segments": [
				0,
				-1.283,
				0,
				2.633,
				-1.283,
				1,
				2.767,
				-1.283,
				2.9,
				-17.89,
				3.033,
				-17.89,
				1,
				3.133,
				-17.89,
				3.233,
				15.21,
				3.333,
				15.21,
				1,
				3.456,
				15.21,
				3.578,
				13.865,
				3.7,
				13.865,
				1,
				3.811,
				13.865,
				3.922,
				16.795,
				4.033,
				16.795,
				0,
				4.667,
				16.795
			]
		},
		{
			"Target": "Parameter",
			"Id": "Param2",
			"Segments": [
				0,
				0,
				1,
				0.156,
				0,
				0.311,
				0,
				0.467,
				0,
				1,
				0.567,
				0,
				0.667,
				-1.689,
				0.767,
				-1.689,
				1,
				0.978,
				-1.689,
				1.189,
				4.64,
				1.4,
				4.64,
				1,
				1.511,
				4.64,
				1.622,
				3.998,
				1.733,
				3.998,
				1,
				1.8,
				3.998,
				1.867,
				4.125,
				1.933,
				4.125,
				1,
				2.289,
				4.125,
				2.644,
				-2.114,
				3,
				-2.114,
				1,
				3.156,
				-2.114,
				3.311,
				13.974,
				3.467,
				13.974,
				1,
				3.589,
				13.974,
				3.711,
				7.564,
				3.833,
				7.564,
				1,
				3.956,
				7.564,
				4.078,
				11.599,
				4.2,
				11.599,
				1,
				4.356,
				11.599,
				4.511,
				5.646,
				4.667,
				5.646
			]
		},
		{
			"Target": "Parameter",
			"Id": "Param3",
			"Segments": [
				0,
				0.242,
				1,
				0.011,
				0.242,
				0.022,
				0.266,
				0.033,
				0.266,
				1,
				0.111,
				0.266,
				0.189,
				0.085,
				0.267,
				0.085,
				1,
				0.311,
				0.085,
				0.356,
				0.169,
				0.4,
				0.169,
				1,
				0.433,
				0.169,
				0.467,
				-0.055,
				0.5,
				-0.055,
				1,
				0.567,
				-0.055,
				0.633,
				0.457,
				0.7,
				0.457,
				1,
				0.8,
				0.457,
				0.9,
				-1.756,
				1,
				-1.756,
				1,
				1.122,
				-1.756,
				1.244,
				1.355,
				1.367,
				1.355,
				1,
				1.5,
				1.355,
				1.633,
				-0.74,
				1.767,
				-0.74,
				1,
				1.9,
				-0.74,
				2.033,
				0.596,
				2.167,
				0.596,
				1,
				2.278,
				0.596,
				2.389,
				-0.149,
				2.5,
				-0.149,
				1,
				2.611,
				-0.149,
				2.722,
				0.946,
				2.833,
				0.946,
				1,
				2.978,
				0.946,
				3.122,
				-4.682,
				3.267,
				-4.682,
				1,
				3.389,
				-4.682,
				3.511,
				6.791,
				3.633,
				6.791,
				1,
				3.744,
				6.791,
				3.856,
				-5.744,
				3.967,
				-5.744,
				1,
				4.089,
				-5.744,
				4.211,
				4.3,
				4.333,
				4.3,
				1,
				4.444,
				4.3,
				4.556,
				-2.414,
				4.667,
				-2.414
			]
		},
		{
			"Target": "Parameter",
			"Id": "ParamBodyAngleX",
			"Segments": [
				0,
				0,
				1,
				1.556,
				0,
				3.111,
				0,
				4.667,
				0
			]
		},
		{
			"Target": "Parameter",
			"Id": "ParamBodyAngleY",
			"Segments": [
				0,
				0,
				1,
				1.022,
				0,
				2.044,
				0,
				3.067,
				0,
				1,
				3.211,
				0,
				3.356,
				1.415,
				3.5,
				1.415,
				1,
				3.656,
				1.415,
				3.811,
				1.124,
				3.967,
				1.124,
				1,
				4.111,
				1.124,
				4.256,
				1.17,
				4.4,
				1.17,
				1,
				4.489,
				1.17,
				4.578,
				1.164,
				4.667,
				1.164
			]
		},
		{
			"Target": "Parameter",
			"Id": "ParamBodyAngleZ",
			"Segments": [
				0,
				0,
				1,
				0.133,
				0,
				0.267,
				0,
				0.4,
				0,
				1,
				0.533,
				0,
				0.667,
				-1.361,
				0.8,
				-1.361,
				1,
				1.067,
				-1.361,
				1.333,
				1.518,
				1.6,
				1.518,
				1,
				1.656,
				1.518,
				1.711,
				1.501,
				1.767,
				1.501,
				1,
				1.956,
				1.501,
				2.144,
				1.588,
				2.333,
				1.588,
				1,
				2.556,
				1.588,
				2.778,
				0.17,
				3,
				0.17,
				1,
				3.178,
				0.17,
				3.356,
				7.075,
				3.533,
				7.075,
				1,
				3.911,
				7.075,
				4.289,
				3.414,
				4.667,
				3.414
			]
		},
		{
			"Target": "Parameter",
			"Id": "Param6",
			"Segments": [
				0,
				-0.052,
				1,
				0.122,
				-0.052,
				0.244,
				0.33,
				0.367,
				0.33,
				1,
				0.5,
				0.33,
				0.633,
				-2.123,
				0.767,
				-2.123,
				1,
				0.944,
				-2.123,
				1.122,
				5.094,
				1.3,
				5.094,
				1,
				1.422,
				5.094,
				1.544,
				3.611,
				1.667,
				3.611,
				1,
				1.778,
				3.611,
				1.889,
				4.374,
				2,
				4.374,
				1,
				2.333,
				4.374,
				2.667,
				-2.521,
				3,
				-2.521,
				1,
				3.156,
				-2.521,
				3.311,
				14.093,
				3.467,
				14.093,
				1,
				3.589,
				14.093,
				3.711,
				4.886,
				3.833,
				4.886,
				1,
				3.956,
				4.886,
				4.078,
				11.854,
				4.2,
				11.854,
				1,
				4.356,
				11.854,
				4.511,
				2.987,
				4.667,
				2.987
			]
		},
		{
			"Target": "Parameter",
			"Id": "Param7",
			"Segments": [
				0,
				-1.191,
				1,
				0.122,
				-1.191,
				0.244,
				0.791,
				0.367,
				0.791,
				1,
				0.567,
				0.791,
				0.767,
				-2.6,
				0.967,
				-2.6,
				1,
				1.1,
				-2.6,
				1.233,
				3.166,
				1.367,
				3.166,
				1,
				1.5,
				3.166,
				1.633,
				-2.554,
				1.767,
				-2.554,
				1,
				1.889,
				-2.554,
				2.011,
				2.207,
				2.133,
				2.207,
				1,
				2.256,
				2.207,
				2.378,
				-1.577,
				2.5,
				-1.577,
				1,
				2.622,
				-1.577,
				2.744,
				1.921,
				2.867,
				1.921,
				1,
				3,
				1.921,
				3.133,
				-6.087,
				3.267,
				-6.087,
				1,
				3.389,
				-6.087,
				3.511,
				10.714,
				3.633,
				10.714,
				1,
				3.756,
				10.714,
				3.878,
				-11.377,
				4,
				-11.377,
				1,
				4.122,
				-11.377,
				4.244,
				10.831,
				4.367,
				10.831,
				1,
				4.467,
				10.831,
				4.567,
				-7.221,
				4.667,
				-7.221
			]
		},
		{
			"Target": "Parameter",
			"Id": "ParamBreath",
			"Segments": [
				0,
				0.5,
				0,
				0.033,
				0.5,
				1,
				0.478,
				0.5,
				0.922,
				0.676,
				1.367,
				0.676,
				1,
				1.733,
				0.676,
				2.1,
				0.632,
				2.467,
				0.5,
				1,
				2.8,
				0.38,
				3.133,
				0.291,
				3.467,
				0.291,
				1,
				3.767,
				0.291,
				4.067,
				0.5,
				4.367,
				0.5,
				0,
				4.667,
				0.5
			]
		},
		{
			"Target": "Parameter",
			"Id": "Param4",
			"Segments": [
				0,
				0,
				1,
				0.178,
				0,
				0.356,
				0,
				0.533,
				0,
				1,
				0.611,
				0,
				0.689,
				-0.21,
				0.767,
				-0.21,
				1,
				0.967,
				-0.21,
				1.167,
				1.607,
				1.367,
				1.607,
				1,
				1.5,
				1.607,
				1.633,
				1.175,
				1.767,
				1.175,
				1,
				1.844,
				1.175,
				1.922,
				1.231,
				2,
				1.231,
				1,
				2.344,
				1.231,
				2.689,
				-0.869,
				3.033,
				-0.869,
				1,
				3.189,
				-0.869,
				3.344,
				3.532,
				3.5,
				3.532,
				1,
				3.622,
				3.532,
				3.744,
				1.26,
				3.867,
				1.26,
				1,
				4,
				1.26,
				4.133,
				3.002,
				4.267,
				3.002,
				1,
				4.4,
				3.002,
				4.533,
				0.936,
				4.667,
				0.936
			]
		},
		{
			"Target": "Parameter",
			"Id": "Param5",
			"Segments": [
				0,
				-0.023,
				1,
				0.033,
				-0.023,
				0.067,
				-0.062,
				0.1,
				-0.062,
				1,
				0.211,
				-0.062,
				0.322,
				0.118,
				0.433,
				0.118,
				1,
				0.5,
				0.118,
				0.567,
				0.026,
				0.633,
				0.026,
				1,
				0.644,
				0.026,
				0.656,
				0.027,
				0.667,
				0.027,
				1,
				0.8,
				0.027,
				0.933,
				-0.372,
				1.067,
				-0.372,
				1,
				1.211,
				-0.372,
				1.356,
				0.425,
				1.5,
				0.425,
				1,
				1.633,
				0.425,
				1.767,
				-0.3,
				1.9,
				-0.3,
				1,
				2.033,
				-0.3,
				2.167,
				0.285,
				2.3,
				0.285,
				1,
				2.411,
				0.285,
				2.522,
				-0.052,
				2.633,
				-0.052,
				1,
				2.722,
				-0.052,
				2.811,
				0.18,
				2.9,
				0.18,
				1,
				3.044,
				0.18,
				3.189,
				-1.275,
				3.333,
				-1.275,
				1,
				3.456,
				-1.275,
				3.578,
				1.958,
				3.7,
				1.958,
				1,
				3.822,
				1.958,
				3.944,
				-1.78,
				4.067,
				-1.78,
				1,
				4.2,
				-1.78,
				4.333,
				1.598,
				4.467,
				1.598,
				1,
				4.533,
				1.598,
				4.6,
				0.064,
				4.667,
				0.064
			]
		},
		{
			"Target": "Parameter",
			"Id": "Param_Angle_Rotation_1_m_h",
			"Segments": [
				0,
				-0.001,
				1,
				0.044,
				-0.001,
				0.089,
				-0.003,
				0.133,
				-0.003,
				1,
				0.233,
				-0.003,
				0.333,
				0.003,
				0.433,
				0.003,
				1,
				0.556,
				0.003,
				0.678,
				-0.035,
				0.8,
				-0.035,
				1,
				1.022,
				-0.035,
				1.244,
				0.133,
				1.467,
				0.133,
				1,
				1.667,
				0.133,
				1.867,
				0.057,
				2.067,
				0.057,
				1,
				2.156,
				0.057,
				2.244,
				0.061,
				2.333,
				0.061,
				1,
				2.567,
				0.061,
				2.8,
				-0.061,
				3.033,
				-0.061,
				1,
				3.222,
				-0.061,
				3.411,
				0.342,
				3.6,
				0.342,
				1,
				3.767,
				0.342,
				3.933,
				0.138,
				4.1,
				0.138,
				1,
				4.211,
				0.138,
				4.322,
				0.187,
				4.433,
				0.187,
				1,
				4.511,
				0.187,
				4.589,
				0.149,
				4.667,
				0.149
			]
		},
		{
			"Target": "Parameter",
			"Id": "Param_Angle_Rotation_2_m_h",
			"Segments": [
				0,
				0.002,
				1,
				0.089,
				0.002,
				0.178,
				-0.007,
				0.267,
				-0.007,
				1,
				0.411,
				-0.007,
				0.556,
				0.025,
				0.7,
				0.025,
				1,
				0.856,
				0.025,
				1.011,
				-0.067,
				1.167,
				-0.067,
				1,
				1.333,
				-0.067,
				1.5,
				0.06,
				1.667,
				0.06,
				1,
				1.833,
				0.06,
				2,
				-0.036,
				2.167,
				-0.036,
				1,
				2.378,
				-0.036,
				2.589,
				0.046,
				2.8,
				0.046,
				1,
				2.989,
				0.046,
				3.178,
				-0.189,
				3.367,
				-0.189,
				1,
				3.522,
				-0.189,
				3.678,
				0.193,
				3.833,
				0.193,
				1,
				3.989,
				0.193,
				4.144,
				-0.136,
				4.3,
				-0.136,
				1,
				4.422,
				-0.136,
				4.544,
				0.094,
				4.667,
				0.094
			]
		},
		{
			"Target": "Parameter",
			"Id": "Param_Angle_Rotation_3_m_h",
			"Segments": [
				0,
				0.056,
				1,
				0.122,
				0.056,
				0.244,
				-0.052,
				0.367,
				-0.052,
				1,
				0.533,
				-0.052,
				0.7,
				0.091,
				0.867,
				0.091,
				1,
				1.022,
				0.091,
				1.178,
				-0.245,
				1.333,
				-0.245,
				1,
				1.5,
				-0.245,
				1.667,
				0.287,
				1.833,
				0.287,
				1,
				2,
				0.287,
				2.167,
				-0.221,
				2.333,
				-0.221,
				1,
				2.511,
				-0.221,
				2.689,
				0.212,
				2.867,
				0.212,
				1,
				3.078,
				0.212,
				3.289,
				-0.607,
				3.5,
				-0.607,
				1,
				3.667,
				-0.607,
				3.833,
				0.842,
				4,
				0.842,
				1,
				4.156,
				0.842,
				4.311,
				-0.743,
				4.467,
				-0.743,
				1,
				4.533,
				-0.743,
				4.6,
				-0.17,
				4.667,
				-0.17
			]
		},
		{
			"Target": "Parameter",
			"Id": "Param_Angle_Rotation_4_m_h",
			"Segments": [
				0,
				0.331,
				1,
				0.133,
				0.331,
				0.267,
				-0.202,
				0.4,
				-0.202,
				1,
				0.578,
				-0.202,
				0.756,
				0.165,
				0.933,
				0.165,
				1,
				1.111,
				0.165,
				1.289,
				-0.387,
				1.467,
				-0.387,
				1,
				1.633,
				-0.387,
				1.8,
				0.541,
				1.967,
				0.541,
				1,
				2.122,
				0.541,
				2.278,
				-0.508,
				2.433,
				-0.508,
				1,
				2.6,
				-0.508,
				2.767,
				0.482,
				2.933,
				0.482,
				1,
				3.156,
				0.482,
				3.378,
				-0.831,
				3.6,
				-0.831,
				1,
				3.778,
				-0.831,
				3.956,
				1.428,
				4.133,
				1.428,
				1,
				4.289,
				1.428,
				4.444,
				-1.55,
				4.6,
				-1.55,
				1,
				4.622,
				-1.55,
				4.644,
				-1.393,
				4.667,
				-1.393
			]
		},
		{
			"Target": "Parameter",
			"Id": "Param_Angle_Rotation_5_m_h",
			"Segments": [
				0,
				1.008,
				1,
				0.156,
				1.008,
				0.311,
				-0.601,
				0.467,
				-0.601,
				1,
				0.633,
				-0.601,
				0.8,
				0.36,
				0.967,
				0.36,
				1,
				1.167,
				0.36,
				1.367,
				-0.562,
				1.567,
				-0.562,
				1,
				1.733,
				-0.562,
				1.9,
				0.879,
				2.067,
				0.879,
				1,
				2.233,
				0.879,
				2.4,
				-0.946,
				2.567,
				-0.946,
				1,
				2.722,
				-0.946,
				2.878,
				0.945,
				3.033,
				0.945,
				1,
				3.233,
				0.945,
				3.433,
				-1.132,
				3.633,
				-1.132,
				1,
				3.833,
				-1.132,
				4.033,
				2.078,
				4.233,
				2.078,
				1,
				4.378,
				2.078,
				4.522,
				-2.496,
				4.667,
				-2.496
			]
		},
		{
			"Target": "Parameter",
			"Id": "Param_Angle_Rotation_6_m_h",
			"Segments": [
				0,
				0.89,
				1,
				0.044,
				0.89,
				0.089,
				1.618,
				0.133,
				1.618,
				1,
				0.289,
				1.618,
				0.444,
				-1.019,
				0.6,
				-1.019,
				1,
				0.756,
				-1.019,
				0.911,
				0.631,
				1.067,
				0.631,
				1,
				1.256,
				0.631,
				1.444,
				-0.887,
				1.633,
				-0.887,
				1,
				1.822,
				-0.887,
				2.011,
				1.34,
				2.2,
				1.34,
				1,
				2.356,
				1.34,
				2.511,
				-1.423,
				2.667,
				-1.423,
				1,
				2.833,
				-1.423,
				3,
				1.544,
				3.167,
				1.544,
				1,
				3.344,
				1.544,
				3.522,
				-1.853,
				3.7,
				-1.853,
				1,
				3.911,
				-1.853,
				4.122,
				2.718,
				4.333,
				2.718,
				1,
				4.444,
				2.718,
				4.556,
				-1.523,
				4.667,
				-1.523
			]
		},
		{
			"Target": "Parameter",
			"Id": "Param_Angle_Rotation_7_m_h",
			"Segments": [
				0,
				0.07,
				1,
				0.078,
				0.07,
				0.156,
				1.815,
				0.233,
				1.815,
				1,
				0.378,
				1.815,
				0.522,
				-1.253,
				0.667,
				-1.253,
				1,
				0.822,
				-1.253,
				0.978,
				0.799,
				1.133,
				0.799,
				1,
				1.322,
				0.799,
				1.511,
				-0.763,
				1.7,
				-0.763,
				1,
				1.889,
				-0.763,
				2.078,
				1.233,
				2.267,
				1.233,
				1,
				2.433,
				1.233,
				2.6,
				-1.452,
				2.767,
				-1.452,
				1,
				2.922,
				-1.452,
				3.078,
				1.577,
				3.233,
				1.577,
				1,
				3.411,
				1.577,
				3.589,
				-1.611,
				3.767,
				-1.611,
				1,
				3.978,
				-1.611,
				4.189,
				2.22,
				4.4,
				2.22,
				1,
				4.489,
				2.22,
				4.578,
				-0.283,
				4.667,
				-0.283
			]
		},
		{
			"Target": "Parameter",
			"Id": "Param_Angle_Rotation_8_m_h",
			"Segments": [
				0,
				-1.562,
				1,
				0.1,
				-1.562,
				0.2,
				2.825,
				0.3,
				2.825,
				1,
				0.456,
				2.825,
				0.611,
				-2.069,
				0.767,
				-2.069,
				1,
				0.911,
				-2.069,
				1.056,
				1.381,
				1.2,
				1.381,
				1,
				1.389,
				1.381,
				1.578,
				-1.292,
				1.767,
				-1.292,
				1,
				1.967,
				-1.292,
				2.167,
				1.97,
				2.367,
				1.97,
				1,
				2.533,
				1.97,
				2.7,
				-2.294,
				2.867,
				-2.294,
				1,
				3.022,
				-2.294,
				3.178,
				2.516,
				3.333,
				2.516,
				1,
				3.5,
				2.516,
				3.667,
				-2.476,
				3.833,
				-2.476,
				1,
				4.033,
				-2.476,
				4.233,
				2.947,
				4.433,
				2.947,
				1,
				4.511,
				2.947,
				4.589,
				0.734,
				4.667,
				0.734
			]
		},
		{
			"Target": "Parameter",
			"Id": "Param_Angle_Rotation_9_m_h",
			"Segments": [
				0,
				-2.768,
				1,
				0.133,
				-2.768,
				0.267,
				3.136,
				0.4,
				3.136,
				1,
				0.556,
				3.136,
				0.711,
				-2.474,
				0.867,
				-2.474,
				1,
				1.011,
				-2.474,
				1.156,
				1.787,
				1.3,
				1.787,
				1,
				1.478,
				1.787,
				1.656,
				-1.514,
				1.833,
				-1.514,
				1,
				2.033,
				-1.514,
				2.233,
				2.195,
				2.433,
				2.195,
				1,
				2.6,
				2.195,
				2.767,
				-2.628,
				2.933,
				-2.628,
				1,
				3.089,
				-2.628,
				3.244,
				2.847,
				3.4,
				2.847,
				1,
				3.556,
				2.847,
				3.711,
				-2.533,
				3.867,
				-2.533,
				1,
				4.078,
				-2.533,
				4.289,
				2.798,
				4.5,
				2.798,
				1,
				4.556,
				2.798,
				4.611,
				1.35,
				4.667,
				1.35
			]
		},
		{
			"Target": "Parameter",
			"Id": "Param_Angle_Rotation_1_l_m_h",
			"Segments": [
				0,
				-0.001,
				1,
				0.044,
				-0.001,
				0.089,
				-0.003,
				0.133,
				-0.003,
				1,
				0.233,
				-0.003,
				0.333,
				0.003,
				0.433,
				0.003,
				1,
				0.556,
				0.003,
				0.678,
				-0.035,
				0.8,
				-0.035,
				1,
				1.022,
				-0.035,
				1.244,
				0.133,
				1.467,
				0.133,
				1,
				1.667,
				0.133,
				1.867,
				0.057,
				2.067,
				0.057,
				1,
				2.156,
				0.057,
				2.244,
				0.061,
				2.333,
				0.061,
				1,
				2.567,
				0.061,
				2.8,
				-0.061,
				3.033,
				-0.061,
				1,
				3.222,
				-0.061,
				3.411,
				0.342,
				3.6,
				0.342,
				1,
				3.767,
				0.342,
				3.933,
				0.138,
				4.1,
				0.138,
				1,
				4.211,
				0.138,
				4.322,
				0.187,
				4.433,
				0.187,
				1,
				4.511,
				0.187,
				4.589,
				0.149,
				4.667,
				0.149
			]
		},
		{
			"Target": "Parameter",
			"Id": "Param_Angle_Rotation_2_l_m_h",
			"Segments": [
				0,
				-0.001,
				1,
				0.044,
				-0.001,
				0.089,
				-0.003,
				0.133,
				-0.003,
				1,
				0.233,
				-0.003,
				0.333,
				0.003,
				0.433,
				0.003,
				1,
				0.556,
				0.003,
				0.678,
				-0.035,
				0.8,
				-0.035,
				1,
				1.022,
				-0.035,
				1.244,
				0.133,
				1.467,
				0.133,
				1,
				1.667,
				0.133,
				1.867,
				0.057,
				2.067,
				0.057,
				1,
				2.156,
				0.057,
				2.244,
				0.061,
				2.333,
				0.061,
				1,
				2.567,
				0.061,
				2.8,
				-0.061,
				3.033,
				-0.061,
				1,
				3.222,
				-0.061,
				3.411,
				0.342,
				3.6,
				0.342,
				1,
				3.767,
				0.342,
				3.933,
				0.138,
				4.1,
				0.138,
				1,
				4.211,
				0.138,
				4.322,
				0.187,
				4.433,
				0.187,
				1,
				4.511,
				0.187,
				4.589,
				0.149,
				4.667,
				0.149
			]
		},
		{
			"Target": "Parameter",
			"Id": "Param_Angle_Rotation_3_l_m_h",
			"Segments": [
				0,
				0.002,
				1,
				0.089,
				0.002,
				0.178,
				-0.007,
				0.267,
				-0.007,
				1,
				0.411,
				-0.007,
				0.556,
				0.025,
				0.7,
				0.025,
				1,
				0.856,
				0.025,
				1.011,
				-0.067,
				1.167,
				-0.067,
				1,
				1.333,
				-0.067,
				1.5,
				0.06,
				1.667,
				0.06,
				1,
				1.833,
				0.06,
				2,
				-0.036,
				2.167,
				-0.036,
				1,
				2.378,
				-0.036,
				2.589,
				0.046,
				2.8,
				0.046,
				1,
				2.989,
				0.046,
				3.178,
				-0.189,
				3.367,
				-0.189,
				1,
				3.522,
				-0.189,
				3.678,
				0.193,
				3.833,
				0.193,
				1,
				3.989,
				0.193,
				4.144,
				-0.136,
				4.3,
				-0.136,
				1,
				4.422,
				-0.136,
				4.544,
				0.094,
				4.667,
				0.094
			]
		},
		{
			"Target": "Parameter",
			"Id": "Param_Angle_Rotation_4_l_m_h",
			"Segments": [
				0,
				0.056,
				1,
				0.122,
				0.056,
				0.244,
				-0.052,
				0.367,
				-0.052,
				1,
				0.533,
				-0.052,
				0.7,
				0.091,
				0.867,
				0.091,
				1,
				1.022,
				0.091,
				1.178,
				-0.245,
				1.333,
				-0.245,
				1,
				1.5,
				-0.245,
				1.667,
				0.287,
				1.833,
				0.287,
				1,
				2,
				0.287,
				2.167,
				-0.221,
				2.333,
				-0.221,
				1,
				2.511,
				-0.221,
				2.689,
				0.212,
				2.867,
				0.212,
				1,
				3.078,
				0.212,
				3.289,
				-0.607,
				3.5,
				-0.607,
				1,
				3.667,
				-0.607,
				3.833,
				0.842,
				4,
				0.842,
				1,
				4.156,
				0.842,
				4.311,
				-0.743,
				4.467,
				-0.743,
				1,
				4.533,
				-0.743,
				4.6,
				-0.17,
				4.667,
				-0.17
			]
		},
		{
			"Target": "Parameter",
			"Id": "Param_Angle_Rotation_5_l_m_h",
			"Segments": [
				0,
				0.331,
				1,
				0.133,
				0.331,
				0.267,
				-0.202,
				0.4,
				-0.202,
				1,
				0.578,
				-0.202,
				0.756,
				0.165,
				0.933,
				0.165,
				1,
				1.111,
				0.165,
				1.289,
				-0.387,
				1.467,
				-0.387,
				1,
				1.633,
				-0.387,
				1.8,
				0.541,
				1.967,
				0.541,
				1,
				2.122,
				0.541,
				2.278,
				-0.508,
				2.433,
				-0.508,
				1,
				2.6,
				-0.508,
				2.767,
				0.482,
				2.933,
				0.482,
				1,
				3.156,
				0.482,
				3.378,
				-0.831,
				3.6,
				-0.831,
				1,
				3.778,
				-0.831,
				3.956,
				1.428,
				4.133,
				1.428,
				1,
				4.289,
				1.428,
				4.444,
				-1.55,
				4.6,
				-1.55,
				1,
				4.622,
				-1.55,
				4.644,
				-1.393,
				4.667,
				-1.393
			]
		},
		{
			"Target": "Parameter",
			"Id": "Param_Angle_Rotation_6_l_m_h",
			"Segments": [
				0,
				1.008,
				1,
				0.156,
				1.008,
				0.311,
				-0.601,
				0.467,
				-0.601,
				1,
				0.633,
				-0.601,
				0.8,
				0.36,
				0.967,
				0.36,
				1,
				1.167,
				0.36,
				1.367,
				-0.562,
				1.567,
				-0.562,
				1,
				1.733,
				-0.562,
				1.9,
				0.879,
				2.067,
				0.879,
				1,
				2.233,
				0.879,
				2.4,
				-0.946,
				2.567,
				-0.946,
				1,
				2.722,
				-0.946,
				2.878,
				0.945,
				3.033,
				0.945,
				1,
				3.233,
				0.945,
				3.433,
				-1.132,
				3.633,
				-1.132,
				1,
				3.833,
				-1.132,
				4.033,
				2.078,
				4.233,
				2.078,
				1,
				4.378,
				2.078,
				4.522,
				-2.496,
				4.667,
				-2.496
			]
		},
		{
			"Target": "Parameter",
			"Id": "Param_Angle_Rotation_7_l_m_h",
			"Segments": [
				0,
				0.89,
				1,
				0.044,
				0.89,
				0.089,
				1.618,
				0.133,
				1.618,
				1,
				0.289,
				1.618,
				0.444,
				-1.019,
				0.6,
				-1.019,
				1,
				0.756,
				-1.019,
				0.911,
				0.631,
				1.067,
				0.631,
				1,
				1.256,
				0.631,
				1.444,
				-0.887,
				1.633,
				-0.887,
				1,
				1.822,
				-0.887,
				2.011,
				1.34,
				2.2,
				1.34,
				1,
				2.356,
				1.34,
				2.511,
				-1.423,
				2.667,
				-1.423,
				1,
				2.833,
				-1.423,
				3,
				1.544,
				3.167,
				1.544,
				1,
				3.344,
				1.544,
				3.522,
				-1.853,
				3.7,
				-1.853,
				1,
				3.911,
				-1.853,
				4.122,
				2.718,
				4.333,
				2.718,
				1,
				4.444,
				2.718,
				4.556,
				-1.523,
				4.667,
				-1.523
			]
		},
		{
			"Target": "Parameter",
			"Id": "Param_Angle_Rotation_8_l_m_h",
			"Segments": [
				0,
				0.084,
				1,
				0.078,
				0.084,
				0.156,
				2.178,
				0.233,
				2.178,
				1,
				0.378,
				2.178,
				0.522,
				-1.504,
				0.667,
				-1.504,
				1,
				0.822,
				-1.504,
				0.978,
				0.958,
				1.133,
				0.958,
				1,
				1.322,
				0.958,
				1.511,
				-0.916,
				1.7,
				-0.916,
				1,
				1.889,
				-0.916,
				2.078,
				1.48,
				2.267,
				1.48,
				1,
				2.433,
				1.48,
				2.6,
				-1.743,
				2.767,
				-1.743,
				1,
				2.922,
				-1.743,
				3.078,
				1.892,
				3.233,
				1.892,
				1,
				3.411,
				1.892,
				3.589,
				-1.934,
				3.767,
				-1.934,
				1,
				3.978,
				-1.934,
				4.189,
				2.664,
				4.4,
				2.664,
				1,
				4.489,
				2.664,
				4.578,
				-0.339,
				4.667,
				-0.339
			]
		},
		{
			"Target": "Parameter",
			"Id": "Param_Angle_Rotation_9_l_m_h",
			"Segments": [
				0,
				-1.562,
				1,
				0.1,
				-1.562,
				0.2,
				2.825,
				0.3,
				2.825,
				1,
				0.456,
				2.825,
				0.611,
				-2.069,
				0.767,
				-2.069,
				1,
				0.911,
				-2.069,
				1.056,
				1.381,
				1.2,
				1.381,
				1,
				1.389,
				1.381,
				1.578,
				-1.292,
				1.767,
				-1.292,
				1,
				1.967,
				-1.292,
				2.167,
				1.97,
				2.367,
				1.97,
				1,
				2.533,
				1.97,
				2.7,
				-2.294,
				2.867,
				-2.294,
				1,
				3.022,
				-2.294,
				3.178,
				2.516,
				3.333,
				2.516,
				1,
				3.5,
				2.516,
				3.667,
				-2.476,
				3.833,
				-2.476,
				1,
				4.033,
				-2.476,
				4.233,
				2.947,
				4.433,
				2.947,
				1,
				4.511,
				2.947,
				4.589,
				0.734,
				4.667,
				0.734
			]
		},
		{
			"Target": "Parameter",
			"Id": "Param_Angle_Rotation_1_r_r_h",
			"Segments": [
				0,
				-0.001,
				1,
				0.044,
				-0.001,
				0.089,
				-0.003,
				0.133,
				-0.003,
				1,
				0.233,
				-0.003,
				0.333,
				0.003,
				0.433,
				0.003,
				1,
				0.556,
				0.003,
				0.678,
				-0.035,
				0.8,
				-0.035,
				1,
				1.022,
				-0.035,
				1.244,
				0.133,
				1.467,
				0.133,
				1,
				1.667,
				0.133,
				1.867,
				0.057,
				2.067,
				0.057,
				1,
				2.156,
				0.057,
				2.244,
				0.061,
				2.333,
				0.061,
				1,
				2.567,
				0.061,
				2.8,
				-0.061,
				3.033,
				-0.061,
				1,
				3.222,
				-0.061,
				3.411,
				0.342,
				3.6,
				0.342,
				1,
				3.767,
				0.342,
				3.933,
				0.138,
				4.1,
				0.138,
				1,
				4.211,
				0.138,
				4.322,
				0.187,
				4.433,
				0.187,
				1,
				4.511,
				0.187,
				4.589,
				0.149,
				4.667,
				0.149
			]
		},
		{
			"Target": "Parameter",
			"Id": "Param_Angle_Rotation_2_r_r_h",
			"Segments": [
				0,
				-0.001,
				1,
				0.044,
				-0.001,
				0.089,
				-0.003,
				0.133,
				-0.003,
				1,
				0.233,
				-0.003,
				0.333,
				0.003,
				0.433,
				0.003,
				1,
				0.556,
				0.003,
				0.678,
				-0.035,
				0.8,
				-0.035,
				1,
				1.022,
				-0.035,
				1.244,
				0.133,
				1.467,
				0.133,
				1,
				1.667,
				0.133,
				1.867,
				0.057,
				2.067,
				0.057,
				1,
				2.156,
				0.057,
				2.244,
				0.061,
				2.333,
				0.061,
				1,
				2.567,
				0.061,
				2.8,
				-0.061,
				3.033,
				-0.061,
				1,
				3.222,
				-0.061,
				3.411,
				0.342,
				3.6,
				0.342,
				1,
				3.767,
				0.342,
				3.933,
				0.138,
				4.1,
				0.138,
				1,
				4.211,
				0.138,
				4.322,
				0.187,
				4.433,
				0.187,
				1,
				4.511,
				0.187,
				4.589,
				0.149,
				4.667,
				0.149
			]
		},
		{
			"Target": "Parameter",
			"Id": "Param_Angle_Rotation_3_r_r_h",
			"Segments": [
				0,
				-0.002,
				1,
				0.044,
				-0.002,
				0.089,
				-0.005,
				0.133,
				-0.005,
				1,
				0.233,
				-0.005,
				0.333,
				0.006,
				0.433,
				0.006,
				1,
				0.556,
				0.006,
				0.678,
				-0.07,
				0.8,
				-0.07,
				1,
				1.022,
				-0.07,
				1.244,
				0.266,
				1.467,
				0.266,
				1,
				1.667,
				0.266,
				1.867,
				0.113,
				2.067,
				0.113,
				1,
				2.156,
				0.113,
				2.244,
				0.123,
				2.333,
				0.123,
				1,
				2.567,
				0.123,
				2.8,
				-0.122,
				3.033,
				-0.122,
				1,
				3.222,
				-0.122,
				3.411,
				0.685,
				3.6,
				0.685,
				1,
				3.767,
				0.685,
				3.933,
				0.276,
				4.1,
				0.276,
				1,
				4.211,
				0.276,
				4.322,
				0.374,
				4.433,
				0.374,
				1,
				4.511,
				0.374,
				4.589,
				0.297,
				4.667,
				0.297
			]
		},
		{
			"Target": "Parameter",
			"Id": "Param_Angle_Rotation_4_r_r_h",
			"Segments": [
				0,
				0.005,
				1,
				0.089,
				0.005,
				0.178,
				-0.02,
				0.267,
				-0.02,
				1,
				0.411,
				-0.02,
				0.556,
				0.075,
				0.7,
				0.075,
				1,
				0.856,
				0.075,
				1.011,
				-0.201,
				1.167,
				-0.201,
				1,
				1.333,
				-0.201,
				1.5,
				0.181,
				1.667,
				0.181,
				1,
				1.833,
				0.181,
				2,
				-0.107,
				2.167,
				-0.107,
				1,
				2.378,
				-0.107,
				2.589,
				0.139,
				2.8,
				0.139,
				1,
				2.989,
				0.139,
				3.178,
				-0.568,
				3.367,
				-0.568,
				1,
				3.522,
				-0.568,
				3.678,
				0.58,
				3.833,
				0.58,
				1,
				3.989,
				0.58,
				4.144,
				-0.408,
				4.3,
				-0.408,
				1,
				4.422,
				-0.408,
				4.544,
				0.281,
				4.667,
				0.281
			]
		},
		{
			"Target": "Parameter",
			"Id": "Param_Angle_Rotation_5_r_r_h",
			"Segments": [
				0,
				0.074,
				1,
				0.122,
				0.074,
				0.244,
				-0.069,
				0.367,
				-0.069,
				1,
				0.533,
				-0.069,
				0.7,
				0.122,
				0.867,
				0.122,
				1,
				1.022,
				0.122,
				1.178,
				-0.326,
				1.333,
				-0.326,
				1,
				1.5,
				-0.326,
				1.667,
				0.382,
				1.833,
				0.382,
				1,
				2,
				0.382,
				2.167,
				-0.295,
				2.333,
				-0.295,
				1,
				2.511,
				-0.295,
				2.689,
				0.283,
				2.867,
				0.283,
				1,
				3.078,
				0.283,
				3.289,
				-0.809,
				3.5,
				-0.809,
				1,
				3.667,
				-0.809,
				3.833,
				1.123,
				4,
				1.123,
				1,
				4.156,
				1.123,
				4.311,
				-0.991,
				4.467,
				-0.991,
				1,
				4.533,
				-0.991,
				4.6,
				-0.227,
				4.667,
				-0.227
			]
		},
		{
			"Target": "Parameter",
			"Id": "Param_Angle_Rotation_6_r_r_h",
			"Segments": [
				0,
				0.413,
				1,
				0.133,
				0.413,
				0.267,
				-0.253,
				0.4,
				-0.253,
				1,
				0.578,
				-0.253,
				0.756,
				0.206,
				0.933,
				0.206,
				1,
				1.111,
				0.206,
				1.289,
				-0.483,
				1.467,
				-0.483,
				1,
				1.633,
				-0.483,
				1.8,
				0.676,
				1.967,
				0.676,
				1,
				2.122,
				0.676,
				2.278,
				-0.635,
				2.433,
				-0.635,
				1,
				2.6,
				-0.635,
				2.767,
				0.603,
				2.933,
				0.603,
				1,
				3.156,
				0.603,
				3.378,
				-1.038,
				3.6,
				-1.038,
				1,
				3.778,
				-1.038,
				3.956,
				1.785,
				4.133,
				1.785,
				1,
				4.289,
				1.785,
				4.444,
				-1.937,
				4.6,
				-1.937,
				1,
				4.622,
				-1.937,
				4.644,
				-1.741,
				4.667,
				-1.741
			]
		},
		{
			"Target": "Parameter",
			"Id": "Param_Angle_Rotation_7_r_r_h",
			"Segments": [
				0,
				1.008,
				1,
				0.156,
				1.008,
				0.311,
				-0.601,
				0.467,
				-0.601,
				1,
				0.633,
				-0.601,
				0.8,
				0.36,
				0.967,
				0.36,
				1,
				1.167,
				0.36,
				1.367,
				-0.562,
				1.567,
				-0.562,
				1,
				1.733,
				-0.562,
				1.9,
				0.879,
				2.067,
				0.879,
				1,
				2.233,
				0.879,
				2.4,
				-0.946,
				2.567,
				-0.946,
				1,
				2.722,
				-0.946,
				2.878,
				0.945,
				3.033,
				0.945,
				1,
				3.233,
				0.945,
				3.433,
				-1.132,
				3.633,
				-1.132,
				1,
				3.833,
				-1.132,
				4.033,
				2.078,
				4.233,
				2.078,
				1,
				4.378,
				2.078,
				4.522,
				-2.496,
				4.667,
				-2.496
			]
		},
		{
			"Target": "Parameter",
			"Id": "Param_Angle_Rotation_8_r_r_h",
			"Segments": [
				0,
				0.89,
				1,
				0.044,
				0.89,
				0.089,
				1.618,
				0.133,
				1.618,
				1,
				0.289,
				1.618,
				0.444,
				-1.019,
				0.6,
				-1.019,
				1,
				0.756,
				-1.019,
				0.911,
				0.631,
				1.067,
				0.631,
				1,
				1.256,
				0.631,
				1.444,
				-0.887,
				1.633,
				-0.887,
				1,
				1.822,
				-0.887,
				2.011,
				1.34,
				2.2,
				1.34,
				1,
				2.356,
				1.34,
				2.511,
				-1.423,
				2.667,
				-1.423,
				1,
				2.833,
				-1.423,
				3,
				1.544,
				3.167,
				1.544,
				1,
				3.344,
				1.544,
				3.522,
				-1.853,
				3.7,
				-1.853,
				1,
				3.911,
				-1.853,
				4.122,
				2.718,
				4.333,
				2.718,
				1,
				4.444,
				2.718,
				4.556,
				-1.523,
				4.667,
				-1.523
			]
		},
		{
			"Target": "Parameter",
			"Id": "Param_Angle_Rotation_9_r_r_h",
			"Segments": [
				0,
				0.084,
				1,
				0.078,
				0.084,
				0.156,
				2.178,
				0.233,
				2.178,
				1,
				0.378,
				2.178,
				0.522,
				-1.504,
				0.667,
				-1.504,
				1,
				0.822,
				-1.504,
				0.978,
				0.958,
				1.133,
				0.958,
				1,
				1.322,
				0.958,
				1.511,
				-0.916,
				1.7,
				-0.916,
				1,
				1.889,
				-0.916,
				2.078,
				1.48,
				2.267,
				1.48,
				1,
				2.433,
				1.48,
				2.6,
				-1.743,
				2.767,
				-1.743,
				1,
				2.922,
				-1.743,
				3.078,
				1.892,
				3.233,
				1.892,
				1,
				3.411,
				1.892,
				3.589,
				-1.934,
				3.767,
				-1.934,
				1,
				3.978,
				-1.934,
				4.189,
				2.664,
				4.4,
				2.664,
				1,
				4.489,
				2.664,
				4.578,
				-0.339,
				4.667,
				-0.339
			]
		},
		{
			"Target": "Parameter",
			"Id": "Param_Angle_Rotation_10_r_r_h",
			"Segments": [
				0,
				-1.562,
				1,
				0.1,
				-1.562,
				0.2,
				2.825,
				0.3,
				2.825,
				1,
				0.456,
				2.825,
				0.611,
				-2.069,
				0.767,
				-2.069,
				1,
				0.911,
				-2.069,
				1.056,
				1.381,
				1.2,
				1.381,
				1,
				1.389,
				1.381,
				1.578,
				-1.292,
				1.767,
				-1.292,
				1,
				1.967,
				-1.292,
				2.167,
				1.97,
				2.367,
				1.97,
				1,
				2.533,
				1.97,
				2.7,
				-2.294,
				2.867,
				-2.294,
				1,
				3.022,
				-2.294,
				3.178,
				2.516,
				3.333,
				2.516,
				1,
				3.5,
				2.516,
				3.667,
				-2.476,
				3.833,
				-2.476,
				1,
				4.033,
				-2.476,
				4.233,
				2.947,
				4.433,
				2.947,
				1,
				4.511,
				2.947,
				4.589,
				0.734,
				4.667,
				0.734
			]
		},
		{
			"Target": "Parameter",
			"Id": "Param_Angle_Rotation_11_r_r_h",
			"Segments": [
				0,
				-2.768,
				1,
				0.133,
				-2.768,
				0.267,
				3.136,
				0.4,
				3.136,
				1,
				0.556,
				3.136,
				0.711,
				-2.474,
				0.867,
				-2.474,
				1,
				1.011,
				-2.474,
				1.156,
				1.787,
				1.3,
				1.787,
				1,
				1.478,
				1.787,
				1.656,
				-1.514,
				1.833,
				-1.514,
				1,
				2.033,
				-1.514,
				2.233,
				2.195,
				2.433,
				2.195,
				1,
				2.6,
				2.195,
				2.767,
				-2.628,
				2.933,
				-2.628,
				1,
				3.089,
				-2.628,
				3.244,
				2.847,
				3.4,
				2.847,
				1,
				3.556,
				2.847,
				3.711,
				-2.533,
				3.867,
				-2.533,
				1,
				4.078,
				-2.533,
				4.289,
				2.798,
				4.5,
				2.798,
				1,
				4.556,
				2.798,
				4.611,
				1.35,
				4.667,
				1.35
			]
		},
		{
			"Target": "Parameter",
			"Id": "Param_Angle_Rotation_1_l_l_h",
			"Segments": [
				0,
				-0.001,
				1,
				0.044,
				-0.001,
				0.089,
				-0.003,
				0.133,
				-0.003,
				1,
				0.233,
				-0.003,
				0.333,
				0.003,
				0.433,
				0.003,
				1,
				0.556,
				0.003,
				0.678,
				-0.035,
				0.8,
				-0.035,
				1,
				1.022,
				-0.035,
				1.244,
				0.133,
				1.467,
				0.133,
				1,
				1.667,
				0.133,
				1.867,
				0.057,
				2.067,
				0.057,
				1,
				2.156,
				0.057,
				2.244,
				0.061,
				2.333,
				0.061,
				1,
				2.567,
				0.061,
				2.8,
				-0.061,
				3.033,
				-0.061,
				1,
				3.222,
				-0.061,
				3.411,
				0.342,
				3.6,
				0.342,
				1,
				3.767,
				0.342,
				3.933,
				0.138,
				4.1,
				0.138,
				1,
				4.211,
				0.138,
				4.322,
				0.187,
				4.433,
				0.187,
				1,
				4.511,
				0.187,
				4.589,
				0.149,
				4.667,
				0.149
			]
		},
		{
			"Target": "Parameter",
			"Id": "Param_Angle_Rotation_2_l_l_h",
			"Segments": [
				0,
				-0.001,
				1,
				0.044,
				-0.001,
				0.089,
				-0.003,
				0.133,
				-0.003,
				1,
				0.233,
				-0.003,
				0.333,
				0.003,
				0.433,
				0.003,
				1,
				0.556,
				0.003,
				0.678,
				-0.035,
				0.8,
				-0.035,
				1,
				1.022,
				-0.035,
				1.244,
				0.133,
				1.467,
				0.133,
				1,
				1.667,
				0.133,
				1.867,
				0.057,
				2.067,
				0.057,
				1,
				2.156,
				0.057,
				2.244,
				0.061,
				2.333,
				0.061,
				1,
				2.567,
				0.061,
				2.8,
				-0.061,
				3.033,
				-0.061,
				1,
				3.222,
				-0.061,
				3.411,
				0.342,
				3.6,
				0.342,
				1,
				3.767,
				0.342,
				3.933,
				0.138,
				4.1,
				0.138,
				1,
				4.211,
				0.138,
				4.322,
				0.187,
				4.433,
				0.187,
				1,
				4.511,
				0.187,
				4.589,
				0.149,
				4.667,
				0.149
			]
		},
		{
			"Target": "Parameter",
			"Id": "Param_Angle_Rotation_3_l_l_h",
			"Segments": [
				0,
				0.002,
				1,
				0.089,
				0.002,
				0.178,
				-0.007,
				0.267,
				-0.007,
				1,
				0.411,
				-0.007,
				0.556,
				0.025,
				0.7,
				0.025,
				1,
				0.856,
				0.025,
				1.011,
				-0.067,
				1.167,
				-0.067,
				1,
				1.333,
				-0.067,
				1.5,
				0.06,
				1.667,
				0.06,
				1,
				1.833,
				0.06,
				2,
				-0.036,
				2.167,
				-0.036,
				1,
				2.378,
				-0.036,
				2.589,
				0.046,
				2.8,
				0.046,
				1,
				2.989,
				0.046,
				3.178,
				-0.189,
				3.367,
				-0.189,
				1,
				3.522,
				-0.189,
				3.678,
				0.193,
				3.833,
				0.193,
				1,
				3.989,
				0.193,
				4.144,
				-0.136,
				4.3,
				-0.136,
				1,
				4.422,
				-0.136,
				4.544,
				0.094,
				4.667,
				0.094
			]
		},
		{
			"Target": "Parameter",
			"Id": "Param_Angle_Rotation_4_l_l_h",
			"Segments": [
				0,
				0.056,
				1,
				0.122,
				0.056,
				0.244,
				-0.052,
				0.367,
				-0.052,
				1,
				0.533,
				-0.052,
				0.7,
				0.091,
				0.867,
				0.091,
				1,
				1.022,
				0.091,
				1.178,
				-0.245,
				1.333,
				-0.245,
				1,
				1.5,
				-0.245,
				1.667,
				0.287,
				1.833,
				0.287,
				1,
				2,
				0.287,
				2.167,
				-0.221,
				2.333,
				-0.221,
				1,
				2.511,
				-0.221,
				2.689,
				0.212,
				2.867,
				0.212,
				1,
				3.078,
				0.212,
				3.289,
				-0.607,
				3.5,
				-0.607,
				1,
				3.667,
				-0.607,
				3.833,
				0.842,
				4,
				0.842,
				1,
				4.156,
				0.842,
				4.311,
				-0.743,
				4.467,
				-0.743,
				1,
				4.533,
				-0.743,
				4.6,
				-0.17,
				4.667,
				-0.17
			]
		},
		{
			"Target": "Parameter",
			"Id": "Param_Angle_Rotation_5_l_l_h",
			"Segments": [
				0,
				0.331,
				1,
				0.133,
				0.331,
				0.267,
				-0.202,
				0.4,
				-0.202,
				1,
				0.578,
				-0.202,
				0.756,
				0.165,
				0.933,
				0.165,
				1,
				1.111,
				0.165,
				1.289,
				-0.387,
				1.467,
				-0.387,
				1,
				1.633,
				-0.387,
				1.8,
				0.541,
				1.967,
				0.541,
				1,
				2.122,
				0.541,
				2.278,
				-0.508,
				2.433,
				-0.508,
				1,
				2.6,
				-0.508,
				2.767,
				0.482,
				2.933,
				0.482,
				1,
				3.156,
				0.482,
				3.378,
				-0.831,
				3.6,
				-0.831,
				1,
				3.778,
				-0.831,
				3.956,
				1.428,
				4.133,
				1.428,
				1,
				4.289,
				1.428,
				4.444,
				-1.55,
				4.6,
				-1.55,
				1,
				4.622,
				-1.55,
				4.644,
				-1.393,
				4.667,
				-1.393
			]
		},
		{
			"Target": "Parameter",
			"Id": "Param_Angle_Rotation_6_l_l_h",
			"Segments": [
				0,
				1.008,
				1,
				0.156,
				1.008,
				0.311,
				-0.601,
				0.467,
				-0.601,
				1,
				0.633,
				-0.601,
				0.8,
				0.36,
				0.967,
				0.36,
				1,
				1.167,
				0.36,
				1.367,
				-0.562,
				1.567,
				-0.562,
				1,
				1.733,
				-0.562,
				1.9,
				0.879,
				2.067,
				0.879,
				1,
				2.233,
				0.879,
				2.4,
				-0.946,
				2.567,
				-0.946,
				1,
				2.722,
				-0.946,
				2.878,
				0.945,
				3.033,
				0.945,
				1,
				3.233,
				0.945,
				3.433,
				-1.132,
				3.633,
				-1.132,
				1,
				3.833,
				-1.132,
				4.033,
				2.078,
				4.233,
				2.078,
				1,
				4.378,
				2.078,
				4.522,
				-2.496,
				4.667,
				-2.496
			]
		},
		{
			"Target": "Parameter",
			"Id": "Param_Angle_Rotation_7_l_l_h",
			"Segments": [
				0,
				0.89,
				1,
				0.044,
				0.89,
				0.089,
				1.618,
				0.133,
				1.618,
				1,
				0.289,
				1.618,
				0.444,
				-1.019,
				0.6,
				-1.019,
				1,
				0.756,
				-1.019,
				0.911,
				0.631,
				1.067,
				0.631,
				1,
				1.256,
				0.631,
				1.444,
				-0.887,
				1.633,
				-0.887,
				1,
				1.822,
				-0.887,
				2.011,
				1.34,
				2.2,
				1.34,
				1,
				2.356,
				1.34,
				2.511,
				-1.423,
				2.667,
				-1.423,
				1,
				2.833,
				-1.423,
				3,
				1.544,
				3.167,
				1.544,
				1,
				3.344,
				1.544,
				3.522,
				-1.853,
				3.7,
				-1.853,
				1,
				3.911,
				-1.853,
				4.122,
				2.718,
				4.333,
				2.718,
				1,
				4.444,
				2.718,
				4.556,
				-1.523,
				4.667,
				-1.523
			]
		},
		{
			"Target": "Parameter",
			"Id": "Param_Angle_Rotation_8_l_l_h",
			"Segments": [
				0,
				0.07,
				1,
				0.078,
				0.07,
				0.156,
				1.815,
				0.233,
				1.815,
				1,
				0.378,
				1.815,
				0.522,
				-1.253,
				0.667,
				-1.253,
				1,
				0.822,
				-1.253,
				0.978,
				0.799,
				1.133,
				0.799,
				1,
				1.322,
				0.799,
				1.511,
				-0.763,
				1.7,
				-0.763,
				1,
				1.889,
				-0.763,
				2.078,
				1.233,
				2.267,
				1.233,
				1,
				2.433,
				1.233,
				2.6,
				-1.452,
				2.767,
				-1.452,
				1,
				2.922,
				-1.452,
				3.078,
				1.577,
				3.233,
				1.577,
				1,
				3.411,
				1.577,
				3.589,
				-1.611,
				3.767,
				-1.611,
				1,
				3.978,
				-1.611,
				4.189,
				2.22,
				4.4,
				2.22,
				1,
				4.489,
				2.22,
				4.578,
				-0.283,
				4.667,
				-0.283
			]
		},
		{
			"Target": "Parameter",
			"Id": "Param_Angle_Rotation_9_l_l_h",
			"Segments": [
				0,
				-1.302,
				1,
				0.1,
				-1.302,
				0.2,
				2.354,
				0.3,
				2.354,
				1,
				0.456,
				2.354,
				0.611,
				-1.724,
				0.767,
				-1.724,
				1,
				0.911,
				-1.724,
				1.056,
				1.151,
				1.2,
				1.151,
				1,
				1.389,
				1.151,
				1.578,
				-1.077,
				1.767,
				-1.077,
				1,
				1.967,
				-1.077,
				2.167,
				1.642,
				2.367,
				1.642,
				1,
				2.533,
				1.642,
				2.7,
				-1.911,
				2.867,
				-1.911,
				1,
				3.022,
				-1.911,
				3.178,
				2.097,
				3.333,
				2.097,
				1,
				3.5,
				2.097,
				3.667,
				-2.063,
				3.833,
				-2.063,
				1,
				4.033,
				-2.063,
				4.233,
				2.456,
				4.433,
				2.456,
				1,
				4.511,
				2.456,
				4.589,
				0.612,
				4.667,
				0.612
			]
		},
		{
			"Target": "Parameter",
			"Id": "Param_Angle_Rotation_10_l_l_h",
			"Segments": [
				0,
				-2.768,
				1,
				0.133,
				-2.768,
				0.267,
				3.136,
				0.4,
				3.136,
				1,
				0.556,
				3.136,
				0.711,
				-2.474,
				0.867,
				-2.474,
				1,
				1.011,
				-2.474,
				1.156,
				1.787,
				1.3,
				1.787,
				1,
				1.478,
				1.787,
				1.656,
				-1.514,
				1.833,
				-1.514,
				1,
				2.033,
				-1.514,
				2.233,
				2.195,
				2.433,
				2.195,
				1,
				2.6,
				2.195,
				2.767,
				-2.628,
				2.933,
				-2.628,
				1,
				3.089,
				-2.628,
				3.244,
				2.847,
				3.4,
				2.847,
				1,
				3.556,
				2.847,
				3.711,
				-2.533,
				3.867,
				-2.533,
				1,
				4.078,
				-2.533,
				4.289,
				2.798,
				4.5,
				2.798,
				1,
				4.556,
				2.798,
				4.611,
				1.35,
				4.667,
				1.35
			]
		},
		{
			"Target": "Parameter",
			"Id": "Param_Angle_Rotation_11_l_l_h",
			"Segments": [
				0,
				-2.768,
				1,
				0.133,
				-2.768,
				0.267,
				3.136,
				0.4,
				3.136,
				1,
				0.556,
				3.136,
				0.711,
				-2.474,
				0.867,
				-2.474,
				1,
				1.011,
				-2.474,
				1.156,
				1.787,
				1.3,
				1.787,
				1,
				1.478,
				1.787,
				1.656,
				-1.514,
				1.833,
				-1.514,
				1,
				2.033,
				-1.514,
				2.233,
				2.195,
				2.433,
				2.195,
				1,
				2.6,
				2.195,
				2.767,
				-2.628,
				2.933,
				-2.628,
				1,
				3.089,
				-2.628,
				3.244,
				2.847,
				3.4,
				2.847,
				1,
				3.556,
				2.847,
				3.711,
				-2.533,
				3.867,
				-2.533,
				1,
				4.078,
				-2.533,
				4.289,
				2.798,
				4.5,
				2.798,
				1,
				4.556,
				2.798,
				4.611,
				1.35,
				4.667,
				1.35
			]
		},
		{
			"Target": "Parameter",
			"Id": "Param_Angle_Rotation_1_rr_h",
			"Segments": [
				0,
				-0.001,
				1,
				0.044,
				-0.001,
				0.089,
				-0.003,
				0.133,
				-0.003,
				1,
				0.233,
				-0.003,
				0.333,
				0.003,
				0.433,
				0.003,
				1,
				0.556,
				0.003,
				0.678,
				-0.035,
				0.8,
				-0.035,
				1,
				1.022,
				-0.035,
				1.244,
				0.133,
				1.467,
				0.133,
				1,
				1.667,
				0.133,
				1.867,
				0.057,
				2.067,
				0.057,
				1,
				2.156,
				0.057,
				2.244,
				0.061,
				2.333,
				0.061,
				1,
				2.567,
				0.061,
				2.8,
				-0.061,
				3.033,
				-0.061,
				1,
				3.222,
				-0.061,
				3.411,
				0.342,
				3.6,
				0.342,
				1,
				3.767,
				0.342,
				3.933,
				0.138,
				4.1,
				0.138,
				1,
				4.211,
				0.138,
				4.322,
				0.187,
				4.433,
				0.187,
				1,
				4.511,
				0.187,
				4.589,
				0.149,
				4.667,
				0.149
			]
		},
		{
			"Target": "Parameter",
			"Id": "Param_Angle_Rotation_2_rr_h",
			"Segments": [
				0,
				-0.001,
				1,
				0.044,
				-0.001,
				0.089,
				-0.003,
				0.133,
				-0.003,
				1,
				0.233,
				-0.003,
				0.333,
				0.003,
				0.433,
				0.003,
				1,
				0.556,
				0.003,
				0.678,
				-0.035,
				0.8,
				-0.035,
				1,
				1.022,
				-0.035,
				1.244,
				0.133,
				1.467,
				0.133,
				1,
				1.667,
				0.133,
				1.867,
				0.057,
				2.067,
				0.057,
				1,
				2.156,
				0.057,
				2.244,
				0.061,
				2.333,
				0.061,
				1,
				2.567,
				0.061,
				2.8,
				-0.061,
				3.033,
				-0.061,
				1,
				3.222,
				-0.061,
				3.411,
				0.342,
				3.6,
				0.342,
				1,
				3.767,
				0.342,
				3.933,
				0.138,
				4.1,
				0.138,
				1,
				4.211,
				0.138,
				4.322,
				0.187,
				4.433,
				0.187,
				1,
				4.511,
				0.187,
				4.589,
				0.149,
				4.667,
				0.149
			]
		},
		{
			"Target": "Parameter",
			"Id": "Param_Angle_Rotation_3_rr_h",
			"Segments": [
				0,
				0.002,
				1,
				0.089,
				0.002,
				0.178,
				-0.007,
				0.267,
				-0.007,
				1,
				0.411,
				-0.007,
				0.556,
				0.025,
				0.7,
				0.025,
				1,
				0.856,
				0.025,
				1.011,
				-0.067,
				1.167,
				-0.067,
				1,
				1.333,
				-0.067,
				1.5,
				0.06,
				1.667,
				0.06,
				1,
				1.833,
				0.06,
				2,
				-0.036,
				2.167,
				-0.036,
				1,
				2.378,
				-0.036,
				2.589,
				0.046,
				2.8,
				0.046,
				1,
				2.989,
				0.046,
				3.178,
				-0.189,
				3.367,
				-0.189,
				1,
				3.522,
				-0.189,
				3.678,
				0.193,
				3.833,
				0.193,
				1,
				3.989,
				0.193,
				4.144,
				-0.136,
				4.3,
				-0.136,
				1,
				4.422,
				-0.136,
				4.544,
				0.094,
				4.667,
				0.094
			]
		},
		{
			"Target": "Parameter",
			"Id": "Param_Angle_Rotation_4_rr_h",
			"Segments": [
				0,
				0.019,
				1,
				0.122,
				0.019,
				0.244,
				-0.017,
				0.367,
				-0.017,
				1,
				0.533,
				-0.017,
				0.7,
				0.03,
				0.867,
				0.03,
				1,
				1.022,
				0.03,
				1.178,
				-0.082,
				1.333,
				-0.082,
				1,
				1.5,
				-0.082,
				1.667,
				0.096,
				1.833,
				0.096,
				1,
				2,
				0.096,
				2.167,
				-0.074,
				2.333,
				-0.074,
				1,
				2.511,
				-0.074,
				2.689,
				0.071,
				2.867,
				0.071,
				1,
				3.078,
				0.071,
				3.289,
				-0.202,
				3.5,
				-0.202,
				1,
				3.667,
				-0.202,
				3.833,
				0.281,
				4,
				0.281,
				1,
				4.156,
				0.281,
				4.311,
				-0.248,
				4.467,
				-0.248,
				1,
				4.533,
				-0.248,
				4.6,
				-0.057,
				4.667,
				-0.057
			]
		},
		{
			"Target": "Parameter",
			"Id": "Param_Angle_Rotation_5_rr_h",
			"Segments": [
				0,
				0.083,
				1,
				0.133,
				0.083,
				0.267,
				-0.051,
				0.4,
				-0.051,
				1,
				0.578,
				-0.051,
				0.756,
				0.041,
				0.933,
				0.041,
				1,
				1.111,
				0.041,
				1.289,
				-0.097,
				1.467,
				-0.097,
				1,
				1.633,
				-0.097,
				1.8,
				0.135,
				1.967,
				0.135,
				1,
				2.122,
				0.135,
				2.278,
				-0.127,
				2.433,
				-0.127,
				1,
				2.6,
				-0.127,
				2.767,
				0.121,
				2.933,
				0.121,
				1,
				3.156,
				0.121,
				3.378,
				-0.208,
				3.6,
				-0.208,
				1,
				3.778,
				-0.208,
				3.956,
				0.357,
				4.133,
				0.357,
				1,
				4.289,
				0.357,
				4.444,
				-0.387,
				4.6,
				-0.387,
				1,
				4.622,
				-0.387,
				4.644,
				-0.348,
				4.667,
				-0.348
			]
		},
		{
			"Target": "Parameter",
			"Id": "Param_Angle_Rotation_6_rr_h",
			"Segments": [
				0,
				1.008,
				1,
				0.156,
				1.008,
				0.311,
				-0.601,
				0.467,
				-0.601,
				1,
				0.633,
				-0.601,
				0.8,
				0.36,
				0.967,
				0.36,
				1,
				1.167,
				0.36,
				1.367,
				-0.562,
				1.567,
				-0.562,
				1,
				1.733,
				-0.562,
				1.9,
				0.879,
				2.067,
				0.879,
				1,
				2.233,
				0.879,
				2.4,
				-0.946,
				2.567,
				-0.946,
				1,
				2.722,
				-0.946,
				2.878,
				0.945,
				3.033,
				0.945,
				1,
				3.233,
				0.945,
				3.433,
				-1.132,
				3.633,
				-1.132,
				1,
				3.833,
				-1.132,
				4.033,
				2.078,
				4.233,
				2.078,
				1,
				4.378,
				2.078,
				4.522,
				-2.496,
				4.667,
				-2.496
			]
		},
		{
			"Target": "Parameter",
			"Id": "Param_Angle_Rotation_7_rr_h",
			"Segments": [
				0,
				1.068,
				1,
				0.044,
				1.068,
				0.089,
				1.941,
				0.133,
				1.941,
				1,
				0.289,
				1.941,
				0.444,
				-1.222,
				0.6,
				-1.222,
				1,
				0.756,
				-1.222,
				0.911,
				0.757,
				1.067,
				0.757,
				1,
				1.256,
				0.757,
				1.444,
				-1.064,
				1.633,
				-1.064,
				1,
				1.822,
				-1.064,
				2.011,
				1.608,
				2.2,
				1.608,
				1,
				2.356,
				1.608,
				2.511,
				-1.707,
				2.667,
				-1.707,
				1,
				2.833,
				-1.707,
				3,
				1.853,
				3.167,
				1.853,
				1,
				3.344,
				1.853,
				3.522,
				-2.224,
				3.7,
				-2.224,
				1,
				3.911,
				-2.224,
				4.122,
				3.262,
				4.333,
				3.262,
				1,
				4.444,
				3.262,
				4.556,
				-1.827,
				4.667,
				-1.827
			]
		},
		{
			"Target": "Parameter",
			"Id": "Param_Angle_Rotation_8_rr_h",
			"Segments": [
				0,
				0.084,
				1,
				0.078,
				0.084,
				0.156,
				2.178,
				0.233,
				2.178,
				1,
				0.378,
				2.178,
				0.522,
				-1.504,
				0.667,
				-1.504,
				1,
				0.822,
				-1.504,
				0.978,
				0.958,
				1.133,
				0.958,
				1,
				1.322,
				0.958,
				1.511,
				-0.916,
				1.7,
				-0.916,
				1,
				1.889,
				-0.916,
				2.078,
				1.48,
				2.267,
				1.48,
				1,
				2.433,
				1.48,
				2.6,
				-1.743,
				2.767,
				-1.743,
				1,
				2.922,
				-1.743,
				3.078,
				1.892,
				3.233,
				1.892,
				1,
				3.411,
				1.892,
				3.589,
				-1.934,
				3.767,
				-1.934,
				1,
				3.978,
				-1.934,
				4.189,
				2.664,
				4.4,
				2.664,
				1,
				4.489,
				2.664,
				4.578,
				-0.339,
				4.667,
				-0.339
			]
		},
		{
			"Target": "Parameter",
			"Id": "Param_Angle_Rotation_9_rr_h",
			"Segments": [
				0,
				-1.562,
				1,
				0.1,
				-1.562,
				0.2,
				2.825,
				0.3,
				2.825,
				1,
				0.456,
				2.825,
				0.611,
				-2.069,
				0.767,
				-2.069,
				1,
				0.911,
				-2.069,
				1.056,
				1.381,
				1.2,
				1.381,
				1,
				1.389,
				1.381,
				1.578,
				-1.292,
				1.767,
				-1.292,
				1,
				1.967,
				-1.292,
				2.167,
				1.97,
				2.367,
				1.97,
				1,
				2.533,
				1.97,
				2.7,
				-2.294,
				2.867,
				-2.294,
				1,
				3.022,
				-2.294,
				3.178,
				2.516,
				3.333,
				2.516,
				1,
				3.5,
				2.516,
				3.667,
				-2.476,
				3.833,
				-2.476,
				1,
				4.033,
				-2.476,
				4.233,
				2.947,
				4.433,
				2.947,
				1,
				4.511,
				2.947,
				4.589,
				0.734,
				4.667,
				0.734
			]
		},
		{
			"Target": "Parameter",
			"Id": "Param_Angle_Rotation_10_rr_h",
			"Segments": [
				0,
				-2.768,
				1,
				0.133,
				-2.768,
				0.267,
				3.136,
				0.4,
				3.136,
				1,
				0.556,
				3.136,
				0.711,
				-2.474,
				0.867,
				-2.474,
				1,
				1.011,
				-2.474,
				1.156,
				1.787,
				1.3,
				1.787,
				1,
				1.478,
				1.787,
				1.656,
				-1.514,
				1.833,
				-1.514,
				1,
				2.033,
				-1.514,
				2.233,
				2.195,
				2.433,
				2.195,
				1,
				2.6,
				2.195,
				2.767,
				-2.628,
				2.933,
				-2.628,
				1,
				3.089,
				-2.628,
				3.244,
				2.847,
				3.4,
				2.847,
				1,
				3.556,
				2.847,
				3.711,
				-2.533,
				3.867,
				-2.533,
				1,
				4.078,
				-2.533,
				4.289,
				2.798,
				4.5,
				2.798,
				1,
				4.556,
				2.798,
				4.611,
				1.35,
				4.667,
				1.35
			]
		},
		{
			"Target": "Parameter",
			"Id": "Param_Angle_Rotation_11_rr_h",
			"Segments": [
				0,
				-2.768,
				1,
				0.133,
				-2.768,
				0.267,
				3.136,
				0.4,
				3.136,
				1,
				0.556,
				3.136,
				0.711,
				-2.474,
				0.867,
				-2.474,
				1,
				1.011,
				-2.474,
				1.156,
				1.787,
				1.3,
				1.787,
				1,
				1.478,
				1.787,
				1.656,
				-1.514,
				1.833,
				-1.514,
				1,
				2.033,
				-1.514,
				2.233,
				2.195,
				2.433,
				2.195,
				1,
				2.6,
				2.195,
				2.767,
				-2.628,
				2.933,
				-2.628,
				1,
				3.089,
				-2.628,
				3.244,
				2.847,
				3.4,
				2.847,
				1,
				3.556,
				2.847,
				3.711,
				-2.533,
				3.867,
				-2.533,
				1,
				4.078,
				-2.533,
				4.289,
				2.798,
				4.5,
				2.798,
				1,
				4.556,
				2.798,
				4.611,
				1.35,
				4.667,
				1.35
			]
		},
		{
			"Target": "Parameter",
			"Id": "Param_Angle_Rotation_1_shadow_m",
			"Segments": [
				0,
				-0.001,
				1,
				0.044,
				-0.001,
				0.089,
				-0.003,
				0.133,
				-0.003,
				1,
				0.233,
				-0.003,
				0.333,
				0.003,
				0.433,
				0.003,
				1,
				0.556,
				0.003,
				0.678,
				-0.035,
				0.8,
				-0.035,
				1,
				1.022,
				-0.035,
				1.244,
				0.133,
				1.467,
				0.133,
				1,
				1.667,
				0.133,
				1.867,
				0.057,
				2.067,
				0.057,
				1,
				2.156,
				0.057,
				2.244,
				0.061,
				2.333,
				0.061,
				1,
				2.567,
				0.061,
				2.8,
				-0.061,
				3.033,
				-0.061,
				1,
				3.222,
				-0.061,
				3.411,
				0.342,
				3.6,
				0.342,
				1,
				3.767,
				0.342,
				3.933,
				0.138,
				4.1,
				0.138,
				1,
				4.211,
				0.138,
				4.322,
				0.187,
				4.433,
				0.187,
				1,
				4.511,
				0.187,
				4.589,
				0.149,
				4.667,
				0.149
			]
		},
		{
			"Target": "Parameter",
			"Id": "Param_Angle_Rotation_2_shadow_m",
			"Segments": [
				0,
				-0.001,
				1,
				0.044,
				-0.001,
				0.089,
				-0.003,
				0.133,
				-0.003,
				1,
				0.233,
				-0.003,
				0.333,
				0.003,
				0.433,
				0.003,
				1,
				0.556,
				0.003,
				0.678,
				-0.035,
				0.8,
				-0.035,
				1,
				1.022,
				-0.035,
				1.244,
				0.133,
				1.467,
				0.133,
				1,
				1.667,
				0.133,
				1.867,
				0.057,
				2.067,
				0.057,
				1,
				2.156,
				0.057,
				2.244,
				0.061,
				2.333,
				0.061,
				1,
				2.567,
				0.061,
				2.8,
				-0.061,
				3.033,
				-0.061,
				1,
				3.222,
				-0.061,
				3.411,
				0.342,
				3.6,
				0.342,
				1,
				3.767,
				0.342,
				3.933,
				0.138,
				4.1,
				0.138,
				1,
				4.211,
				0.138,
				4.322,
				0.187,
				4.433,
				0.187,
				1,
				4.511,
				0.187,
				4.589,
				0.149,
				4.667,
				0.149
			]
		},
		{
			"Target": "Parameter",
			"Id": "Param_Angle_Rotation_3_shadow_m",
			"Segments": [
				0,
				0.002,
				1,
				0.089,
				0.002,
				0.178,
				-0.007,
				0.267,
				-0.007,
				1,
				0.411,
				-0.007,
				0.556,
				0.025,
				0.7,
				0.025,
				1,
				0.856,
				0.025,
				1.011,
				-0.067,
				1.167,
				-0.067,
				1,
				1.333,
				-0.067,
				1.5,
				0.06,
				1.667,
				0.06,
				1,
				1.833,
				0.06,
				2,
				-0.036,
				2.167,
				-0.036,
				1,
				2.378,
				-0.036,
				2.589,
				0.046,
				2.8,
				0.046,
				1,
				2.989,
				0.046,
				3.178,
				-0.189,
				3.367,
				-0.189,
				1,
				3.522,
				-0.189,
				3.678,
				0.193,
				3.833,
				0.193,
				1,
				3.989,
				0.193,
				4.144,
				-0.136,
				4.3,
				-0.136,
				1,
				4.422,
				-0.136,
				4.544,
				0.094,
				4.667,
				0.094
			]
		},
		{
			"Target": "Parameter",
			"Id": "Param_Angle_Rotation_4_shadow_m",
			"Segments": [
				0,
				0.074,
				1,
				0.122,
				0.074,
				0.244,
				-0.069,
				0.367,
				-0.069,
				1,
				0.533,
				-0.069,
				0.7,
				0.122,
				0.867,
				0.122,
				1,
				1.022,
				0.122,
				1.178,
				-0.326,
				1.333,
				-0.326,
				1,
				1.5,
				-0.326,
				1.667,
				0.382,
				1.833,
				0.382,
				1,
				2,
				0.382,
				2.167,
				-0.295,
				2.333,
				-0.295,
				1,
				2.511,
				-0.295,
				2.689,
				0.283,
				2.867,
				0.283,
				1,
				3.078,
				0.283,
				3.289,
				-0.809,
				3.5,
				-0.809,
				1,
				3.667,
				-0.809,
				3.833,
				1.123,
				4,
				1.123,
				1,
				4.156,
				1.123,
				4.311,
				-0.991,
				4.467,
				-0.991,
				1,
				4.533,
				-0.991,
				4.6,
				-0.227,
				4.667,
				-0.227
			]
		},
		{
			"Target": "Parameter",
			"Id": "Param_Angle_Rotation_5_shadow_m",
			"Segments": [
				0,
				0.413,
				1,
				0.133,
				0.413,
				0.267,
				-0.253,
				0.4,
				-0.253,
				1,
				0.578,
				-0.253,
				0.756,
				0.206,
				0.933,
				0.206,
				1,
				1.111,
				0.206,
				1.289,
				-0.483,
				1.467,
				-0.483,
				1,
				1.633,
				-0.483,
				1.8,
				0.676,
				1.967,
				0.676,
				1,
				2.122,
				0.676,
				2.278,
				-0.635,
				2.433,
				-0.635,
				1,
				2.6,
				-0.635,
				2.767,
				0.603,
				2.933,
				0.603,
				1,
				3.156,
				0.603,
				3.378,
				-1.038,
				3.6,
				-1.038,
				1,
				3.778,
				-1.038,
				3.956,
				1.785,
				4.133,
				1.785,
				1,
				4.289,
				1.785,
				4.444,
				-1.937,
				4.6,
				-1.937,
				1,
				4.622,
				-1.937,
				4.644,
				-1.741,
				4.667,
				-1.741
			]
		},
		{
			"Target": "Parameter",
			"Id": "Param_Angle_Rotation_6_shadow_m",
			"Segments": [
				0,
				1.008,
				1,
				0.156,
				1.008,
				0.311,
				-0.601,
				0.467,
				-0.601,
				1,
				0.633,
				-0.601,
				0.8,
				0.36,
				0.967,
				0.36,
				1,
				1.167,
				0.36,
				1.367,
				-0.562,
				1.567,
				-0.562,
				1,
				1.733,
				-0.562,
				1.9,
				0.879,
				2.067,
				0.879,
				1,
				2.233,
				0.879,
				2.4,
				-0.946,
				2.567,
				-0.946,
				1,
				2.722,
				-0.946,
				2.878,
				0.945,
				3.033,
				0.945,
				1,
				3.233,
				0.945,
				3.433,
				-1.132,
				3.633,
				-1.132,
				1,
				3.833,
				-1.132,
				4.033,
				2.078,
				4.233,
				2.078,
				1,
				4.378,
				2.078,
				4.522,
				-2.496,
				4.667,
				-2.496
			]
		},
		{
			"Target": "Parameter",
			"Id": "Param_Angle_Rotation_7_shadow_m",
			"Segments": [
				0,
				0.89,
				1,
				0.044,
				0.89,
				0.089,
				1.618,
				0.133,
				1.618,
				1,
				0.289,
				1.618,
				0.444,
				-1.019,
				0.6,
				-1.019,
				1,
				0.756,
				-1.019,
				0.911,
				0.631,
				1.067,
				0.631,
				1,
				1.256,
				0.631,
				1.444,
				-0.887,
				1.633,
				-0.887,
				1,
				1.822,
				-0.887,
				2.011,
				1.34,
				2.2,
				1.34,
				1,
				2.356,
				1.34,
				2.511,
				-1.423,
				2.667,
				-1.423,
				1,
				2.833,
				-1.423,
				3,
				1.544,
				3.167,
				1.544,
				1,
				3.344,
				1.544,
				3.522,
				-1.853,
				3.7,
				-1.853,
				1,
				3.911,
				-1.853,
				4.122,
				2.718,
				4.333,
				2.718,
				1,
				4.444,
				2.718,
				4.556,
				-1.523,
				4.667,
				-1.523
			]
		},
		{
			"Target": "Parameter",
			"Id": "Param_Angle_Rotation_8_shadow_m",
			"Segments": [
				0,
				0.084,
				1,
				0.078,
				0.084,
				0.156,
				2.178,
				0.233,
				2.178,
				1,
				0.378,
				2.178,
				0.522,
				-1.504,
				0.667,
				-1.504,
				1,
				0.822,
				-1.504,
				0.978,
				0.958,
				1.133,
				0.958,
				1,
				1.322,
				0.958,
				1.511,
				-0.916,
				1.7,
				-0.916,
				1,
				1.889,
				-0.916,
				2.078,
				1.48,
				2.267,
				1.48,
				1,
				2.433,
				1.48,
				2.6,
				-1.743,
				2.767,
				-1.743,
				1,
				2.922,
				-1.743,
				3.078,
				1.892,
				3.233,
				1.892,
				1,
				3.411,
				1.892,
				3.589,
				-1.934,
				3.767,
				-1.934,
				1,
				3.978,
				-1.934,
				4.189,
				2.664,
				4.4,
				2.664,
				1,
				4.489,
				2.664,
				4.578,
				-0.339,
				4.667,
				-0.339
			]
		},
		{
			"Target": "Parameter",
			"Id": "Param_Angle_Rotation_9_shadow_m",
			"Segments": [
				0,
				-1.562,
				1,
				0.1,
				-1.562,
				0.2,
				2.825,
				0.3,
				2.825,
				1,
				0.456,
				2.825,
				0.611,
				-2.069,
				0.767,
				-2.069,
				1,
				0.911,
				-2.069,
				1.056,
				1.381,
				1.2,
				1.381,
				1,
				1.389,
				1.381,
				1.578,
				-1.292,
				1.767,
				-1.292,
				1,
				1.967,
				-1.292,
				2.167,
				1.97,
				2.367,
				1.97,
				1,
				2.533,
				1.97,
				2.7,
				-2.294,
				2.867,
				-2.294,
				1,
				3.022,
				-2.294,
				3.178,
				2.516,
				3.333,
				2.516,
				1,
				3.5,
				2.516,
				3.667,
				-2.476,
				3.833,
				-2.476,
				1,
				4.033,
				-2.476,
				4.233,
				2.947,
				4.433,
				2.947,
				1,
				4.511,
				2.947,
				4.589,
				0.734,
				4.667,
				0.734
			]
		}
	]
}