{
	"Version": 3,
	"Meta": {
		"Duration": 4.5,
		"Fps": 30.0,
		"Loop": true,
		"AreBeziersRestricted": true,
		"CurveCount": 82,
		"TotalSegmentCount": 981,
		"TotalPointCount": 2993,
		"UserDataCount": 0,
		"TotalUserDataSize": 0
	},
	"Curves": [
		{
			"Target": "Parameter",
			"Id": "ParamAngleX",
			"Segments": [
				0,
				0,
				0,
				0.167,
				0,
				1,
				0.3,
				0,
				0.433,
				-1.651,
				0.567,
				-4,
				1,
				0.656,
				-5.566,
				0.744,
				-6,
				0.833,
				-6,
				1,
				0.944,
				-6,
				1.056,
				-1,
				1.167,
				-1,
				1,
				1.278,
				-1,
				1.389,
				-2,
				1.5,
				-2,
				1,
				1.556,
				-2,
				1.611,
				-1.151,
				1.667,
				2,
				1,
				1.711,
				4.521,
				1.756,
				7,
				1.8,
				7,
				1,
				1.844,
				7,
				1.889,
				6,
				1.933,
				6,
				1,
				1.978,
				6,
				2.022,
				9.016,
				2.067,
				10.42,
				1,
				2.122,
				12.175,
				2.178,
				13.165,
				2.233,
				14.28,
				1,
				2.3,
				15.618,
				2.367,
				16.578,
				2.433,
				17.9,
				1,
				2.478,
				18.781,
				2.522,
				20.059,
				2.567,
				21,
				1,
				2.633,
				22.412,
				2.7,
				23,
				2.767,
				23,
				1,
				2.844,
				23,
				2.922,
				23.087,
				3,
				21,
				1,
				3.133,
				17.422,
				3.267,
				9.599,
				3.4,
				4,
				1,
				3.544,
				-2.066,
				3.689,
				-5,
				3.833,
				-5,
				1,
				3.922,
				-5,
				4.011,
				0,
				4.1,
				0,
				0,
				4.5,
				0
			]
		},
		{
			"Target": "Parameter",
			"Id": "ParamAngleY",
			"Segments": [
				0,
				0,
				0,
				0.167,
				0,
				1,
				0.3,
				0,
				0.433,
				6,
				0.567,
				6,
				1,
				0.656,
				6,
				0.744,
				-5,
				0.833,
				-5,
				1,
				0.944,
				-5,
				1.056,
				8.34,
				1.167,
				8.34,
				1,
				1.278,
				8.34,
				1.389,
				-16,
				1.5,
				-16,
				1,
				1.556,
				-16,
				1.611,
				-16.058,
				1.667,
				-14.2,
				1,
				1.711,
				-12.714,
				1.756,
				7.22,
				1.8,
				7.22,
				1,
				1.844,
				7.22,
				1.889,
				-17.96,
				1.933,
				-17.96,
				1,
				1.978,
				-17.96,
				2.022,
				0.38,
				2.067,
				0.38,
				1,
				2.122,
				0.38,
				2.178,
				-18.78,
				2.233,
				-18.78,
				1,
				2.3,
				-18.78,
				2.367,
				0.28,
				2.433,
				0.28,
				1,
				2.478,
				0.28,
				2.522,
				-18,
				2.567,
				-18,
				1,
				2.633,
				-18,
				2.7,
				-16.669,
				2.767,
				-9,
				1,
				2.844,
				-0.053,
				2.922,
				9,
				3,
				9,
				1,
				3.133,
				9,
				3.267,
				9.178,
				3.4,
				8,
				1,
				3.544,
				6.724,
				3.689,
				0,
				3.833,
				0,
				1,
				3.922,
				0,
				4.011,
				0,
				4.1,
				0,
				0,
				4.5,
				0
			]
		},
		{
			"Target": "Parameter",
			"Id": "ParamAngleZ",
			"Segments": [
				0,
				0,
				0,
				0.1,
				0,
				1,
				0.189,
				0,
				0.278,
				3.194,
				0.367,
				3.194,
				1,
				0.4,
				3.194,
				0.433,
				1.605,
				0.467,
				0,
				1,
				0.578,
				-5.35,
				0.689,
				-13.804,
				0.8,
				-15,
				1,
				0.978,
				-16.913,
				1.156,
				-17,
				1.333,
				-17,
				1,
				1.444,
				-17,
				1.556,
				-16.635,
				1.667,
				-15,
				1,
				1.811,
				-12.875,
				1.956,
				-11.949,
				2.1,
				-7.243,
				1,
				2.378,
				1.807,
				2.656,
				20.421,
				2.933,
				20.421,
				1,
				3.044,
				20.421,
				3.156,
				17.601,
				3.267,
				17.601,
				1,
				3.378,
				17.601,
				3.489,
				18.441,
				3.6,
				18.441,
				1,
				3.756,
				18.441,
				3.911,
				16.623,
				4.067,
				10.462,
				1,
				4.211,
				4.741,
				4.356,
				0,
				4.5,
				0
			]
		},
		{
			"Target": "Parameter",
			"Id": "ParamMouthForm",
			"Segments": [
				0,
				0,
				0,
				0.333,
				0,
				1,
				0.389,
				0,
				0.444,
				-1,
				0.5,
				-1,
				1,
				0.556,
				-1,
				0.611,
				-0.1,
				0.667,
				-0.1,
				1,
				0.711,
				-0.1,
				0.756,
				-0.247,
				0.8,
				-0.6,
				1,
				0.822,
				-0.776,
				0.844,
				-0.9,
				0.867,
				-0.9,
				1,
				0.922,
				-0.9,
				0.978,
				-0.245,
				1.033,
				0.5,
				1,
				1.056,
				0.798,
				1.078,
				0.8,
				1.1,
				0.8,
				1,
				1.133,
				0.8,
				1.167,
				0.8,
				1.2,
				0.8,
				1,
				1.256,
				0.8,
				1.311,
				0.812,
				1.367,
				0.4,
				1,
				1.422,
				-0.012,
				1.478,
				-1,
				1.533,
				-1,
				1,
				1.556,
				-1,
				1.578,
				0.8,
				1.6,
				0.8,
				1,
				1.656,
				0.8,
				1.711,
				0.611,
				1.767,
				0.1,
				1,
				1.778,
				-0.002,
				1.789,
				-0.375,
				1.8,
				-0.5,
				1,
				1.833,
				-0.874,
				1.867,
				-1,
				1.9,
				-1,
				1,
				1.956,
				-1,
				2.011,
				-0.3,
				2.067,
				-0.3,
				1,
				2.111,
				-0.3,
				2.156,
				-0.8,
				2.2,
				-0.8,
				1,
				2.256,
				-0.8,
				2.311,
				-0.3,
				2.367,
				-0.3,
				1,
				2.422,
				-0.3,
				2.478,
				-0.8,
				2.533,
				-0.8,
				1,
				2.567,
				-0.8,
				2.6,
				-0.022,
				2.633,
				0.2,
				1,
				2.689,
				0.57,
				2.744,
				0.6,
				2.8,
				0.6,
				1,
				2.844,
				0.6,
				2.889,
				0.555,
				2.933,
				0.2,
				1,
				2.978,
				-0.155,
				3.022,
				-0.6,
				3.067,
				-0.6,
				1,
				3.122,
				-0.6,
				3.178,
				0.7,
				3.233,
				0.7,
				1,
				3.322,
				0.7,
				3.411,
				0.39,
				3.5,
				0.2,
				1,
				3.589,
				0.01,
				3.678,
				0,
				3.767,
				0,
				0,
				4.5,
				0
			]
		},
		{
			"Target": "Parameter",
			"Id": "ParamMouthOpenY",
			"Segments": [
				0,
				0,
				0,
				0.333,
				0,
				1,
				0.389,
				0,
				0.444,
				0.493,
				0.5,
				0.7,
				1,
				0.556,
				0.907,
				0.611,
				0.9,
				0.667,
				0.9,
				1,
				0.711,
				0.9,
				0.756,
				0.2,
				0.8,
				0.2,
				1,
				0.822,
				0.2,
				0.844,
				0.7,
				0.867,
				0.7,
				1,
				0.922,
				0.7,
				0.978,
				0.672,
				1.033,
				0.5,
				1,
				1.056,
				0.431,
				1.078,
				0.1,
				1.1,
				0.1,
				1,
				1.133,
				0.1,
				1.167,
				0.086,
				1.2,
				0.2,
				1,
				1.256,
				0.39,
				1.311,
				0.7,
				1.367,
				0.7,
				1,
				1.422,
				0.7,
				1.478,
				0.7,
				1.533,
				0.7,
				1,
				1.556,
				0.7,
				1.578,
				0.2,
				1.6,
				0.2,
				1,
				1.656,
				0.2,
				1.711,
				0.3,
				1.767,
				0.3,
				1,
				1.778,
				0.3,
				1.789,
				0.3,
				1.8,
				0.3,
				1,
				1.833,
				0.3,
				1.867,
				0.459,
				1.9,
				0.6,
				1,
				1.956,
				0.835,
				2.011,
				0.9,
				2.067,
				0.9,
				1,
				2.111,
				0.9,
				2.156,
				0.4,
				2.2,
				0.4,
				1,
				2.256,
				0.4,
				2.311,
				0.8,
				2.367,
				0.8,
				1,
				2.422,
				0.8,
				2.478,
				0.6,
				2.533,
				0.6,
				1,
				2.567,
				0.6,
				2.6,
				0.8,
				2.633,
				0.8,
				1,
				2.689,
				0.8,
				2.744,
				0.1,
				2.8,
				0.1,
				1,
				2.844,
				0.1,
				2.889,
				0.6,
				2.933,
				0.6,
				1,
				2.978,
				0.6,
				3.022,
				0.6,
				3.067,
				0.6,
				1,
				3.122,
				0.6,
				3.178,
				0.6,
				3.233,
				0.6,
				1,
				3.322,
				0.6,
				3.411,
				0,
				3.5,
				0,
				1,
				3.589,
				0,
				3.678,
				0,
				3.767,
				0,
				0,
				4.5,
				0
			]
		},
		{
			"Target": "Parameter",
			"Id": "ParamEyeLOpen",
			"Segments": [
				0,
				1,
				1,
				0.133,
				1,
				0.267,
				1,
				0.4,
				1,
				1,
				0.489,
				1,
				0.578,
				0.9,
				0.667,
				0.9,
				1,
				0.722,
				0.9,
				0.778,
				0.909,
				0.833,
				0.909,
				1,
				0.878,
				0.909,
				0.922,
				0.9,
				0.967,
				0.9,
				1,
				1.022,
				0.9,
				1.078,
				1,
				1.133,
				1,
				1,
				1.233,
				1,
				1.333,
				0.98,
				1.433,
				0.98,
				1,
				1.522,
				0.98,
				1.611,
				1,
				1.7,
				1,
				1,
				1.789,
				1,
				1.878,
				0.8,
				1.967,
				0.8,
				1,
				2.1,
				0.8,
				2.233,
				0.83,
				2.367,
				0.83,
				1,
				2.522,
				0.83,
				2.678,
				0.8,
				2.833,
				0.8,
				1,
				2.978,
				0.8,
				3.122,
				1,
				3.267,
				1,
				0,
				4.5,
				1
			]
		},
		{
			"Target": "Parameter",
			"Id": "ParamEyeROpen",
			"Segments": [
				0,
				1,
				1,
				0.133,
				1,
				0.267,
				1,
				0.4,
				1,
				1,
				0.489,
				1,
				0.578,
				0.9,
				0.667,
				0.9,
				1,
				0.722,
				0.9,
				0.778,
				0.906,
				0.833,
				0.906,
				1,
				0.878,
				0.906,
				0.922,
				0.9,
				0.967,
				0.9,
				1,
				1.022,
				0.9,
				1.078,
				1,
				1.133,
				1,
				1,
				1.233,
				1,
				1.333,
				0.98,
				1.433,
				0.98,
				1,
				1.522,
				0.98,
				1.611,
				1,
				1.7,
				1,
				1,
				1.789,
				1,
				1.878,
				0.8,
				1.967,
				0.8,
				1,
				2.1,
				0.8,
				2.233,
				0.831,
				2.367,
				0.831,
				1,
				2.522,
				0.831,
				2.678,
				0.8,
				2.833,
				0.8,
				1,
				2.978,
				0.8,
				3.122,
				1,
				3.267,
				1,
				0,
				4.5,
				1
			]
		},
		{
			"Target": "Parameter",
			"Id": "Param8",
			"Segments": [
				0,
				0,
				1,
				0.078,
				0,
				0.156,
				0,
				0.233,
				0,
				1,
				0.433,
				0,
				0.633,
				-5.192,
				0.833,
				-5.192,
				1,
				0.978,
				-5.192,
				1.122,
				0.889,
				1.267,
				0.889,
				1,
				1.367,
				0.889,
				1.467,
				-2.01,
				1.567,
				-2.01,
				1,
				1.689,
				-2.01,
				1.811,
				7.33,
				1.933,
				7.33,
				1,
				1.956,
				7.33,
				1.978,
				7.149,
				2,
				7.149,
				1,
				2.256,
				7.149,
				2.511,
				17.124,
				2.767,
				17.124,
				1,
				3.089,
				17.124,
				3.411,
				-4.602,
				3.733,
				-4.602,
				1,
				3.9,
				-4.602,
				4.067,
				1.737,
				4.233,
				1.737,
				1,
				4.322,
				1.737,
				4.411,
				-0.051,
				4.5,
				-0.449
			]
		},
		{
			"Target": "Parameter",
			"Id": "Param9",
			"Segments": [
				0,
				0,
				1,
				0.056,
				0,
				0.111,
				0,
				0.167,
				0,
				1,
				0.311,
				0,
				0.456,
				4.791,
				0.6,
				4.791,
				1,
				0.711,
				4.791,
				0.822,
				-4.183,
				0.933,
				-4.183,
				1,
				1.033,
				-4.183,
				1.133,
				6.367,
				1.233,
				6.367,
				1,
				1.367,
				6.367,
				1.5,
				-15.003,
				1.633,
				-15.003,
				1,
				1.711,
				-15.003,
				1.789,
				0.048,
				1.867,
				0.048,
				1,
				1.911,
				0.048,
				1.956,
				-5.023,
				2,
				-5.023,
				1,
				2.033,
				-5.023,
				2.067,
				-2.531,
				2.1,
				-2.531,
				1,
				2.167,
				-2.531,
				2.233,
				-10.962,
				2.3,
				-10.962,
				1,
				2.367,
				-10.962,
				2.433,
				-3.885,
				2.5,
				-3.885,
				1,
				2.578,
				-3.885,
				2.656,
				-11.344,
				2.733,
				-11.344,
				1,
				2.878,
				-11.344,
				3.022,
				10.626,
				3.167,
				10.626,
				1,
				3.411,
				10.626,
				3.656,
				-1.224,
				3.9,
				-1.224,
				1,
				4.056,
				-1.224,
				4.211,
				0.256,
				4.367,
				0.256,
				1,
				4.411,
				0.256,
				4.456,
				0.164,
				4.5,
				0.127
			]
		},
		{
			"Target": "Parameter",
			"Id": "Param10",
			"Segments": [
				0,
				0,
				1,
				0.1,
				0,
				0.2,
				0,
				0.3,
				0,
				1,
				0.389,
				0,
				0.478,
				0.7,
				0.567,
				0.7,
				1,
				0.8,
				0.7,
				1.033,
				0.613,
				1.267,
				0.613,
				1,
				1.422,
				0.613,
				1.578,
				0.853,
				1.733,
				0.853,
				1,
				1.8,
				0.853,
				1.867,
				0.7,
				1.933,
				0.7,
				1,
				2.022,
				0.7,
				2.111,
				0.853,
				2.2,
				0.853,
				1,
				2.244,
				0.853,
				2.289,
				0.7,
				2.333,
				0.7,
				1,
				2.489,
				0.7,
				2.644,
				0.853,
				2.8,
				0.853,
				1,
				3.044,
				0.853,
				3.289,
				0.849,
				3.533,
				0.822,
				1,
				3.8,
				0.793,
				4.067,
				0.749,
				4.333,
				0.7,
				1,
				4.389,
				0.69,
				4.444,
				0,
				4.5,
				0
			]
		},
		{
			"Target": "Parameter",
			"Id": "Param12",
			"Segments": [
				0,
				0,
				0,
				1.7,
				0,
				1,
				1.8,
				0,
				1.9,
				7,
				2,
				7,
				1,
				2.478,
				7,
				2.956,
				7,
				3.433,
				7,
				1,
				3.5,
				7,
				3.567,
				0,
				3.633,
				0,
				0,
				4.5,
				0
			]
		},
		{
			"Target": "Parameter",
			"Id": "Param13",
			"Segments": [
				0,
				0,
				0,
				1.733,
				0,
				1,
				1.822,
				0,
				1.911,
				5.839,
				2,
				5.839,
				1,
				2.056,
				5.839,
				2.111,
				0,
				2.167,
				0,
				1,
				2.211,
				0,
				2.256,
				5.839,
				2.3,
				5.839,
				1,
				2.344,
				5.839,
				2.389,
				0.497,
				2.433,
				0,
				1,
				2.611,
				-1.988,
				2.789,
				-2.574,
				2.967,
				-5,
				1,
				3.089,
				-6.668,
				3.211,
				-21.612,
				3.333,
				-24.38,
				1,
				3.511,
				-28.406,
				3.689,
				-28.863,
				3.867,
				-28.863,
				1,
				4.078,
				-28.863,
				4.289,
				0,
				4.5,
				0
			]
		},
		{
			"Target": "Parameter",
			"Id": "Param11",
			"Segments": [
				0,
				0,
				0,
				1.533,
				0,
				1,
				1.578,
				0,
				1.622,
				-16,
				1.667,
				-16,
				1,
				1.767,
				-16,
				1.867,
				17,
				1.967,
				17,
				1,
				2.022,
				17,
				2.078,
				-15,
				2.133,
				-15,
				1,
				2.2,
				-15,
				2.267,
				19,
				2.333,
				19,
				1,
				2.4,
				19,
				2.467,
				-10,
				2.533,
				-10,
				1,
				2.611,
				-10,
				2.689,
				0,
				2.767,
				0,
				0,
				4.5,
				0
			]
		},
		{
			"Target": "Parameter",
			"Id": "Param2",
			"Segments": [
				0,
				-5.236,
				1,
				0.033,
				-5.236,
				0.067,
				-5.237,
				0.1,
				-5.237,
				1,
				0.211,
				-5.237,
				0.322,
				-2.797,
				0.433,
				-2.797,
				1,
				0.589,
				-2.797,
				0.744,
				-19.682,
				0.9,
				-19.682,
				1,
				1.011,
				-19.682,
				1.122,
				-5.655,
				1.233,
				-5.655,
				1,
				1.356,
				-5.655,
				1.478,
				-22.797,
				1.6,
				-22.797,
				1,
				1.7,
				-22.797,
				1.8,
				-2.33,
				1.9,
				-2.33,
				1,
				2.022,
				-2.33,
				2.144,
				-7.751,
				2.267,
				-7.751,
				1,
				2.378,
				-7.751,
				2.489,
				6.721,
				2.6,
				6.721,
				1,
				2.644,
				6.721,
				2.689,
				5.72,
				2.733,
				5.72,
				1,
				2.844,
				5.72,
				2.956,
				14.748,
				3.067,
				14.748,
				1,
				3.222,
				14.748,
				3.378,
				0.939,
				3.533,
				0.939,
				1,
				3.578,
				0.939,
				3.622,
				1.209,
				3.667,
				1.209,
				1,
				3.944,
				1.209,
				4.222,
				-6.557,
				4.5,
				-6.557
			]
		},
		{
			"Target": "Parameter",
			"Id": "Param3",
			"Segments": [
				0,
				0.01,
				1,
				0.122,
				0.01,
				0.244,
				-1.069,
				0.367,
				-1.069,
				1,
				0.478,
				-1.069,
				0.589,
				5.341,
				0.7,
				5.341,
				1,
				0.822,
				5.341,
				0.944,
				-9.657,
				1.067,
				-9.657,
				1,
				1.189,
				-9.657,
				1.311,
				12.98,
				1.433,
				12.98,
				1,
				1.556,
				12.98,
				1.678,
				-17.058,
				1.8,
				-17.058,
				1,
				1.889,
				-17.058,
				1.978,
				13.751,
				2.067,
				13.751,
				1,
				2.189,
				13.751,
				2.311,
				-12.927,
				2.433,
				-12.927,
				1,
				2.533,
				-12.927,
				2.633,
				9.324,
				2.733,
				9.324,
				1,
				2.822,
				9.324,
				2.911,
				-6.313,
				3,
				-6.313,
				1,
				3.1,
				-6.313,
				3.2,
				7.437,
				3.3,
				7.437,
				1,
				3.411,
				7.437,
				3.522,
				-5.518,
				3.633,
				-5.518,
				1,
				3.733,
				-5.518,
				3.833,
				3.472,
				3.933,
				3.472,
				1,
				4.044,
				3.472,
				4.156,
				-0.563,
				4.267,
				-0.563,
				1,
				4.322,
				-0.563,
				4.378,
				-0.245,
				4.433,
				-0.245,
				1,
				4.456,
				-0.245,
				4.478,
				-0.405,
				4.5,
				-0.511
			]
		},
		{
			"Target": "Parameter",
			"Id": "ParamBodyAngleX",
			"Segments": [
				0,
				0,
				1,
				0.122,
				0,
				0.244,
				0,
				0.367,
				0,
				1,
				0.522,
				0,
				0.678,
				-1.775,
				0.833,
				-1.775,
				1,
				0.978,
				-1.775,
				1.122,
				0.092,
				1.267,
				0.092,
				1,
				1.367,
				0.092,
				1.467,
				-0.455,
				1.567,
				-0.455,
				1,
				1.978,
				-0.455,
				2.389,
				5.997,
				2.8,
				5.997,
				1,
				3.133,
				5.997,
				3.467,
				-1.662,
				3.8,
				-1.662,
				1,
				3.956,
				-1.662,
				4.111,
				0.422,
				4.267,
				0.422,
				1,
				4.344,
				0.422,
				4.422,
				0.099,
				4.5,
				0.018
			]
		},
		{
			"Target": "Parameter",
			"Id": "ParamBodyAngleY",
			"Segments": [
				0,
				0,
				1,
				0.078,
				0,
				0.156,
				0,
				0.233,
				0,
				1,
				0.356,
				0,
				0.478,
				1.936,
				0.6,
				1.936,
				1,
				0.711,
				1.936,
				0.822,
				-1.66,
				0.933,
				-1.66,
				1,
				1.033,
				-1.66,
				1.133,
				2.57,
				1.233,
				2.57,
				1,
				1.367,
				2.57,
				1.5,
				-6.085,
				1.633,
				-6.085,
				1,
				1.711,
				-6.085,
				1.789,
				0.24,
				1.867,
				0.24,
				1,
				1.911,
				0.24,
				1.956,
				-2.163,
				2,
				-2.163,
				1,
				2.033,
				-2.163,
				2.067,
				-1.146,
				2.1,
				-1.146,
				1,
				2.167,
				-1.146,
				2.233,
				-4.593,
				2.3,
				-4.593,
				1,
				2.367,
				-4.593,
				2.433,
				-1.51,
				2.5,
				-1.51,
				1,
				2.567,
				-1.51,
				2.633,
				-4.724,
				2.7,
				-4.724,
				1,
				2.844,
				-4.724,
				2.989,
				4.214,
				3.133,
				4.214,
				1,
				3.389,
				4.214,
				3.644,
				-0.41,
				3.9,
				-0.41,
				1,
				4.044,
				-0.41,
				4.189,
				0.096,
				4.333,
				0.096,
				1,
				4.389,
				0.096,
				4.444,
				0.055,
				4.5,
				0.041
			]
		},
		{
			"Target": "Parameter",
			"Id": "ParamBodyAngleZ",
			"Segments": [
				0,
				0,
				1,
				0.056,
				0,
				0.111,
				0,
				0.167,
				0,
				1,
				0.244,
				0,
				0.322,
				0.68,
				0.4,
				0.68,
				1,
				0.589,
				0.68,
				0.778,
				-4.402,
				0.967,
				-4.402,
				1,
				1.633,
				-4.402,
				2.3,
				5.139,
				2.967,
				5.139,
				1,
				3.111,
				5.139,
				3.256,
				3.943,
				3.4,
				3.943,
				1,
				3.5,
				3.943,
				3.6,
				4.291,
				3.7,
				4.291,
				1,
				3.967,
				4.291,
				4.233,
				-0.039,
				4.5,
				-0.386
			]
		},
		{
			"Target": "Parameter",
			"Id": "Param6",
			"Segments": [
				0,
				-5.208,
				1,
				0.033,
				-5.208,
				0.067,
				-5.227,
				0.1,
				-5.227,
				1,
				0.2,
				-5.227,
				0.3,
				-3.784,
				0.4,
				-3.784,
				1,
				0.556,
				-3.784,
				0.711,
				-18.512,
				0.867,
				-18.512,
				1,
				0.989,
				-18.512,
				1.111,
				-8.551,
				1.233,
				-8.551,
				1,
				1.344,
				-8.551,
				1.456,
				-14.91,
				1.567,
				-14.91,
				1,
				1.967,
				-14.91,
				2.367,
				12.003,
				2.767,
				12.003,
				1,
				3.011,
				12.003,
				3.256,
				0.708,
				3.5,
				0.708,
				1,
				3.556,
				0.708,
				3.611,
				1.037,
				3.667,
				1.037,
				1,
				3.944,
				1.037,
				4.222,
				-6.989,
				4.5,
				-6.989
			]
		},
		{
			"Target": "Parameter",
			"Id": "Param7",
			"Segments": [
				0,
				0.332,
				1,
				0.022,
				0.332,
				0.044,
				0.364,
				0.067,
				0.364,
				1,
				0.167,
				0.364,
				0.267,
				-0.891,
				0.367,
				-0.891,
				1,
				0.467,
				-0.891,
				0.567,
				5.031,
				0.667,
				5.031,
				1,
				0.789,
				5.031,
				0.911,
				-9.445,
				1.033,
				-9.445,
				1,
				1.156,
				-9.445,
				1.278,
				10.718,
				1.4,
				10.718,
				1,
				1.522,
				10.718,
				1.644,
				-12.028,
				1.767,
				-12.028,
				1,
				1.878,
				-12.028,
				1.989,
				10.403,
				2.1,
				10.403,
				1,
				2.222,
				10.403,
				2.344,
				-9.015,
				2.467,
				-9.015,
				1,
				2.589,
				-9.015,
				2.711,
				8.39,
				2.833,
				8.39,
				1,
				2.967,
				8.39,
				3.1,
				-4.294,
				3.233,
				-4.294,
				1,
				3.378,
				-4.294,
				3.522,
				1.377,
				3.667,
				1.377,
				1,
				3.811,
				1.377,
				3.956,
				-0.598,
				4.1,
				-0.598,
				1,
				4.178,
				-0.598,
				4.256,
				0.801,
				4.333,
				0.801,
				1,
				4.389,
				0.801,
				4.444,
				-0.586,
				4.5,
				-1.049
			]
		},
		{
			"Target": "Parameter",
			"Id": "Param4",
			"Segments": [
				0,
				-2.094,
				1,
				0.067,
				-2.094,
				0.133,
				-2.067,
				0.2,
				-2.067,
				1,
				0.222,
				-2.067,
				0.244,
				-2.079,
				0.267,
				-2.079,
				1,
				0.344,
				-2.079,
				0.422,
				-1.878,
				0.5,
				-1.878,
				1,
				0.533,
				-1.878,
				0.567,
				-1.977,
				0.6,
				-1.977,
				1,
				0.622,
				-1.977,
				0.644,
				-1.912,
				0.667,
				-1.912,
				1,
				0.789,
				-1.912,
				0.911,
				-7.825,
				1.033,
				-7.825,
				1,
				1.156,
				-7.825,
				1.278,
				1.643,
				1.4,
				1.643,
				1,
				1.522,
				1.643,
				1.644,
				-11.444,
				1.767,
				-11.444,
				1,
				1.822,
				-11.444,
				1.878,
				0.707,
				1.933,
				0.707,
				1,
				1.978,
				0.707,
				2.022,
				-4.009,
				2.067,
				-4.009,
				1,
				2.122,
				-4.009,
				2.178,
				0.756,
				2.233,
				0.756,
				1,
				2.289,
				0.756,
				2.344,
				-4.849,
				2.4,
				-4.849,
				1,
				2.467,
				-4.849,
				2.533,
				1.79,
				2.6,
				1.79,
				1,
				2.689,
				1.79,
				2.778,
				-2.666,
				2.867,
				-2.666,
				1,
				2.978,
				-2.666,
				3.089,
				3.327,
				3.2,
				3.327,
				1,
				3.322,
				3.327,
				3.444,
				-1.746,
				3.567,
				-1.746,
				1,
				3.656,
				-1.746,
				3.744,
				-0.596,
				3.833,
				-0.596,
				1,
				3.911,
				-0.596,
				3.989,
				-1.411,
				4.067,
				-1.411,
				1,
				4.1,
				-1.411,
				4.133,
				-1.31,
				4.167,
				-1.31,
				1,
				4.278,
				-1.31,
				4.389,
				-2.32,
				4.5,
				-2.503
			]
		},
		{
			"Target": "Parameter",
			"Id": "Param5",
			"Segments": [
				0,
				-0.016,
				1,
				0.044,
				-0.016,
				0.089,
				-0.004,
				0.133,
				-0.004,
				1,
				0.156,
				-0.004,
				0.178,
				-0.012,
				0.2,
				-0.012,
				1,
				0.222,
				-0.012,
				0.244,
				0.006,
				0.267,
				0.006,
				1,
				0.333,
				0.006,
				0.4,
				-0.112,
				0.467,
				-0.112,
				1,
				0.511,
				-0.112,
				0.556,
				0.057,
				0.6,
				0.057,
				1,
				0.611,
				0.057,
				0.622,
				0.043,
				0.633,
				0.043,
				1,
				0.733,
				0.043,
				0.833,
				2.145,
				0.933,
				2.145,
				1,
				1.044,
				2.145,
				1.156,
				-5.103,
				1.267,
				-5.103,
				1,
				1.378,
				-5.103,
				1.489,
				7.13,
				1.6,
				7.13,
				1,
				1.7,
				7.13,
				1.8,
				-10.764,
				1.9,
				-10.764,
				1,
				1.978,
				-10.764,
				2.056,
				0.865,
				2.133,
				0.865,
				1,
				2.144,
				0.865,
				2.156,
				0.73,
				2.167,
				0.73,
				1,
				2.233,
				0.73,
				2.3,
				5.367,
				2.367,
				5.367,
				1,
				2.433,
				5.367,
				2.5,
				-4.464,
				2.567,
				-4.464,
				1,
				2.667,
				-4.464,
				2.767,
				2.646,
				2.867,
				2.646,
				1,
				2.956,
				2.646,
				3.044,
				-2.767,
				3.133,
				-2.767,
				1,
				3.233,
				-2.767,
				3.333,
				3.374,
				3.433,
				3.374,
				1,
				3.544,
				3.374,
				3.656,
				-2.416,
				3.767,
				-2.416,
				1,
				3.878,
				-2.416,
				3.989,
				1.262,
				4.1,
				1.262,
				1,
				4.233,
				1.262,
				4.367,
				-0.117,
				4.5,
				-0.329
			]
		},
		{
			"Target": "Parameter",
			"Id": "Param_Angle_Rotation_1_m_h",
			"Segments": [
				0,
				-0.105,
				1,
				0.156,
				-0.105,
				0.311,
				-0.059,
				0.467,
				-0.059,
				1,
				0.633,
				-0.059,
				0.8,
				-0.43,
				0.967,
				-0.43,
				1,
				1.089,
				-0.43,
				1.211,
				-0.169,
				1.333,
				-0.169,
				1,
				1.444,
				-0.169,
				1.556,
				-0.361,
				1.667,
				-0.361,
				1,
				2.133,
				-0.361,
				2.6,
				0.319,
				3.067,
				0.319,
				1,
				3.3,
				0.319,
				3.533,
				-0.089,
				3.767,
				-0.089,
				1,
				3.889,
				-0.089,
				4.011,
				-0.016,
				4.133,
				-0.016,
				1,
				4.256,
				-0.016,
				4.378,
				-0.125,
				4.5,
				-0.143
			]
		},
		{
			"Target": "Parameter",
			"Id": "Param_Angle_Rotation_2_m_h",
			"Segments": [
				0,
				-0.002,
				1,
				0.011,
				-0.002,
				0.022,
				-0.002,
				0.033,
				-0.002,
				1,
				0.056,
				-0.002,
				0.078,
				-0.002,
				0.1,
				-0.002,
				1,
				0.2,
				-0.002,
				0.3,
				-0.03,
				0.4,
				-0.03,
				1,
				0.533,
				-0.03,
				0.667,
				0.181,
				0.8,
				0.181,
				1,
				0.944,
				0.181,
				1.089,
				-0.257,
				1.233,
				-0.257,
				1,
				1.356,
				-0.257,
				1.478,
				0.246,
				1.6,
				0.246,
				1,
				1.711,
				0.246,
				1.822,
				-0.181,
				1.933,
				-0.181,
				1,
				1.944,
				-0.181,
				1.956,
				-0.18,
				1.967,
				-0.18,
				1,
				2,
				-0.18,
				2.033,
				-0.185,
				2.067,
				-0.185,
				1,
				2.167,
				-0.185,
				2.267,
				0.047,
				2.367,
				0.047,
				1,
				2.411,
				0.047,
				2.456,
				0,
				2.5,
				0,
				1,
				2.544,
				0,
				2.589,
				0.012,
				2.633,
				0.012,
				1,
				2.744,
				0.012,
				2.856,
				-0.108,
				2.967,
				-0.108,
				1,
				3.111,
				-0.108,
				3.256,
				0.192,
				3.4,
				0.192,
				1,
				3.567,
				0.192,
				3.733,
				-0.123,
				3.9,
				-0.123,
				1,
				4.067,
				-0.123,
				4.233,
				0.13,
				4.4,
				0.13,
				1,
				4.433,
				0.13,
				4.467,
				0.104,
				4.5,
				0.091
			]
		},
		{
			"Target": "Parameter",
			"Id": "Param_Angle_Rotation_3_m_h",
			"Segments": [
				0,
				-0.019,
				1,
				0.022,
				-0.019,
				0.044,
				-0.022,
				0.067,
				-0.022,
				1,
				0.144,
				-0.022,
				0.222,
				-0.012,
				0.3,
				-0.012,
				1,
				0.389,
				-0.012,
				0.478,
				-0.063,
				0.567,
				-0.063,
				1,
				0.7,
				-0.063,
				0.833,
				0.555,
				0.967,
				0.555,
				1,
				1.111,
				0.555,
				1.256,
				-0.975,
				1.4,
				-0.975,
				1,
				1.533,
				-0.975,
				1.667,
				1.047,
				1.8,
				1.047,
				1,
				1.944,
				1.047,
				2.089,
				-1.002,
				2.233,
				-1.002,
				1,
				2.378,
				-1.002,
				2.522,
				0.476,
				2.667,
				0.476,
				1,
				2.822,
				0.476,
				2.978,
				-0.48,
				3.133,
				-0.48,
				1,
				3.278,
				-0.48,
				3.422,
				0.778,
				3.567,
				0.778,
				1,
				3.733,
				0.778,
				3.9,
				-0.702,
				4.067,
				-0.702,
				1,
				4.211,
				-0.702,
				4.356,
				0.468,
				4.5,
				0.635
			]
		},
		{
			"Target": "Parameter",
			"Id": "Param_Angle_Rotation_4_m_h",
			"Segments": [
				0,
				-0.052,
				1,
				0.044,
				-0.052,
				0.089,
				-0.091,
				0.133,
				-0.091,
				1,
				0.256,
				-0.091,
				0.378,
				-0.002,
				0.5,
				-0.002,
				1,
				0.556,
				-0.002,
				0.611,
				-0.016,
				0.667,
				-0.016,
				1,
				0.811,
				-0.016,
				0.956,
				0.691,
				1.1,
				0.691,
				1,
				1.256,
				0.691,
				1.411,
				-1.507,
				1.567,
				-1.507,
				1,
				1.7,
				-1.507,
				1.833,
				1.847,
				1.967,
				1.847,
				1,
				2.111,
				1.847,
				2.256,
				-1.983,
				2.4,
				-1.983,
				1,
				2.544,
				-1.983,
				2.689,
				1.444,
				2.833,
				1.444,
				1,
				2.978,
				1.444,
				3.122,
				-1.177,
				3.267,
				-1.177,
				1,
				3.411,
				-1.177,
				3.556,
				1.502,
				3.7,
				1.502,
				1,
				3.867,
				1.502,
				4.033,
				-1.546,
				4.2,
				-1.546,
				1,
				4.3,
				-1.546,
				4.4,
				0.415,
				4.5,
				0.807
			]
		},
		{
			"Target": "Parameter",
			"Id": "Param_Angle_Rotation_5_m_h",
			"Segments": [
				0,
				-0.043,
				1,
				0.067,
				-0.043,
				0.133,
				-0.27,
				0.2,
				-0.27,
				1,
				0.344,
				-0.27,
				0.489,
				0.1,
				0.633,
				0.1,
				1,
				0.7,
				0.1,
				0.767,
				0.039,
				0.833,
				0.039,
				1,
				0.967,
				0.039,
				1.1,
				0.859,
				1.233,
				0.859,
				1,
				1.378,
				0.859,
				1.522,
				-2.18,
				1.667,
				-2.18,
				1,
				1.811,
				-2.18,
				1.956,
				3.191,
				2.1,
				3.191,
				1,
				2.244,
				3.191,
				2.389,
				-3.587,
				2.533,
				-3.587,
				1,
				2.678,
				-3.587,
				2.822,
				3.03,
				2.967,
				3.03,
				1,
				3.111,
				3.03,
				3.256,
				-2.566,
				3.4,
				-2.566,
				1,
				3.544,
				-2.566,
				3.689,
				2.851,
				3.833,
				2.851,
				1,
				3.989,
				2.851,
				4.144,
				-2.905,
				4.3,
				-2.905,
				1,
				4.367,
				-2.905,
				4.433,
				-0.842,
				4.5,
				-0.253
			]
		},
		{
			"Target": "Parameter",
			"Id": "Param_Angle_Rotation_6_m_h",
			"Segments": [
				0,
				0.436,
				1,
				0.1,
				0.436,
				0.2,
				-0.473,
				0.3,
				-0.473,
				1,
				0.644,
				-0.473,
				0.989,
				1.105,
				1.333,
				1.105,
				1,
				1.478,
				1.105,
				1.622,
				-2.726,
				1.767,
				-2.726,
				1,
				1.911,
				-2.726,
				2.056,
				3.791,
				2.2,
				3.791,
				1,
				2.344,
				3.791,
				2.489,
				-4.73,
				2.633,
				-4.73,
				1,
				2.789,
				-4.73,
				2.944,
				3.873,
				3.1,
				3.873,
				1,
				3.244,
				3.873,
				3.389,
				-3.49,
				3.533,
				-3.49,
				1,
				3.667,
				-3.49,
				3.8,
				4.034,
				3.933,
				4.034,
				1,
				4.089,
				4.034,
				4.244,
				-3.884,
				4.4,
				-3.884,
				1,
				4.433,
				-3.884,
				4.467,
				-3.108,
				4.5,
				-2.72
			]
		},
		{
			"Target": "Parameter",
			"Id": "Param_Angle_Rotation_7_m_h",
			"Segments": [
				0,
				0.831,
				1,
				0.122,
				0.831,
				0.244,
				-0.601,
				0.367,
				-0.601,
				1,
				0.511,
				-0.601,
				0.656,
				0.26,
				0.8,
				0.26,
				1,
				0.878,
				0.26,
				0.956,
				0.102,
				1.033,
				0.102,
				1,
				1.167,
				0.102,
				1.3,
				0.995,
				1.433,
				0.995,
				1,
				1.578,
				0.995,
				1.722,
				-2.446,
				1.867,
				-2.446,
				1,
				2.011,
				-2.446,
				2.156,
				3.641,
				2.3,
				3.641,
				1,
				2.433,
				3.641,
				2.567,
				-4.328,
				2.7,
				-4.328,
				1,
				2.856,
				-4.328,
				3.011,
				3.7,
				3.167,
				3.7,
				1,
				3.311,
				3.7,
				3.456,
				-3.654,
				3.6,
				-3.654,
				1,
				3.733,
				-3.654,
				3.867,
				3.953,
				4,
				3.953,
				1,
				4.167,
				3.953,
				4.333,
				-3.59,
				4.5,
				-3.59
			]
		},
		{
			"Target": "Parameter",
			"Id": "Param_Angle_Rotation_8_m_h",
			"Segments": [
				0,
				1.701,
				1,
				0.156,
				1.701,
				0.311,
				-1.078,
				0.467,
				-1.078,
				1,
				0.622,
				-1.078,
				0.778,
				0.599,
				0.933,
				0.599,
				1,
				1.011,
				0.599,
				1.089,
				0.379,
				1.167,
				0.379,
				1,
				1.278,
				0.379,
				1.389,
				1.427,
				1.5,
				1.427,
				1,
				1.644,
				1.427,
				1.789,
				-3.487,
				1.933,
				-3.487,
				1,
				2.078,
				-3.487,
				2.222,
				4.667,
				2.367,
				4.667,
				1,
				2.5,
				4.667,
				2.633,
				-4.887,
				2.767,
				-4.887,
				1,
				2.922,
				-4.887,
				3.078,
				4.516,
				3.233,
				4.516,
				1,
				3.378,
				4.516,
				3.522,
				-4.659,
				3.667,
				-4.659,
				1,
				3.8,
				-4.659,
				3.933,
				4.955,
				4.067,
				4.955,
				1,
				4.211,
				4.955,
				4.356,
				-3.111,
				4.5,
				-4.263
			]
		},
		{
			"Target": "Parameter",
			"Id": "Param_Angle_Rotation_9_m_h",
			"Segments": [
				0,
				1.534,
				1,
				0.033,
				1.534,
				0.067,
				2.108,
				0.1,
				2.108,
				1,
				0.256,
				2.108,
				0.411,
				-1.412,
				0.567,
				-1.412,
				1,
				0.711,
				-1.412,
				0.856,
				0.769,
				1,
				0.769,
				1,
				1.089,
				0.769,
				1.178,
				0.366,
				1.267,
				0.366,
				1,
				1.378,
				0.366,
				1.489,
				1.559,
				1.6,
				1.559,
				1,
				1.722,
				1.559,
				1.844,
				-3.548,
				1.967,
				-3.548,
				1,
				2.111,
				-3.548,
				2.256,
				4.557,
				2.4,
				4.557,
				1,
				2.533,
				4.557,
				2.667,
				-4.355,
				2.8,
				-4.355,
				1,
				2.967,
				-4.355,
				3.133,
				4.114,
				3.3,
				4.114,
				1,
				3.444,
				4.114,
				3.589,
				-4.584,
				3.733,
				-4.584,
				1,
				3.867,
				-4.584,
				4,
				4.524,
				4.133,
				4.524,
				1,
				4.256,
				4.524,
				4.378,
				-1.706,
				4.5,
				-2.744
			]
		},
		{
			"Target": "Parameter",
			"Id": "Param_Angle_Rotation_1_l_m_h",
			"Segments": [
				0,
				-0.105,
				1,
				0.156,
				-0.105,
				0.311,
				-0.059,
				0.467,
				-0.059,
				1,
				0.633,
				-0.059,
				0.8,
				-0.43,
				0.967,
				-0.43,
				1,
				1.089,
				-0.43,
				1.211,
				-0.169,
				1.333,
				-0.169,
				1,
				1.444,
				-0.169,
				1.556,
				-0.361,
				1.667,
				-0.361,
				1,
				2.133,
				-0.361,
				2.6,
				0.319,
				3.067,
				0.319,
				1,
				3.3,
				0.319,
				3.533,
				-0.089,
				3.767,
				-0.089,
				1,
				3.889,
				-0.089,
				4.011,
				-0.016,
				4.133,
				-0.016,
				1,
				4.256,
				-0.016,
				4.378,
				-0.125,
				4.5,
				-0.143
			]
		},
		{
			"Target": "Parameter",
			"Id": "Param_Angle_Rotation_2_l_m_h",
			"Segments": [
				0,
				-0.105,
				1,
				0.156,
				-0.105,
				0.311,
				-0.059,
				0.467,
				-0.059,
				1,
				0.633,
				-0.059,
				0.8,
				-0.43,
				0.967,
				-0.43,
				1,
				1.089,
				-0.43,
				1.211,
				-0.169,
				1.333,
				-0.169,
				1,
				1.444,
				-0.169,
				1.556,
				-0.361,
				1.667,
				-0.361,
				1,
				2.133,
				-0.361,
				2.6,
				0.319,
				3.067,
				0.319,
				1,
				3.3,
				0.319,
				3.533,
				-0.089,
				3.767,
				-0.089,
				1,
				3.889,
				-0.089,
				4.011,
				-0.016,
				4.133,
				-0.016,
				1,
				4.256,
				-0.016,
				4.378,
				-0.125,
				4.5,
				-0.143
			]
		},
		{
			"Target": "Parameter",
			"Id": "Param_Angle_Rotation_3_l_m_h",
			"Segments": [
				0,
				-0.002,
				1,
				0.011,
				-0.002,
				0.022,
				-0.002,
				0.033,
				-0.002,
				1,
				0.056,
				-0.002,
				0.078,
				-0.002,
				0.1,
				-0.002,
				1,
				0.2,
				-0.002,
				0.3,
				-0.03,
				0.4,
				-0.03,
				1,
				0.533,
				-0.03,
				0.667,
				0.181,
				0.8,
				0.181,
				1,
				0.944,
				0.181,
				1.089,
				-0.257,
				1.233,
				-0.257,
				1,
				1.356,
				-0.257,
				1.478,
				0.246,
				1.6,
				0.246,
				1,
				1.711,
				0.246,
				1.822,
				-0.181,
				1.933,
				-0.181,
				1,
				1.944,
				-0.181,
				1.956,
				-0.18,
				1.967,
				-0.18,
				1,
				2,
				-0.18,
				2.033,
				-0.185,
				2.067,
				-0.185,
				1,
				2.167,
				-0.185,
				2.267,
				0.047,
				2.367,
				0.047,
				1,
				2.411,
				0.047,
				2.456,
				0,
				2.5,
				0,
				1,
				2.544,
				0,
				2.589,
				0.012,
				2.633,
				0.012,
				1,
				2.744,
				0.012,
				2.856,
				-0.108,
				2.967,
				-0.108,
				1,
				3.111,
				-0.108,
				3.256,
				0.192,
				3.4,
				0.192,
				1,
				3.567,
				0.192,
				3.733,
				-0.123,
				3.9,
				-0.123,
				1,
				4.067,
				-0.123,
				4.233,
				0.13,
				4.4,
				0.13,
				1,
				4.433,
				0.13,
				4.467,
				0.104,
				4.5,
				0.091
			]
		},
		{
			"Target": "Parameter",
			"Id": "Param_Angle_Rotation_4_l_m_h",
			"Segments": [
				0,
				-0.019,
				1,
				0.022,
				-0.019,
				0.044,
				-0.022,
				0.067,
				-0.022,
				1,
				0.144,
				-0.022,
				0.222,
				-0.012,
				0.3,
				-0.012,
				1,
				0.389,
				-0.012,
				0.478,
				-0.063,
				0.567,
				-0.063,
				1,
				0.7,
				-0.063,
				0.833,
				0.555,
				0.967,
				0.555,
				1,
				1.111,
				0.555,
				1.256,
				-0.975,
				1.4,
				-0.975,
				1,
				1.533,
				-0.975,
				1.667,
				1.047,
				1.8,
				1.047,
				1,
				1.944,
				1.047,
				2.089,
				-1.002,
				2.233,
				-1.002,
				1,
				2.378,
				-1.002,
				2.522,
				0.476,
				2.667,
				0.476,
				1,
				2.822,
				0.476,
				2.978,
				-0.48,
				3.133,
				-0.48,
				1,
				3.278,
				-0.48,
				3.422,
				0.778,
				3.567,
				0.778,
				1,
				3.733,
				0.778,
				3.9,
				-0.702,
				4.067,
				-0.702,
				1,
				4.211,
				-0.702,
				4.356,
				0.468,
				4.5,
				0.635
			]
		},
		{
			"Target": "Parameter",
			"Id": "Param_Angle_Rotation_5_l_m_h",
			"Segments": [
				0,
				-0.052,
				1,
				0.044,
				-0.052,
				0.089,
				-0.091,
				0.133,
				-0.091,
				1,
				0.256,
				-0.091,
				0.378,
				-0.002,
				0.5,
				-0.002,
				1,
				0.556,
				-0.002,
				0.611,
				-0.016,
				0.667,
				-0.016,
				1,
				0.811,
				-0.016,
				0.956,
				0.691,
				1.1,
				0.691,
				1,
				1.256,
				0.691,
				1.411,
				-1.507,
				1.567,
				-1.507,
				1,
				1.7,
				-1.507,
				1.833,
				1.847,
				1.967,
				1.847,
				1,
				2.111,
				1.847,
				2.256,
				-1.983,
				2.4,
				-1.983,
				1,
				2.544,
				-1.983,
				2.689,
				1.444,
				2.833,
				1.444,
				1,
				2.978,
				1.444,
				3.122,
				-1.177,
				3.267,
				-1.177,
				1,
				3.411,
				-1.177,
				3.556,
				1.502,
				3.7,
				1.502,
				1,
				3.867,
				1.502,
				4.033,
				-1.546,
				4.2,
				-1.546,
				1,
				4.3,
				-1.546,
				4.4,
				0.415,
				4.5,
				0.807
			]
		},
		{
			"Target": "Parameter",
			"Id": "Param_Angle_Rotation_6_l_m_h",
			"Segments": [
				0,
				-0.043,
				1,
				0.067,
				-0.043,
				0.133,
				-0.27,
				0.2,
				-0.27,
				1,
				0.344,
				-0.27,
				0.489,
				0.1,
				0.633,
				0.1,
				1,
				0.7,
				0.1,
				0.767,
				0.039,
				0.833,
				0.039,
				1,
				0.967,
				0.039,
				1.1,
				0.859,
				1.233,
				0.859,
				1,
				1.378,
				0.859,
				1.522,
				-2.18,
				1.667,
				-2.18,
				1,
				1.811,
				-2.18,
				1.956,
				3.191,
				2.1,
				3.191,
				1,
				2.244,
				3.191,
				2.389,
				-3.587,
				2.533,
				-3.587,
				1,
				2.678,
				-3.587,
				2.822,
				3.03,
				2.967,
				3.03,
				1,
				3.111,
				3.03,
				3.256,
				-2.566,
				3.4,
				-2.566,
				1,
				3.544,
				-2.566,
				3.689,
				2.851,
				3.833,
				2.851,
				1,
				3.989,
				2.851,
				4.144,
				-2.905,
				4.3,
				-2.905,
				1,
				4.367,
				-2.905,
				4.433,
				-0.842,
				4.5,
				-0.253
			]
		},
		{
			"Target": "Parameter",
			"Id": "Param_Angle_Rotation_7_l_m_h",
			"Segments": [
				0,
				0.436,
				1,
				0.1,
				0.436,
				0.2,
				-0.473,
				0.3,
				-0.473,
				1,
				0.644,
				-0.473,
				0.989,
				1.105,
				1.333,
				1.105,
				1,
				1.478,
				1.105,
				1.622,
				-2.726,
				1.767,
				-2.726,
				1,
				1.911,
				-2.726,
				2.056,
				3.791,
				2.2,
				3.791,
				1,
				2.344,
				3.791,
				2.489,
				-4.73,
				2.633,
				-4.73,
				1,
				2.789,
				-4.73,
				2.944,
				3.873,
				3.1,
				3.873,
				1,
				3.244,
				3.873,
				3.389,
				-3.49,
				3.533,
				-3.49,
				1,
				3.667,
				-3.49,
				3.8,
				4.034,
				3.933,
				4.034,
				1,
				4.089,
				4.034,
				4.244,
				-3.884,
				4.4,
				-3.884,
				1,
				4.433,
				-3.884,
				4.467,
				-3.108,
				4.5,
				-2.72
			]
		},
		{
			"Target": "Parameter",
			"Id": "Param_Angle_Rotation_8_l_m_h",
			"Segments": [
				0,
				0.998,
				1,
				0.122,
				0.998,
				0.244,
				-0.722,
				0.367,
				-0.722,
				1,
				0.511,
				-0.722,
				0.656,
				0.312,
				0.8,
				0.312,
				1,
				0.878,
				0.312,
				0.956,
				0.123,
				1.033,
				0.123,
				1,
				1.167,
				0.123,
				1.3,
				1.194,
				1.433,
				1.194,
				1,
				1.578,
				1.194,
				1.722,
				-2.935,
				1.867,
				-2.935,
				1,
				2.011,
				-2.935,
				2.156,
				4.37,
				2.3,
				4.37,
				1,
				2.433,
				4.37,
				2.567,
				-5.194,
				2.7,
				-5.194,
				1,
				2.856,
				-5.194,
				3.011,
				4.439,
				3.167,
				4.439,
				1,
				3.311,
				4.439,
				3.456,
				-4.384,
				3.6,
				-4.384,
				1,
				3.733,
				-4.384,
				3.867,
				4.744,
				4,
				4.744,
				1,
				4.167,
				4.744,
				4.333,
				-4.308,
				4.5,
				-4.308
			]
		},
		{
			"Target": "Parameter",
			"Id": "Param_Angle_Rotation_9_l_m_h",
			"Segments": [
				0,
				1.701,
				1,
				0.156,
				1.701,
				0.311,
				-1.078,
				0.467,
				-1.078,
				1,
				0.622,
				-1.078,
				0.778,
				0.599,
				0.933,
				0.599,
				1,
				1.011,
				0.599,
				1.089,
				0.379,
				1.167,
				0.379,
				1,
				1.278,
				0.379,
				1.389,
				1.427,
				1.5,
				1.427,
				1,
				1.644,
				1.427,
				1.789,
				-3.487,
				1.933,
				-3.487,
				1,
				2.078,
				-3.487,
				2.222,
				4.667,
				2.367,
				4.667,
				1,
				2.5,
				4.667,
				2.633,
				-4.887,
				2.767,
				-4.887,
				1,
				2.922,
				-4.887,
				3.078,
				4.516,
				3.233,
				4.516,
				1,
				3.378,
				4.516,
				3.522,
				-4.659,
				3.667,
				-4.659,
				1,
				3.8,
				-4.659,
				3.933,
				4.955,
				4.067,
				4.955,
				1,
				4.211,
				4.955,
				4.356,
				-3.111,
				4.5,
				-4.263
			]
		},
		{
			"Target": "Parameter",
			"Id": "Param_Angle_Rotation_1_r_r_h",
			"Segments": [
				0,
				-0.105,
				1,
				0.156,
				-0.105,
				0.311,
				-0.059,
				0.467,
				-0.059,
				1,
				0.633,
				-0.059,
				0.8,
				-0.43,
				0.967,
				-0.43,
				1,
				1.089,
				-0.43,
				1.211,
				-0.169,
				1.333,
				-0.169,
				1,
				1.444,
				-0.169,
				1.556,
				-0.361,
				1.667,
				-0.361,
				1,
				2.133,
				-0.361,
				2.6,
				0.319,
				3.067,
				0.319,
				1,
				3.3,
				0.319,
				3.533,
				-0.089,
				3.767,
				-0.089,
				1,
				3.889,
				-0.089,
				4.011,
				-0.016,
				4.133,
				-0.016,
				1,
				4.256,
				-0.016,
				4.378,
				-0.125,
				4.5,
				-0.143
			]
		},
		{
			"Target": "Parameter",
			"Id": "Param_Angle_Rotation_2_r_r_h",
			"Segments": [
				0,
				-0.105,
				1,
				0.156,
				-0.105,
				0.311,
				-0.059,
				0.467,
				-0.059,
				1,
				0.633,
				-0.059,
				0.8,
				-0.43,
				0.967,
				-0.43,
				1,
				1.089,
				-0.43,
				1.211,
				-0.169,
				1.333,
				-0.169,
				1,
				1.444,
				-0.169,
				1.556,
				-0.361,
				1.667,
				-0.361,
				1,
				2.133,
				-0.361,
				2.6,
				0.319,
				3.067,
				0.319,
				1,
				3.3,
				0.319,
				3.533,
				-0.089,
				3.767,
				-0.089,
				1,
				3.889,
				-0.089,
				4.011,
				-0.016,
				4.133,
				-0.016,
				1,
				4.256,
				-0.016,
				4.378,
				-0.125,
				4.5,
				-0.143
			]
		},
		{
			"Target": "Parameter",
			"Id": "Param_Angle_Rotation_3_r_r_h",
			"Segments": [
				0,
				-0.211,
				1,
				0.156,
				-0.211,
				0.311,
				-0.117,
				0.467,
				-0.117,
				1,
				0.633,
				-0.117,
				0.8,
				-0.861,
				0.967,
				-0.861,
				1,
				1.089,
				-0.861,
				1.211,
				-0.337,
				1.333,
				-0.337,
				1,
				1.444,
				-0.337,
				1.556,
				-0.722,
				1.667,
				-0.722,
				1,
				2.133,
				-0.722,
				2.6,
				0.638,
				3.067,
				0.638,
				1,
				3.3,
				0.638,
				3.533,
				-0.178,
				3.767,
				-0.178,
				1,
				3.889,
				-0.178,
				4.011,
				-0.031,
				4.133,
				-0.031,
				1,
				4.256,
				-0.031,
				4.378,
				-0.25,
				4.5,
				-0.287
			]
		},
		{
			"Target": "Parameter",
			"Id": "Param_Angle_Rotation_4_r_r_h",
			"Segments": [
				0,
				-0.006,
				1,
				0.011,
				-0.006,
				0.022,
				-0.006,
				0.033,
				-0.006,
				1,
				0.056,
				-0.006,
				0.078,
				-0.006,
				0.1,
				-0.006,
				1,
				0.2,
				-0.006,
				0.3,
				-0.089,
				0.4,
				-0.089,
				1,
				0.533,
				-0.089,
				0.667,
				0.542,
				0.8,
				0.542,
				1,
				0.944,
				0.542,
				1.089,
				-0.772,
				1.233,
				-0.772,
				1,
				1.356,
				-0.772,
				1.478,
				0.737,
				1.6,
				0.737,
				1,
				1.711,
				0.737,
				1.822,
				-0.542,
				1.933,
				-0.542,
				1,
				1.944,
				-0.542,
				1.956,
				-0.539,
				1.967,
				-0.539,
				1,
				2,
				-0.539,
				2.033,
				-0.554,
				2.067,
				-0.554,
				1,
				2.167,
				-0.554,
				2.267,
				0.141,
				2.367,
				0.141,
				1,
				2.411,
				0.141,
				2.456,
				0.001,
				2.5,
				0.001,
				1,
				2.544,
				0.001,
				2.589,
				0.037,
				2.633,
				0.037,
				1,
				2.744,
				0.037,
				2.856,
				-0.324,
				2.967,
				-0.324,
				1,
				3.111,
				-0.324,
				3.256,
				0.577,
				3.4,
				0.577,
				1,
				3.567,
				0.577,
				3.733,
				-0.37,
				3.9,
				-0.37,
				1,
				4.067,
				-0.37,
				4.233,
				0.39,
				4.4,
				0.39,
				1,
				4.433,
				0.39,
				4.467,
				0.313,
				4.5,
				0.274
			]
		},
		{
			"Target": "Parameter",
			"Id": "Param_Angle_Rotation_5_r_r_h",
			"Segments": [
				0,
				-0.025,
				1,
				0.022,
				-0.025,
				0.044,
				-0.029,
				0.067,
				-0.029,
				1,
				0.144,
				-0.029,
				0.222,
				-0.016,
				0.3,
				-0.016,
				1,
				0.389,
				-0.016,
				0.478,
				-0.085,
				0.567,
				-0.085,
				1,
				0.7,
				-0.085,
				0.833,
				0.74,
				0.967,
				0.74,
				1,
				1.111,
				0.74,
				1.256,
				-1.3,
				1.4,
				-1.3,
				1,
				1.533,
				-1.3,
				1.667,
				1.396,
				1.8,
				1.396,
				1,
				1.944,
				1.396,
				2.089,
				-1.336,
				2.233,
				-1.336,
				1,
				2.378,
				-1.336,
				2.522,
				0.634,
				2.667,
				0.634,
				1,
				2.822,
				0.634,
				2.978,
				-0.64,
				3.133,
				-0.64,
				1,
				3.278,
				-0.64,
				3.422,
				1.037,
				3.567,
				1.037,
				1,
				3.733,
				1.037,
				3.9,
				-0.936,
				4.067,
				-0.936,
				1,
				4.211,
				-0.936,
				4.356,
				0.624,
				4.5,
				0.846
			]
		},
		{
			"Target": "Parameter",
			"Id": "Param_Angle_Rotation_6_r_r_h",
			"Segments": [
				0,
				-0.064,
				1,
				0.044,
				-0.064,
				0.089,
				-0.114,
				0.133,
				-0.114,
				1,
				0.256,
				-0.114,
				0.378,
				-0.002,
				0.5,
				-0.002,
				1,
				0.556,
				-0.002,
				0.611,
				-0.02,
				0.667,
				-0.02,
				1,
				0.811,
				-0.02,
				0.956,
				0.864,
				1.1,
				0.864,
				1,
				1.256,
				0.864,
				1.411,
				-1.884,
				1.567,
				-1.884,
				1,
				1.7,
				-1.884,
				1.833,
				2.308,
				1.967,
				2.308,
				1,
				2.111,
				2.308,
				2.256,
				-2.479,
				2.4,
				-2.479,
				1,
				2.544,
				-2.479,
				2.689,
				1.806,
				2.833,
				1.806,
				1,
				2.978,
				1.806,
				3.122,
				-1.471,
				3.267,
				-1.471,
				1,
				3.411,
				-1.471,
				3.556,
				1.878,
				3.7,
				1.878,
				1,
				3.867,
				1.878,
				4.033,
				-1.933,
				4.2,
				-1.933,
				1,
				4.3,
				-1.933,
				4.4,
				0.519,
				4.5,
				1.009
			]
		},
		{
			"Target": "Parameter",
			"Id": "Param_Angle_Rotation_7_r_r_h",
			"Segments": [
				0,
				-0.043,
				1,
				0.067,
				-0.043,
				0.133,
				-0.27,
				0.2,
				-0.27,
				1,
				0.344,
				-0.27,
				0.489,
				0.1,
				0.633,
				0.1,
				1,
				0.7,
				0.1,
				0.767,
				0.039,
				0.833,
				0.039,
				1,
				0.967,
				0.039,
				1.1,
				0.859,
				1.233,
				0.859,
				1,
				1.378,
				0.859,
				1.522,
				-2.18,
				1.667,
				-2.18,
				1,
				1.811,
				-2.18,
				1.956,
				3.191,
				2.1,
				3.191,
				1,
				2.244,
				3.191,
				2.389,
				-3.587,
				2.533,
				-3.587,
				1,
				2.678,
				-3.587,
				2.822,
				3.03,
				2.967,
				3.03,
				1,
				3.111,
				3.03,
				3.256,
				-2.566,
				3.4,
				-2.566,
				1,
				3.544,
				-2.566,
				3.689,
				2.851,
				3.833,
				2.851,
				1,
				3.989,
				2.851,
				4.144,
				-2.905,
				4.3,
				-2.905,
				1,
				4.367,
				-2.905,
				4.433,
				-0.842,
				4.5,
				-0.253
			]
		},
		{
			"Target": "Parameter",
			"Id": "Param_Angle_Rotation_8_r_r_h",
			"Segments": [
				0,
				0.436,
				1,
				0.1,
				0.436,
				0.2,
				-0.473,
				0.3,
				-0.473,
				1,
				0.644,
				-0.473,
				0.989,
				1.105,
				1.333,
				1.105,
				1,
				1.478,
				1.105,
				1.622,
				-2.726,
				1.767,
				-2.726,
				1,
				1.911,
				-2.726,
				2.056,
				3.791,
				2.2,
				3.791,
				1,
				2.344,
				3.791,
				2.489,
				-4.73,
				2.633,
				-4.73,
				1,
				2.789,
				-4.73,
				2.944,
				3.873,
				3.1,
				3.873,
				1,
				3.244,
				3.873,
				3.389,
				-3.49,
				3.533,
				-3.49,
				1,
				3.667,
				-3.49,
				3.8,
				4.034,
				3.933,
				4.034,
				1,
				4.089,
				4.034,
				4.244,
				-3.884,
				4.4,
				-3.884,
				1,
				4.433,
				-3.884,
				4.467,
				-3.108,
				4.5,
				-2.72
			]
		},
		{
			"Target": "Parameter",
			"Id": "Param_Angle_Rotation_9_r_r_h",
			"Segments": [
				0,
				0.998,
				1,
				0.122,
				0.998,
				0.244,
				-0.722,
				0.367,
				-0.722,
				1,
				0.511,
				-0.722,
				0.656,
				0.312,
				0.8,
				0.312,
				1,
				0.878,
				0.312,
				0.956,
				0.123,
				1.033,
				0.123,
				1,
				1.167,
				0.123,
				1.3,
				1.194,
				1.433,
				1.194,
				1,
				1.578,
				1.194,
				1.722,
				-2.935,
				1.867,
				-2.935,
				1,
				2.011,
				-2.935,
				2.156,
				4.37,
				2.3,
				4.37,
				1,
				2.433,
				4.37,
				2.567,
				-5.194,
				2.7,
				-5.194,
				1,
				2.856,
				-5.194,
				3.011,
				4.439,
				3.167,
				4.439,
				1,
				3.311,
				4.439,
				3.456,
				-4.384,
				3.6,
				-4.384,
				1,
				3.733,
				-4.384,
				3.867,
				4.744,
				4,
				4.744,
				1,
				4.167,
				4.744,
				4.333,
				-4.308,
				4.5,
				-4.308
			]
		},
		{
			"Target": "Parameter",
			"Id": "Param_Angle_Rotation_10_r_r_h",
			"Segments": [
				0,
				1.701,
				1,
				0.156,
				1.701,
				0.311,
				-1.078,
				0.467,
				-1.078,
				1,
				0.622,
				-1.078,
				0.778,
				0.599,
				0.933,
				0.599,
				1,
				1.011,
				0.599,
				1.089,
				0.379,
				1.167,
				0.379,
				1,
				1.278,
				0.379,
				1.389,
				1.427,
				1.5,
				1.427,
				1,
				1.644,
				1.427,
				1.789,
				-3.487,
				1.933,
				-3.487,
				1,
				2.078,
				-3.487,
				2.222,
				4.667,
				2.367,
				4.667,
				1,
				2.5,
				4.667,
				2.633,
				-4.887,
				2.767,
				-4.887,
				1,
				2.922,
				-4.887,
				3.078,
				4.516,
				3.233,
				4.516,
				1,
				3.378,
				4.516,
				3.522,
				-4.659,
				3.667,
				-4.659,
				1,
				3.8,
				-4.659,
				3.933,
				4.955,
				4.067,
				4.955,
				1,
				4.211,
				4.955,
				4.356,
				-3.111,
				4.5,
				-4.263
			]
		},
		{
			"Target": "Parameter",
			"Id": "Param_Angle_Rotation_11_r_r_h",
			"Segments": [
				0,
				1.534,
				1,
				0.033,
				1.534,
				0.067,
				2.108,
				0.1,
				2.108,
				1,
				0.256,
				2.108,
				0.411,
				-1.412,
				0.567,
				-1.412,
				1,
				0.711,
				-1.412,
				0.856,
				0.769,
				1,
				0.769,
				1,
				1.089,
				0.769,
				1.178,
				0.366,
				1.267,
				0.366,
				1,
				1.378,
				0.366,
				1.489,
				1.559,
				1.6,
				1.559,
				1,
				1.722,
				1.559,
				1.844,
				-3.548,
				1.967,
				-3.548,
				1,
				2.111,
				-3.548,
				2.256,
				4.557,
				2.4,
				4.557,
				1,
				2.533,
				4.557,
				2.667,
				-4.355,
				2.8,
				-4.355,
				1,
				2.967,
				-4.355,
				3.133,
				4.114,
				3.3,
				4.114,
				1,
				3.444,
				4.114,
				3.589,
				-4.584,
				3.733,
				-4.584,
				1,
				3.867,
				-4.584,
				4,
				4.524,
				4.133,
				4.524,
				1,
				4.256,
				4.524,
				4.378,
				-1.706,
				4.5,
				-2.744
			]
		},
		{
			"Target": "Parameter",
			"Id": "Param_Angle_Rotation_1_l_l_h",
			"Segments": [
				0,
				-0.105,
				1,
				0.156,
				-0.105,
				0.311,
				-0.059,
				0.467,
				-0.059,
				1,
				0.633,
				-0.059,
				0.8,
				-0.43,
				0.967,
				-0.43,
				1,
				1.089,
				-0.43,
				1.211,
				-0.169,
				1.333,
				-0.169,
				1,
				1.444,
				-0.169,
				1.556,
				-0.361,
				1.667,
				-0.361,
				1,
				2.133,
				-0.361,
				2.6,
				0.319,
				3.067,
				0.319,
				1,
				3.3,
				0.319,
				3.533,
				-0.089,
				3.767,
				-0.089,
				1,
				3.889,
				-0.089,
				4.011,
				-0.016,
				4.133,
				-0.016,
				1,
				4.256,
				-0.016,
				4.378,
				-0.125,
				4.5,
				-0.143
			]
		},
		{
			"Target": "Parameter",
			"Id": "Param_Angle_Rotation_2_l_l_h",
			"Segments": [
				0,
				-0.105,
				1,
				0.156,
				-0.105,
				0.311,
				-0.059,
				0.467,
				-0.059,
				1,
				0.633,
				-0.059,
				0.8,
				-0.43,
				0.967,
				-0.43,
				1,
				1.089,
				-0.43,
				1.211,
				-0.169,
				1.333,
				-0.169,
				1,
				1.444,
				-0.169,
				1.556,
				-0.361,
				1.667,
				-0.361,
				1,
				2.133,
				-0.361,
				2.6,
				0.319,
				3.067,
				0.319,
				1,
				3.3,
				0.319,
				3.533,
				-0.089,
				3.767,
				-0.089,
				1,
				3.889,
				-0.089,
				4.011,
				-0.016,
				4.133,
				-0.016,
				1,
				4.256,
				-0.016,
				4.378,
				-0.125,
				4.5,
				-0.143
			]
		},
		{
			"Target": "Parameter",
			"Id": "Param_Angle_Rotation_3_l_l_h",
			"Segments": [
				0,
				-0.002,
				1,
				0.011,
				-0.002,
				0.022,
				-0.002,
				0.033,
				-0.002,
				1,
				0.056,
				-0.002,
				0.078,
				-0.002,
				0.1,
				-0.002,
				1,
				0.2,
				-0.002,
				0.3,
				-0.03,
				0.4,
				-0.03,
				1,
				0.533,
				-0.03,
				0.667,
				0.181,
				0.8,
				0.181,
				1,
				0.944,
				0.181,
				1.089,
				-0.257,
				1.233,
				-0.257,
				1,
				1.356,
				-0.257,
				1.478,
				0.246,
				1.6,
				0.246,
				1,
				1.711,
				0.246,
				1.822,
				-0.181,
				1.933,
				-0.181,
				1,
				1.944,
				-0.181,
				1.956,
				-0.18,
				1.967,
				-0.18,
				1,
				2,
				-0.18,
				2.033,
				-0.185,
				2.067,
				-0.185,
				1,
				2.167,
				-0.185,
				2.267,
				0.047,
				2.367,
				0.047,
				1,
				2.411,
				0.047,
				2.456,
				0,
				2.5,
				0,
				1,
				2.544,
				0,
				2.589,
				0.012,
				2.633,
				0.012,
				1,
				2.744,
				0.012,
				2.856,
				-0.108,
				2.967,
				-0.108,
				1,
				3.111,
				-0.108,
				3.256,
				0.192,
				3.4,
				0.192,
				1,
				3.567,
				0.192,
				3.733,
				-0.123,
				3.9,
				-0.123,
				1,
				4.067,
				-0.123,
				4.233,
				0.13,
				4.4,
				0.13,
				1,
				4.433,
				0.13,
				4.467,
				0.104,
				4.5,
				0.091
			]
		},
		{
			"Target": "Parameter",
			"Id": "Param_Angle_Rotation_4_l_l_h",
			"Segments": [
				0,
				-0.019,
				1,
				0.022,
				-0.019,
				0.044,
				-0.022,
				0.067,
				-0.022,
				1,
				0.144,
				-0.022,
				0.222,
				-0.012,
				0.3,
				-0.012,
				1,
				0.389,
				-0.012,
				0.478,
				-0.063,
				0.567,
				-0.063,
				1,
				0.7,
				-0.063,
				0.833,
				0.555,
				0.967,
				0.555,
				1,
				1.111,
				0.555,
				1.256,
				-0.975,
				1.4,
				-0.975,
				1,
				1.533,
				-0.975,
				1.667,
				1.047,
				1.8,
				1.047,
				1,
				1.944,
				1.047,
				2.089,
				-1.002,
				2.233,
				-1.002,
				1,
				2.378,
				-1.002,
				2.522,
				0.476,
				2.667,
				0.476,
				1,
				2.822,
				0.476,
				2.978,
				-0.48,
				3.133,
				-0.48,
				1,
				3.278,
				-0.48,
				3.422,
				0.778,
				3.567,
				0.778,
				1,
				3.733,
				0.778,
				3.9,
				-0.702,
				4.067,
				-0.702,
				1,
				4.211,
				-0.702,
				4.356,
				0.468,
				4.5,
				0.635
			]
		},
		{
			"Target": "Parameter",
			"Id": "Param_Angle_Rotation_5_l_l_h",
			"Segments": [
				0,
				-0.052,
				1,
				0.044,
				-0.052,
				0.089,
				-0.091,
				0.133,
				-0.091,
				1,
				0.256,
				-0.091,
				0.378,
				-0.002,
				0.5,
				-0.002,
				1,
				0.556,
				-0.002,
				0.611,
				-0.016,
				0.667,
				-0.016,
				1,
				0.811,
				-0.016,
				0.956,
				0.691,
				1.1,
				0.691,
				1,
				1.256,
				0.691,
				1.411,
				-1.507,
				1.567,
				-1.507,
				1,
				1.7,
				-1.507,
				1.833,
				1.847,
				1.967,
				1.847,
				1,
				2.111,
				1.847,
				2.256,
				-1.983,
				2.4,
				-1.983,
				1,
				2.544,
				-1.983,
				2.689,
				1.444,
				2.833,
				1.444,
				1,
				2.978,
				1.444,
				3.122,
				-1.177,
				3.267,
				-1.177,
				1,
				3.411,
				-1.177,
				3.556,
				1.502,
				3.7,
				1.502,
				1,
				3.867,
				1.502,
				4.033,
				-1.546,
				4.2,
				-1.546,
				1,
				4.3,
				-1.546,
				4.4,
				0.415,
				4.5,
				0.807
			]
		},
		{
			"Target": "Parameter",
			"Id": "Param_Angle_Rotation_6_l_l_h",
			"Segments": [
				0,
				-0.043,
				1,
				0.067,
				-0.043,
				0.133,
				-0.27,
				0.2,
				-0.27,
				1,
				0.344,
				-0.27,
				0.489,
				0.1,
				0.633,
				0.1,
				1,
				0.7,
				0.1,
				0.767,
				0.039,
				0.833,
				0.039,
				1,
				0.967,
				0.039,
				1.1,
				0.859,
				1.233,
				0.859,
				1,
				1.378,
				0.859,
				1.522,
				-2.18,
				1.667,
				-2.18,
				1,
				1.811,
				-2.18,
				1.956,
				3.191,
				2.1,
				3.191,
				1,
				2.244,
				3.191,
				2.389,
				-3.587,
				2.533,
				-3.587,
				1,
				2.678,
				-3.587,
				2.822,
				3.03,
				2.967,
				3.03,
				1,
				3.111,
				3.03,
				3.256,
				-2.566,
				3.4,
				-2.566,
				1,
				3.544,
				-2.566,
				3.689,
				2.851,
				3.833,
				2.851,
				1,
				3.989,
				2.851,
				4.144,
				-2.905,
				4.3,
				-2.905,
				1,
				4.367,
				-2.905,
				4.433,
				-0.842,
				4.5,
				-0.253
			]
		},
		{
			"Target": "Parameter",
			"Id": "Param_Angle_Rotation_7_l_l_h",
			"Segments": [
				0,
				0.436,
				1,
				0.1,
				0.436,
				0.2,
				-0.473,
				0.3,
				-0.473,
				1,
				0.644,
				-0.473,
				0.989,
				1.105,
				1.333,
				1.105,
				1,
				1.478,
				1.105,
				1.622,
				-2.726,
				1.767,
				-2.726,
				1,
				1.911,
				-2.726,
				2.056,
				3.791,
				2.2,
				3.791,
				1,
				2.344,
				3.791,
				2.489,
				-4.73,
				2.633,
				-4.73,
				1,
				2.789,
				-4.73,
				2.944,
				3.873,
				3.1,
				3.873,
				1,
				3.244,
				3.873,
				3.389,
				-3.49,
				3.533,
				-3.49,
				1,
				3.667,
				-3.49,
				3.8,
				4.034,
				3.933,
				4.034,
				1,
				4.089,
				4.034,
				4.244,
				-3.884,
				4.4,
				-3.884,
				1,
				4.433,
				-3.884,
				4.467,
				-3.108,
				4.5,
				-2.72
			]
		},
		{
			"Target": "Parameter",
			"Id": "Param_Angle_Rotation_8_l_l_h",
			"Segments": [
				0,
				0.831,
				1,
				0.122,
				0.831,
				0.244,
				-0.601,
				0.367,
				-0.601,
				1,
				0.511,
				-0.601,
				0.656,
				0.26,
				0.8,
				0.26,
				1,
				0.878,
				0.26,
				0.956,
				0.102,
				1.033,
				0.102,
				1,
				1.167,
				0.102,
				1.3,
				0.995,
				1.433,
				0.995,
				1,
				1.578,
				0.995,
				1.722,
				-2.446,
				1.867,
				-2.446,
				1,
				2.011,
				-2.446,
				2.156,
				3.641,
				2.3,
				3.641,
				1,
				2.433,
				3.641,
				2.567,
				-4.328,
				2.7,
				-4.328,
				1,
				2.856,
				-4.328,
				3.011,
				3.7,
				3.167,
				3.7,
				1,
				3.311,
				3.7,
				3.456,
				-3.654,
				3.6,
				-3.654,
				1,
				3.733,
				-3.654,
				3.867,
				3.953,
				4,
				3.953,
				1,
				4.167,
				3.953,
				4.333,
				-3.59,
				4.5,
				-3.59
			]
		},
		{
			"Target": "Parameter",
			"Id": "Param_Angle_Rotation_9_l_l_h",
			"Segments": [
				0,
				1.417,
				1,
				0.156,
				1.417,
				0.311,
				-0.898,
				0.467,
				-0.898,
				1,
				0.622,
				-0.898,
				0.778,
				0.499,
				0.933,
				0.499,
				1,
				1.011,
				0.499,
				1.089,
				0.316,
				1.167,
				0.316,
				1,
				1.278,
				0.316,
				1.389,
				1.189,
				1.5,
				1.189,
				1,
				1.644,
				1.189,
				1.789,
				-2.906,
				1.933,
				-2.906,
				1,
				2.078,
				-2.906,
				2.222,
				3.889,
				2.367,
				3.889,
				1,
				2.5,
				3.889,
				2.633,
				-4.073,
				2.767,
				-4.073,
				1,
				2.922,
				-4.073,
				3.078,
				3.763,
				3.233,
				3.763,
				1,
				3.378,
				3.763,
				3.522,
				-3.883,
				3.667,
				-3.883,
				1,
				3.8,
				-3.883,
				3.933,
				4.129,
				4.067,
				4.129,
				1,
				4.211,
				4.129,
				4.356,
				-2.593,
				4.5,
				-3.553
			]
		},
		{
			"Target": "Parameter",
			"Id": "Param_Angle_Rotation_10_l_l_h",
			"Segments": [
				0,
				1.534,
				1,
				0.033,
				1.534,
				0.067,
				2.108,
				0.1,
				2.108,
				1,
				0.256,
				2.108,
				0.411,
				-1.412,
				0.567,
				-1.412,
				1,
				0.711,
				-1.412,
				0.856,
				0.769,
				1,
				0.769,
				1,
				1.089,
				0.769,
				1.178,
				0.366,
				1.267,
				0.366,
				1,
				1.378,
				0.366,
				1.489,
				1.559,
				1.6,
				1.559,
				1,
				1.722,
				1.559,
				1.844,
				-3.548,
				1.967,
				-3.548,
				1,
				2.111,
				-3.548,
				2.256,
				4.557,
				2.4,
				4.557,
				1,
				2.533,
				4.557,
				2.667,
				-4.355,
				2.8,
				-4.355,
				1,
				2.967,
				-4.355,
				3.133,
				4.114,
				3.3,
				4.114,
				1,
				3.444,
				4.114,
				3.589,
				-4.584,
				3.733,
				-4.584,
				1,
				3.867,
				-4.584,
				4,
				4.524,
				4.133,
				4.524,
				1,
				4.256,
				4.524,
				4.378,
				-1.706,
				4.5,
				-2.744
			]
		},
		{
			"Target": "Parameter",
			"Id": "Param_Angle_Rotation_11_l_l_h",
			"Segments": [
				0,
				1.534,
				1,
				0.033,
				1.534,
				0.067,
				2.108,
				0.1,
				2.108,
				1,
				0.256,
				2.108,
				0.411,
				-1.412,
				0.567,
				-1.412,
				1,
				0.711,
				-1.412,
				0.856,
				0.769,
				1,
				0.769,
				1,
				1.089,
				0.769,
				1.178,
				0.366,
				1.267,
				0.366,
				1,
				1.378,
				0.366,
				1.489,
				1.559,
				1.6,
				1.559,
				1,
				1.722,
				1.559,
				1.844,
				-3.548,
				1.967,
				-3.548,
				1,
				2.111,
				-3.548,
				2.256,
				4.557,
				2.4,
				4.557,
				1,
				2.533,
				4.557,
				2.667,
				-4.355,
				2.8,
				-4.355,
				1,
				2.967,
				-4.355,
				3.133,
				4.114,
				3.3,
				4.114,
				1,
				3.444,
				4.114,
				3.589,
				-4.584,
				3.733,
				-4.584,
				1,
				3.867,
				-4.584,
				4,
				4.524,
				4.133,
				4.524,
				1,
				4.256,
				4.524,
				4.378,
				-1.706,
				4.5,
				-2.744
			]
		},
		{
			"Target": "Parameter",
			"Id": "Param_Angle_Rotation_1_rr_h",
			"Segments": [
				0,
				-0.105,
				1,
				0.156,
				-0.105,
				0.311,
				-0.059,
				0.467,
				-0.059,
				1,
				0.633,
				-0.059,
				0.8,
				-0.43,
				0.967,
				-0.43,
				1,
				1.089,
				-0.43,
				1.211,
				-0.169,
				1.333,
				-0.169,
				1,
				1.444,
				-0.169,
				1.556,
				-0.361,
				1.667,
				-0.361,
				1,
				2.133,
				-0.361,
				2.6,
				0.319,
				3.067,
				0.319,
				1,
				3.3,
				0.319,
				3.533,
				-0.089,
				3.767,
				-0.089,
				1,
				3.889,
				-0.089,
				4.011,
				-0.016,
				4.133,
				-0.016,
				1,
				4.256,
				-0.016,
				4.378,
				-0.125,
				4.5,
				-0.143
			]
		},
		{
			"Target": "Parameter",
			"Id": "Param_Angle_Rotation_2_rr_h",
			"Segments": [
				0,
				-0.105,
				1,
				0.156,
				-0.105,
				0.311,
				-0.059,
				0.467,
				-0.059,
				1,
				0.633,
				-0.059,
				0.8,
				-0.43,
				0.967,
				-0.43,
				1,
				1.089,
				-0.43,
				1.211,
				-0.169,
				1.333,
				-0.169,
				1,
				1.444,
				-0.169,
				1.556,
				-0.361,
				1.667,
				-0.361,
				1,
				2.133,
				-0.361,
				2.6,
				0.319,
				3.067,
				0.319,
				1,
				3.3,
				0.319,
				3.533,
				-0.089,
				3.767,
				-0.089,
				1,
				3.889,
				-0.089,
				4.011,
				-0.016,
				4.133,
				-0.016,
				1,
				4.256,
				-0.016,
				4.378,
				-0.125,
				4.5,
				-0.143
			]
		},
		{
			"Target": "Parameter",
			"Id": "Param_Angle_Rotation_3_rr_h",
			"Segments": [
				0,
				-0.002,
				1,
				0.011,
				-0.002,
				0.022,
				-0.002,
				0.033,
				-0.002,
				1,
				0.056,
				-0.002,
				0.078,
				-0.002,
				0.1,
				-0.002,
				1,
				0.2,
				-0.002,
				0.3,
				-0.03,
				0.4,
				-0.03,
				1,
				0.533,
				-0.03,
				0.667,
				0.181,
				0.8,
				0.181,
				1,
				0.944,
				0.181,
				1.089,
				-0.257,
				1.233,
				-0.257,
				1,
				1.356,
				-0.257,
				1.478,
				0.246,
				1.6,
				0.246,
				1,
				1.711,
				0.246,
				1.822,
				-0.181,
				1.933,
				-0.181,
				1,
				1.944,
				-0.181,
				1.956,
				-0.18,
				1.967,
				-0.18,
				1,
				2,
				-0.18,
				2.033,
				-0.185,
				2.067,
				-0.185,
				1,
				2.167,
				-0.185,
				2.267,
				0.047,
				2.367,
				0.047,
				1,
				2.411,
				0.047,
				2.456,
				0,
				2.5,
				0,
				1,
				2.544,
				0,
				2.589,
				0.012,
				2.633,
				0.012,
				1,
				2.744,
				0.012,
				2.856,
				-0.108,
				2.967,
				-0.108,
				1,
				3.111,
				-0.108,
				3.256,
				0.192,
				3.4,
				0.192,
				1,
				3.567,
				0.192,
				3.733,
				-0.123,
				3.9,
				-0.123,
				1,
				4.067,
				-0.123,
				4.233,
				0.13,
				4.4,
				0.13,
				1,
				4.433,
				0.13,
				4.467,
				0.104,
				4.5,
				0.091
			]
		},
		{
			"Target": "Parameter",
			"Id": "Param_Angle_Rotation_4_rr_h",
			"Segments": [
				0,
				-0.006,
				1,
				0.022,
				-0.006,
				0.044,
				-0.007,
				0.067,
				-0.007,
				1,
				0.144,
				-0.007,
				0.222,
				-0.004,
				0.3,
				-0.004,
				1,
				0.389,
				-0.004,
				0.478,
				-0.021,
				0.567,
				-0.021,
				1,
				0.7,
				-0.021,
				0.833,
				0.185,
				0.967,
				0.185,
				1,
				1.111,
				0.185,
				1.256,
				-0.325,
				1.4,
				-0.325,
				1,
				1.533,
				-0.325,
				1.667,
				0.349,
				1.8,
				0.349,
				1,
				1.944,
				0.349,
				2.089,
				-0.334,
				2.233,
				-0.334,
				1,
				2.378,
				-0.334,
				2.522,
				0.159,
				2.667,
				0.159,
				1,
				2.822,
				0.159,
				2.978,
				-0.16,
				3.133,
				-0.16,
				1,
				3.278,
				-0.16,
				3.422,
				0.259,
				3.567,
				0.259,
				1,
				3.733,
				0.259,
				3.9,
				-0.234,
				4.067,
				-0.234,
				1,
				4.211,
				-0.234,
				4.356,
				0.156,
				4.5,
				0.212
			]
		},
		{
			"Target": "Parameter",
			"Id": "Param_Angle_Rotation_5_rr_h",
			"Segments": [
				0,
				-0.013,
				1,
				0.044,
				-0.013,
				0.089,
				-0.023,
				0.133,
				-0.023,
				1,
				0.256,
				-0.023,
				0.378,
				0,
				0.5,
				0,
				1,
				0.556,
				0,
				0.611,
				-0.004,
				0.667,
				-0.004,
				1,
				0.811,
				-0.004,
				0.956,
				0.173,
				1.1,
				0.173,
				1,
				1.256,
				0.173,
				1.411,
				-0.377,
				1.567,
				-0.377,
				1,
				1.7,
				-0.377,
				1.833,
				0.462,
				1.967,
				0.462,
				1,
				2.111,
				0.462,
				2.256,
				-0.496,
				2.4,
				-0.496,
				1,
				2.544,
				-0.496,
				2.689,
				0.361,
				2.833,
				0.361,
				1,
				2.978,
				0.361,
				3.122,
				-0.294,
				3.267,
				-0.294,
				1,
				3.411,
				-0.294,
				3.556,
				0.376,
				3.7,
				0.376,
				1,
				3.867,
				0.376,
				4.033,
				-0.387,
				4.2,
				-0.387,
				1,
				4.3,
				-0.387,
				4.4,
				0.104,
				4.5,
				0.202
			]
		},
		{
			"Target": "Parameter",
			"Id": "Param_Angle_Rotation_6_rr_h",
			"Segments": [
				0,
				-0.043,
				1,
				0.067,
				-0.043,
				0.133,
				-0.27,
				0.2,
				-0.27,
				1,
				0.344,
				-0.27,
				0.489,
				0.1,
				0.633,
				0.1,
				1,
				0.7,
				0.1,
				0.767,
				0.039,
				0.833,
				0.039,
				1,
				0.967,
				0.039,
				1.1,
				0.859,
				1.233,
				0.859,
				1,
				1.378,
				0.859,
				1.522,
				-2.18,
				1.667,
				-2.18,
				1,
				1.811,
				-2.18,
				1.956,
				3.191,
				2.1,
				3.191,
				1,
				2.244,
				3.191,
				2.389,
				-3.587,
				2.533,
				-3.587,
				1,
				2.678,
				-3.587,
				2.822,
				3.03,
				2.967,
				3.03,
				1,
				3.111,
				3.03,
				3.256,
				-2.566,
				3.4,
				-2.566,
				1,
				3.544,
				-2.566,
				3.689,
				2.851,
				3.833,
				2.851,
				1,
				3.989,
				2.851,
				4.144,
				-2.905,
				4.3,
				-2.905,
				1,
				4.367,
				-2.905,
				4.433,
				-0.842,
				4.5,
				-0.253
			]
		},
		{
			"Target": "Parameter",
			"Id": "Param_Angle_Rotation_7_rr_h",
			"Segments": [
				0,
				0.523,
				1,
				0.1,
				0.523,
				0.2,
				-0.568,
				0.3,
				-0.568,
				1,
				0.644,
				-0.568,
				0.989,
				1.327,
				1.333,
				1.327,
				1,
				1.478,
				1.327,
				1.622,
				-3.271,
				1.767,
				-3.271,
				1,
				1.911,
				-3.271,
				2.056,
				4.549,
				2.2,
				4.549,
				1,
				2.344,
				4.549,
				2.489,
				-5.676,
				2.633,
				-5.676,
				1,
				2.789,
				-5.676,
				2.944,
				4.648,
				3.1,
				4.648,
				1,
				3.244,
				4.648,
				3.389,
				-4.188,
				3.533,
				-4.188,
				1,
				3.667,
				-4.188,
				3.8,
				4.84,
				3.933,
				4.84,
				1,
				4.089,
				4.84,
				4.244,
				-4.661,
				4.4,
				-4.661,
				1,
				4.433,
				-4.661,
				4.467,
				-3.73,
				4.5,
				-3.264
			]
		},
		{
			"Target": "Parameter",
			"Id": "Param_Angle_Rotation_8_rr_h",
			"Segments": [
				0,
				0.998,
				1,
				0.122,
				0.998,
				0.244,
				-0.722,
				0.367,
				-0.722,
				1,
				0.511,
				-0.722,
				0.656,
				0.312,
				0.8,
				0.312,
				1,
				0.878,
				0.312,
				0.956,
				0.123,
				1.033,
				0.123,
				1,
				1.167,
				0.123,
				1.3,
				1.194,
				1.433,
				1.194,
				1,
				1.578,
				1.194,
				1.722,
				-2.935,
				1.867,
				-2.935,
				1,
				2.011,
				-2.935,
				2.156,
				4.37,
				2.3,
				4.37,
				1,
				2.433,
				4.37,
				2.567,
				-5.194,
				2.7,
				-5.194,
				1,
				2.856,
				-5.194,
				3.011,
				4.439,
				3.167,
				4.439,
				1,
				3.311,
				4.439,
				3.456,
				-4.384,
				3.6,
				-4.384,
				1,
				3.733,
				-4.384,
				3.867,
				4.744,
				4,
				4.744,
				1,
				4.167,
				4.744,
				4.333,
				-4.308,
				4.5,
				-4.308
			]
		},
		{
			"Target": "Parameter",
			"Id": "Param_Angle_Rotation_9_rr_h",
			"Segments": [
				0,
				1.701,
				1,
				0.156,
				1.701,
				0.311,
				-1.078,
				0.467,
				-1.078,
				1,
				0.622,
				-1.078,
				0.778,
				0.599,
				0.933,
				0.599,
				1,
				1.011,
				0.599,
				1.089,
				0.379,
				1.167,
				0.379,
				1,
				1.278,
				0.379,
				1.389,
				1.427,
				1.5,
				1.427,
				1,
				1.644,
				1.427,
				1.789,
				-3.487,
				1.933,
				-3.487,
				1,
				2.078,
				-3.487,
				2.222,
				4.667,
				2.367,
				4.667,
				1,
				2.5,
				4.667,
				2.633,
				-4.887,
				2.767,
				-4.887,
				1,
				2.922,
				-4.887,
				3.078,
				4.516,
				3.233,
				4.516,
				1,
				3.378,
				4.516,
				3.522,
				-4.659,
				3.667,
				-4.659,
				1,
				3.8,
				-4.659,
				3.933,
				4.955,
				4.067,
				4.955,
				1,
				4.211,
				4.955,
				4.356,
				-3.111,
				4.5,
				-4.263
			]
		},
		{
			"Target": "Parameter",
			"Id": "Param_Angle_Rotation_10_rr_h",
			"Segments": [
				0,
				1.534,
				1,
				0.033,
				1.534,
				0.067,
				2.108,
				0.1,
				2.108,
				1,
				0.256,
				2.108,
				0.411,
				-1.412,
				0.567,
				-1.412,
				1,
				0.711,
				-1.412,
				0.856,
				0.769,
				1,
				0.769,
				1,
				1.089,
				0.769,
				1.178,
				0.366,
				1.267,
				0.366,
				1,
				1.378,
				0.366,
				1.489,
				1.559,
				1.6,
				1.559,
				1,
				1.722,
				1.559,
				1.844,
				-3.548,
				1.967,
				-3.548,
				1,
				2.111,
				-3.548,
				2.256,
				4.557,
				2.4,
				4.557,
				1,
				2.533,
				4.557,
				2.667,
				-4.355,
				2.8,
				-4.355,
				1,
				2.967,
				-4.355,
				3.133,
				4.114,
				3.3,
				4.114,
				1,
				3.444,
				4.114,
				3.589,
				-4.584,
				3.733,
				-4.584,
				1,
				3.867,
				-4.584,
				4,
				4.524,
				4.133,
				4.524,
				1,
				4.256,
				4.524,
				4.378,
				-1.706,
				4.5,
				-2.744
			]
		},
		{
			"Target": "Parameter",
			"Id": "Param_Angle_Rotation_11_rr_h",
			"Segments": [
				0,
				1.534,
				1,
				0.033,
				1.534,
				0.067,
				2.108,
				0.1,
				2.108,
				1,
				0.256,
				2.108,
				0.411,
				-1.412,
				0.567,
				-1.412,
				1,
				0.711,
				-1.412,
				0.856,
				0.769,
				1,
				0.769,
				1,
				1.089,
				0.769,
				1.178,
				0.366,
				1.267,
				0.366,
				1,
				1.378,
				0.366,
				1.489,
				1.559,
				1.6,
				1.559,
				1,
				1.722,
				1.559,
				1.844,
				-3.548,
				1.967,
				-3.548,
				1,
				2.111,
				-3.548,
				2.256,
				4.557,
				2.4,
				4.557,
				1,
				2.533,
				4.557,
				2.667,
				-4.355,
				2.8,
				-4.355,
				1,
				2.967,
				-4.355,
				3.133,
				4.114,
				3.3,
				4.114,
				1,
				3.444,
				4.114,
				3.589,
				-4.584,
				3.733,
				-4.584,
				1,
				3.867,
				-4.584,
				4,
				4.524,
				4.133,
				4.524,
				1,
				4.256,
				4.524,
				4.378,
				-1.706,
				4.5,
				-2.744
			]
		},
		{
			"Target": "Parameter",
			"Id": "Param_Angle_Rotation_1_shadow_m",
			"Segments": [
				0,
				-0.105,
				1,
				0.156,
				-0.105,
				0.311,
				-0.059,
				0.467,
				-0.059,
				1,
				0.633,
				-0.059,
				0.8,
				-0.43,
				0.967,
				-0.43,
				1,
				1.089,
				-0.43,
				1.211,
				-0.169,
				1.333,
				-0.169,
				1,
				1.444,
				-0.169,
				1.556,
				-0.361,
				1.667,
				-0.361,
				1,
				2.133,
				-0.361,
				2.6,
				0.319,
				3.067,
				0.319,
				1,
				3.3,
				0.319,
				3.533,
				-0.089,
				3.767,
				-0.089,
				1,
				3.889,
				-0.089,
				4.011,
				-0.016,
				4.133,
				-0.016,
				1,
				4.256,
				-0.016,
				4.378,
				-0.125,
				4.5,
				-0.143
			]
		},
		{
			"Target": "Parameter",
			"Id": "Param_Angle_Rotation_2_shadow_m",
			"Segments": [
				0,
				-0.105,
				1,
				0.156,
				-0.105,
				0.311,
				-0.059,
				0.467,
				-0.059,
				1,
				0.633,
				-0.059,
				0.8,
				-0.43,
				0.967,
				-0.43,
				1,
				1.089,
				-0.43,
				1.211,
				-0.169,
				1.333,
				-0.169,
				1,
				1.444,
				-0.169,
				1.556,
				-0.361,
				1.667,
				-0.361,
				1,
				2.133,
				-0.361,
				2.6,
				0.319,
				3.067,
				0.319,
				1,
				3.3,
				0.319,
				3.533,
				-0.089,
				3.767,
				-0.089,
				1,
				3.889,
				-0.089,
				4.011,
				-0.016,
				4.133,
				-0.016,
				1,
				4.256,
				-0.016,
				4.378,
				-0.125,
				4.5,
				-0.143
			]
		},
		{
			"Target": "Parameter",
			"Id": "Param_Angle_Rotation_3_shadow_m",
			"Segments": [
				0,
				-0.002,
				1,
				0.011,
				-0.002,
				0.022,
				-0.002,
				0.033,
				-0.002,
				1,
				0.056,
				-0.002,
				0.078,
				-0.002,
				0.1,
				-0.002,
				1,
				0.2,
				-0.002,
				0.3,
				-0.03,
				0.4,
				-0.03,
				1,
				0.533,
				-0.03,
				0.667,
				0.181,
				0.8,
				0.181,
				1,
				0.944,
				0.181,
				1.089,
				-0.257,
				1.233,
				-0.257,
				1,
				1.356,
				-0.257,
				1.478,
				0.246,
				1.6,
				0.246,
				1,
				1.711,
				0.246,
				1.822,
				-0.181,
				1.933,
				-0.181,
				1,
				1.944,
				-0.181,
				1.956,
				-0.18,
				1.967,
				-0.18,
				1,
				2,
				-0.18,
				2.033,
				-0.185,
				2.067,
				-0.185,
				1,
				2.167,
				-0.185,
				2.267,
				0.047,
				2.367,
				0.047,
				1,
				2.411,
				0.047,
				2.456,
				0,
				2.5,
				0,
				1,
				2.544,
				0,
				2.589,
				0.012,
				2.633,
				0.012,
				1,
				2.744,
				0.012,
				2.856,
				-0.108,
				2.967,
				-0.108,
				1,
				3.111,
				-0.108,
				3.256,
				0.192,
				3.4,
				0.192,
				1,
				3.567,
				0.192,
				3.733,
				-0.123,
				3.9,
				-0.123,
				1,
				4.067,
				-0.123,
				4.233,
				0.13,
				4.4,
				0.13,
				1,
				4.433,
				0.13,
				4.467,
				0.104,
				4.5,
				0.091
			]
		},
		{
			"Target": "Parameter",
			"Id": "Param_Angle_Rotation_4_shadow_m",
			"Segments": [
				0,
				-0.025,
				1,
				0.022,
				-0.025,
				0.044,
				-0.029,
				0.067,
				-0.029,
				1,
				0.144,
				-0.029,
				0.222,
				-0.016,
				0.3,
				-0.016,
				1,
				0.389,
				-0.016,
				0.478,
				-0.085,
				0.567,
				-0.085,
				1,
				0.7,
				-0.085,
				0.833,
				0.74,
				0.967,
				0.74,
				1,
				1.111,
				0.74,
				1.256,
				-1.3,
				1.4,
				-1.3,
				1,
				1.533,
				-1.3,
				1.667,
				1.396,
				1.8,
				1.396,
				1,
				1.944,
				1.396,
				2.089,
				-1.336,
				2.233,
				-1.336,
				1,
				2.378,
				-1.336,
				2.522,
				0.634,
				2.667,
				0.634,
				1,
				2.822,
				0.634,
				2.978,
				-0.64,
				3.133,
				-0.64,
				1,
				3.278,
				-0.64,
				3.422,
				1.037,
				3.567,
				1.037,
				1,
				3.733,
				1.037,
				3.9,
				-0.936,
				4.067,
				-0.936,
				1,
				4.211,
				-0.936,
				4.356,
				0.624,
				4.5,
				0.846
			]
		},
		{
			"Target": "Parameter",
			"Id": "Param_Angle_Rotation_5_shadow_m",
			"Segments": [
				0,
				-0.064,
				1,
				0.044,
				-0.064,
				0.089,
				-0.114,
				0.133,
				-0.114,
				1,
				0.256,
				-0.114,
				0.378,
				-0.002,
				0.5,
				-0.002,
				1,
				0.556,
				-0.002,
				0.611,
				-0.02,
				0.667,
				-0.02,
				1,
				0.811,
				-0.02,
				0.956,
				0.864,
				1.1,
				0.864,
				1,
				1.256,
				0.864,
				1.411,
				-1.884,
				1.567,
				-1.884,
				1,
				1.7,
				-1.884,
				1.833,
				2.308,
				1.967,
				2.308,
				1,
				2.111,
				2.308,
				2.256,
				-2.479,
				2.4,
				-2.479,
				1,
				2.544,
				-2.479,
				2.689,
				1.806,
				2.833,
				1.806,
				1,
				2.978,
				1.806,
				3.122,
				-1.471,
				3.267,
				-1.471,
				1,
				3.411,
				-1.471,
				3.556,
				1.878,
				3.7,
				1.878,
				1,
				3.867,
				1.878,
				4.033,
				-1.933,
				4.2,
				-1.933,
				1,
				4.3,
				-1.933,
				4.4,
				0.519,
				4.5,
				1.009
			]
		},
		{
			"Target": "Parameter",
			"Id": "Param_Angle_Rotation_6_shadow_m",
			"Segments": [
				0,
				-0.043,
				1,
				0.067,
				-0.043,
				0.133,
				-0.27,
				0.2,
				-0.27,
				1,
				0.344,
				-0.27,
				0.489,
				0.1,
				0.633,
				0.1,
				1,
				0.7,
				0.1,
				0.767,
				0.039,
				0.833,
				0.039,
				1,
				0.967,
				0.039,
				1.1,
				0.859,
				1.233,
				0.859,
				1,
				1.378,
				0.859,
				1.522,
				-2.18,
				1.667,
				-2.18,
				1,
				1.811,
				-2.18,
				1.956,
				3.191,
				2.1,
				3.191,
				1,
				2.244,
				3.191,
				2.389,
				-3.587,
				2.533,
				-3.587,
				1,
				2.678,
				-3.587,
				2.822,
				3.03,
				2.967,
				3.03,
				1,
				3.111,
				3.03,
				3.256,
				-2.566,
				3.4,
				-2.566,
				1,
				3.544,
				-2.566,
				3.689,
				2.851,
				3.833,
				2.851,
				1,
				3.989,
				2.851,
				4.144,
				-2.905,
				4.3,
				-2.905,
				1,
				4.367,
				-2.905,
				4.433,
				-0.842,
				4.5,
				-0.253
			]
		},
		{
			"Target": "Parameter",
			"Id": "Param_Angle_Rotation_7_shadow_m",
			"Segments": [
				0,
				0.436,
				1,
				0.1,
				0.436,
				0.2,
				-0.473,
				0.3,
				-0.473,
				1,
				0.644,
				-0.473,
				0.989,
				1.105,
				1.333,
				1.105,
				1,
				1.478,
				1.105,
				1.622,
				-2.726,
				1.767,
				-2.726,
				1,
				1.911,
				-2.726,
				2.056,
				3.791,
				2.2,
				3.791,
				1,
				2.344,
				3.791,
				2.489,
				-4.73,
				2.633,
				-4.73,
				1,
				2.789,
				-4.73,
				2.944,
				3.873,
				3.1,
				3.873,
				1,
				3.244,
				3.873,
				3.389,
				-3.49,
				3.533,
				-3.49,
				1,
				3.667,
				-3.49,
				3.8,
				4.034,
				3.933,
				4.034,
				1,
				4.089,
				4.034,
				4.244,
				-3.884,
				4.4,
				-3.884,
				1,
				4.433,
				-3.884,
				4.467,
				-3.108,
				4.5,
				-2.72
			]
		},
		{
			"Target": "Parameter",
			"Id": "Param_Angle_Rotation_8_shadow_m",
			"Segments": [
				0,
				0.998,
				1,
				0.122,
				0.998,
				0.244,
				-0.722,
				0.367,
				-0.722,
				1,
				0.511,
				-0.722,
				0.656,
				0.312,
				0.8,
				0.312,
				1,
				0.878,
				0.312,
				0.956,
				0.123,
				1.033,
				0.123,
				1,
				1.167,
				0.123,
				1.3,
				1.194,
				1.433,
				1.194,
				1,
				1.578,
				1.194,
				1.722,
				-2.935,
				1.867,
				-2.935,
				1,
				2.011,
				-2.935,
				2.156,
				4.37,
				2.3,
				4.37,
				1,
				2.433,
				4.37,
				2.567,
				-5.194,
				2.7,
				-5.194,
				1,
				2.856,
				-5.194,
				3.011,
				4.439,
				3.167,
				4.439,
				1,
				3.311,
				4.439,
				3.456,
				-4.384,
				3.6,
				-4.384,
				1,
				3.733,
				-4.384,
				3.867,
				4.744,
				4,
				4.744,
				1,
				4.167,
				4.744,
				4.333,
				-4.308,
				4.5,
				-4.308
			]
		},
		{
			"Target": "Parameter",
			"Id": "Param_Angle_Rotation_9_shadow_m",
			"Segments": [
				0,
				1.701,
				1,
				0.156,
				1.701,
				0.311,
				-1.078,
				0.467,
				-1.078,
				1,
				0.622,
				-1.078,
				0.778,
				0.599,
				0.933,
				0.599,
				1,
				1.011,
				0.599,
				1.089,
				0.379,
				1.167,
				0.379,
				1,
				1.278,
				0.379,
				1.389,
				1.427,
				1.5,
				1.427,
				1,
				1.644,
				1.427,
				1.789,
				-3.487,
				1.933,
				-3.487,
				1,
				2.078,
				-3.487,
				2.222,
				4.667,
				2.367,
				4.667,
				1,
				2.5,
				4.667,
				2.633,
				-4.887,
				2.767,
				-4.887,
				1,
				2.922,
				-4.887,
				3.078,
				4.516,
				3.233,
				4.516,
				1,
				3.378,
				4.516,
				3.522,
				-4.659,
				3.667,
				-4.659,
				1,
				3.8,
				-4.659,
				3.933,
				4.955,
				4.067,
				4.955,
				1,
				4.211,
				4.955,
				4.356,
				-3.111,
				4.5,
				-4.263
			]
		}
	]
}