{
	"Version": 3,
	"Meta": {
		"Duration": 5.7,
		"Fps": 30.0,
		"Loop": true,
		"AreBeziersRestricted": true,
		"CurveCount": 83,
		"TotalSegmentCount": 1082,
		"TotalPointCount": 3299,
		"UserDataCount": 0,
		"TotalUserDataSize": 0
	},
	"Curves": [
		{
			"Target": "Parameter",
			"Id": "ParamAngleX",
			"Segments": [
				0,
				0,
				1,
				0.133,
				0,
				0.267,
				0,
				0.4,
				0,
				1,
				0.456,
				0,
				0.511,
				0,
				0.567,
				0,
				1,
				0.7,
				0,
				0.833,
				0,
				0.967,
				0,
				1,
				1.333,
				0,
				1.7,
				-1,
				2.067,
				-1,
				1,
				2.133,
				-1,
				2.2,
				-1,
				2.267,
				-1,
				1,
				2.4,
				-1,
				2.533,
				1,
				2.667,
				1,
				1,
				2.756,
				1,
				2.844,
				0,
				2.933,
				0,
				0,
				5.7,
				0
			]
		},
		{
			"Target": "Parameter",
			"Id": "ParamAngleY",
			"Segments": [
				0,
				0,
				1,
				0.133,
				0,
				0.267,
				0,
				0.4,
				0,
				1,
				0.456,
				0,
				0.511,
				0,
				0.567,
				0,
				1,
				0.7,
				0,
				0.833,
				-17.675,
				0.967,
				-18,
				1,
				1.333,
				-18.894,
				1.7,
				-19,
				2.067,
				-19,
				1,
				2.133,
				-19,
				2.2,
				-19.549,
				2.267,
				-16,
				1,
				2.4,
				-8.902,
				2.533,
				4,
				2.667,
				4,
				1,
				2.756,
				4,
				2.844,
				0,
				2.933,
				0,
				0,
				5.7,
				0
			]
		},
		{
			"Target": "Parameter",
			"Id": "ParamAngleZ",
			"Segments": [
				0,
				0,
				1,
				0.067,
				0,
				0.133,
				0,
				0.2,
				0,
				1,
				0.322,
				0,
				0.444,
				-2.935,
				0.567,
				-2.935,
				1,
				0.722,
				-2.935,
				0.878,
				11,
				1.033,
				11,
				1,
				1.2,
				11,
				1.367,
				10,
				1.533,
				10,
				1,
				1.767,
				10,
				2,
				10.119,
				2.233,
				10.958,
				1,
				2.322,
				11.277,
				2.411,
				14,
				2.5,
				14,
				1,
				2.589,
				14,
				2.678,
				-2.472,
				2.767,
				-9,
				1,
				2.911,
				-19.609,
				3.056,
				-21.178,
				3.2,
				-21.178,
				1,
				3.533,
				-21.178,
				3.867,
				-21.261,
				4.2,
				-17.405,
				1,
				4.433,
				-14.705,
				4.667,
				14,
				4.9,
				14,
				1,
				5.167,
				14,
				5.433,
				0,
				5.7,
				0
			]
		},
		{
			"Target": "Parameter",
			"Id": "ParamMouthForm",
			"Segments": [
				0,
				0,
				1,
				0.178,
				0,
				0.356,
				0,
				0.533,
				0,
				1,
				0.611,
				0,
				0.689,
				-0.113,
				0.767,
				-0.5,
				1,
				0.8,
				-0.666,
				0.833,
				-0.9,
				0.867,
				-0.9,
				1,
				0.911,
				-0.9,
				0.956,
				-0.936,
				1,
				-0.7,
				1,
				1.056,
				-0.405,
				1.111,
				0.5,
				1.167,
				0.5,
				1,
				1.267,
				0.5,
				1.367,
				0.2,
				1.467,
				0.2,
				1,
				1.533,
				0.2,
				1.6,
				0.8,
				1.667,
				0.8,
				1,
				1.756,
				0.8,
				1.844,
				0.598,
				1.933,
				0.4,
				1,
				2.011,
				0.227,
				2.089,
				0.19,
				2.167,
				0,
				1,
				2.222,
				-0.135,
				2.278,
				-0.5,
				2.333,
				-0.5,
				1,
				2.356,
				-0.5,
				2.378,
				-0.5,
				2.4,
				-0.5,
				1,
				2.422,
				-0.5,
				2.444,
				-0.158,
				2.467,
				0.2,
				1,
				2.5,
				0.737,
				2.533,
				0.9,
				2.567,
				0.9,
				1,
				2.6,
				0.9,
				2.633,
				-0.8,
				2.667,
				-0.8,
				1,
				2.7,
				-0.8,
				2.733,
				-0.28,
				2.767,
				-0.2,
				1,
				2.811,
				-0.094,
				2.856,
				-0.1,
				2.9,
				-0.1,
				1,
				2.933,
				-0.1,
				2.967,
				-1,
				3,
				-1,
				1,
				3.033,
				-1,
				3.067,
				-1,
				3.1,
				-1,
				1,
				3.144,
				-1,
				3.189,
				-0.269,
				3.233,
				0.5,
				1,
				3.256,
				0.884,
				3.278,
				0.9,
				3.3,
				0.9,
				1,
				3.322,
				0.9,
				3.344,
				0.827,
				3.367,
				0.3,
				1,
				3.389,
				-0.227,
				3.411,
				-0.9,
				3.433,
				-0.9,
				1,
				3.456,
				-0.9,
				3.478,
				-0.936,
				3.5,
				-0.8,
				1,
				3.533,
				-0.596,
				3.567,
				0.3,
				3.6,
				0.3,
				1,
				3.622,
				0.3,
				3.644,
				-1,
				3.667,
				-1,
				1,
				3.7,
				-1,
				3.733,
				0.4,
				3.767,
				0.4,
				1,
				3.811,
				0.4,
				3.856,
				-0.5,
				3.9,
				-0.5,
				1,
				3.933,
				-0.5,
				3.967,
				-0.5,
				4,
				-0.5,
				1,
				4.067,
				-0.5,
				4.133,
				-0.8,
				4.2,
				-0.8,
				1,
				4.244,
				-0.8,
				4.289,
				-0.529,
				4.333,
				-0.2,
				1,
				4.367,
				0.047,
				4.4,
				0.326,
				4.433,
				0.4,
				1,
				4.478,
				0.498,
				4.522,
				0.5,
				4.567,
				0.5,
				0,
				5.7,
				0.5
			]
		},
		{
			"Target": "Parameter",
			"Id": "ParamMouthOpenY",
			"Segments": [
				0,
				0,
				1,
				0.178,
				0,
				0.356,
				0,
				0.533,
				0,
				1,
				0.611,
				0,
				0.689,
				0,
				0.767,
				0,
				1,
				0.8,
				0,
				0.833,
				0.074,
				0.867,
				0.3,
				1,
				0.911,
				0.601,
				0.956,
				0.8,
				1,
				0.8,
				1,
				1.056,
				0.8,
				1.111,
				0.3,
				1.167,
				0.3,
				1,
				1.267,
				0.3,
				1.367,
				0.9,
				1.467,
				0.9,
				1,
				1.533,
				0.9,
				1.6,
				0.2,
				1.667,
				0.2,
				1,
				1.756,
				0.2,
				1.844,
				0.8,
				1.933,
				0.8,
				1,
				2.011,
				0.8,
				2.089,
				0,
				2.167,
				0,
				1,
				2.222,
				0,
				2.278,
				0,
				2.333,
				0,
				1,
				2.356,
				0,
				2.378,
				0,
				2.4,
				0,
				1,
				2.422,
				0,
				2.444,
				0.2,
				2.467,
				0.2,
				1,
				2.5,
				0.2,
				2.533,
				0.2,
				2.567,
				0.2,
				1,
				2.6,
				0.2,
				2.633,
				0.372,
				2.667,
				0.6,
				1,
				2.7,
				0.828,
				2.733,
				0.9,
				2.767,
				0.9,
				1,
				2.811,
				0.9,
				2.856,
				0,
				2.9,
				0,
				1,
				2.933,
				0,
				2.967,
				0.9,
				3,
				0.9,
				1,
				3.033,
				0.9,
				3.067,
				0.674,
				3.1,
				0.6,
				1,
				3.144,
				0.502,
				3.189,
				0.489,
				3.233,
				0.4,
				1,
				3.256,
				0.356,
				3.278,
				0.2,
				3.3,
				0.2,
				1,
				3.322,
				0.2,
				3.344,
				0.2,
				3.367,
				0.2,
				1,
				3.389,
				0.2,
				3.411,
				0.1,
				3.433,
				0.1,
				1,
				3.456,
				0.1,
				3.478,
				0.6,
				3.5,
				0.6,
				1,
				3.533,
				0.6,
				3.567,
				0.6,
				3.6,
				0.6,
				1,
				3.622,
				0.6,
				3.644,
				0.7,
				3.667,
				0.7,
				1,
				3.7,
				0.7,
				3.733,
				0.6,
				3.767,
				0.6,
				1,
				3.811,
				0.6,
				3.856,
				0.8,
				3.9,
				0.8,
				1,
				3.933,
				0.8,
				3.967,
				0,
				4,
				0,
				1,
				4.067,
				0,
				4.133,
				0.315,
				4.2,
				0.6,
				1,
				4.244,
				0.79,
				4.289,
				0.8,
				4.333,
				0.8,
				1,
				4.367,
				0.8,
				4.4,
				0.726,
				4.433,
				0.5,
				1,
				4.478,
				0.199,
				4.522,
				0,
				4.567,
				0,
				0,
				5.7,
				0
			]
		},
		{
			"Target": "Parameter",
			"Id": "ParamEyeLOpen",
			"Segments": [
				0,
				1,
				0,
				0.167,
				1,
				1,
				0.267,
				1,
				0.367,
				1.003,
				0.467,
				0.981,
				1,
				0.556,
				0.961,
				0.644,
				0.778,
				0.733,
				0.778,
				1,
				0.833,
				0.778,
				0.933,
				0.821,
				1.033,
				0.83,
				1,
				1.2,
				0.844,
				1.367,
				0.845,
				1.533,
				0.845,
				1,
				1.644,
				0.845,
				1.756,
				0.83,
				1.867,
				0.83,
				1,
				2.011,
				0.83,
				2.156,
				0.845,
				2.3,
				0.845,
				1,
				2.389,
				0.845,
				2.478,
				0.772,
				2.567,
				0.772,
				1,
				2.678,
				0.772,
				2.789,
				0.928,
				2.9,
				0.939,
				1,
				3.078,
				0.956,
				3.256,
				0.964,
				3.433,
				0.972,
				1,
				3.611,
				0.98,
				3.789,
				0.981,
				3.967,
				0.981,
				1,
				4.089,
				0.981,
				4.211,
				0.972,
				4.333,
				0.972,
				1,
				4.589,
				0.972,
				4.844,
				0.981,
				5.1,
				0.981,
				0,
				5.7,
				0.981
			]
		},
		{
			"Target": "Parameter",
			"Id": "ParamEyeROpen",
			"Segments": [
				0,
				1,
				0,
				0.167,
				1,
				1,
				0.267,
				1,
				0.367,
				1.003,
				0.467,
				0.981,
				1,
				0.556,
				0.961,
				0.644,
				0.778,
				0.733,
				0.778,
				1,
				0.833,
				0.778,
				0.933,
				0.822,
				1.033,
				0.83,
				1,
				1.2,
				0.843,
				1.367,
				0.843,
				1.533,
				0.843,
				1,
				1.644,
				0.843,
				1.756,
				0.83,
				1.867,
				0.83,
				1,
				2.011,
				0.83,
				2.156,
				0.842,
				2.3,
				0.842,
				1,
				2.389,
				0.842,
				2.478,
				0.774,
				2.567,
				0.774,
				1,
				2.678,
				0.774,
				2.789,
				0.928,
				2.9,
				0.939,
				1,
				3.078,
				0.956,
				3.256,
				0.967,
				3.433,
				0.972,
				1,
				3.611,
				0.977,
				3.789,
				0.977,
				3.967,
				0.981,
				1,
				4.089,
				0.984,
				4.211,
				1,
				4.333,
				1,
				1,
				4.589,
				1,
				4.844,
				0.981,
				5.1,
				0.981,
				0,
				5.7,
				0.981
			]
		},
		{
			"Target": "Parameter",
			"Id": "Param8",
			"Segments": [
				0,
				0,
				1,
				0.456,
				0,
				0.911,
				0,
				1.367,
				0,
				1,
				1.544,
				0,
				1.722,
				-0.745,
				1.9,
				-0.745,
				1,
				2.178,
				-0.745,
				2.456,
				1.132,
				2.733,
				1.132,
				1,
				2.856,
				1.132,
				2.978,
				-0.451,
				3.1,
				-0.451,
				1,
				3.222,
				-0.451,
				3.344,
				0.158,
				3.467,
				0.158,
				1,
				3.578,
				0.158,
				3.689,
				-0.088,
				3.8,
				-0.088,
				1,
				3.911,
				-0.088,
				4.022,
				0.069,
				4.133,
				0.069,
				1,
				4.2,
				0.069,
				4.267,
				0,
				4.333,
				0,
				1,
				4.789,
				0,
				5.244,
				0,
				5.7,
				0
			]
		},
		{
			"Target": "Parameter",
			"Id": "Param9",
			"Segments": [
				0,
				0,
				1,
				0.189,
				0,
				0.378,
				0,
				0.567,
				0,
				1,
				0.744,
				0,
				0.922,
				-15.687,
				1.1,
				-15.687,
				1,
				1.244,
				-15.687,
				1.389,
				-12.677,
				1.533,
				-12.677,
				1,
				1.689,
				-12.677,
				1.844,
				-13.372,
				2,
				-13.372,
				1,
				2.244,
				-13.372,
				2.489,
				5.857,
				2.733,
				5.857,
				1,
				2.878,
				5.857,
				3.022,
				-1.264,
				3.167,
				-1.264,
				1,
				3.322,
				-1.264,
				3.478,
				0.19,
				3.633,
				0.19,
				1,
				3.778,
				0.19,
				3.922,
				-0.061,
				4.067,
				-0.061,
				1,
				4.189,
				-0.061,
				4.311,
				0.051,
				4.433,
				0.051,
				1,
				4.5,
				0.051,
				4.567,
				0,
				4.633,
				0,
				1,
				4.989,
				0,
				5.344,
				0,
				5.7,
				0
			]
		},
		{
			"Target": "Parameter",
			"Id": "Param10",
			"Segments": [
				0,
				0,
				0,
				0.2,
				0,
				1,
				0.289,
				0,
				0.378,
				0.501,
				0.467,
				0.607,
				1,
				0.633,
				0.806,
				0.8,
				0.822,
				0.967,
				0.822,
				1,
				1.1,
				0.822,
				1.233,
				0.752,
				1.367,
				0.752,
				1,
				1.567,
				0.752,
				1.767,
				0.752,
				1.967,
				0.752,
				1,
				2.133,
				0.752,
				2.3,
				0.752,
				2.467,
				0.752,
				1,
				2.578,
				0.752,
				2.689,
				0,
				2.8,
				0,
				1,
				2.967,
				0,
				3.133,
				0.065,
				3.3,
				0.065,
				1,
				3.567,
				0.065,
				3.833,
				0,
				4.1,
				0,
				0,
				5.7,
				0
			]
		},
		{
			"Target": "Parameter",
			"Id": "Param12",
			"Segments": [
				0,
				0,
				0,
				0.367,
				0,
				1,
				0.5,
				0,
				0.633,
				18,
				0.767,
				18,
				1,
				1.356,
				18,
				1.944,
				17.175,
				2.533,
				15,
				1,
				2.589,
				14.795,
				2.644,
				-19.827,
				2.7,
				-19.827,
				1,
				2.789,
				-19.827,
				2.878,
				0,
				2.967,
				0,
				0,
				5.7,
				0
			]
		},
		{
			"Target": "Parameter",
			"Id": "Param2",
			"Segments": [
				0,
				-5.236,
				1,
				0.233,
				-5.236,
				0.467,
				-7.085,
				0.7,
				-7.085,
				1,
				0.856,
				-7.085,
				1.011,
				-5.604,
				1.167,
				-5.604,
				1,
				1.3,
				-5.604,
				1.433,
				-7.299,
				1.567,
				-7.299,
				1,
				1.689,
				-7.299,
				1.811,
				-6.701,
				1.933,
				-6.701,
				1,
				1.989,
				-6.701,
				2.044,
				-6.743,
				2.1,
				-6.743,
				1,
				2.267,
				-6.743,
				2.433,
				3.227,
				2.6,
				3.227,
				1,
				2.744,
				3.227,
				2.889,
				-19.836,
				3.033,
				-19.836,
				1,
				3.144,
				-19.836,
				3.256,
				-11.066,
				3.367,
				-11.066,
				1,
				3.489,
				-11.066,
				3.611,
				-14.976,
				3.733,
				-14.976,
				1,
				4.111,
				-14.976,
				4.489,
				2.991,
				4.867,
				2.991,
				1,
				5.144,
				2.991,
				5.422,
				-5.67,
				5.7,
				-5.67
			]
		},
		{
			"Target": "Parameter",
			"Id": "Param3",
			"Segments": [
				0,
				0.005,
				1,
				0.067,
				0.005,
				0.133,
				-0.001,
				0.2,
				-0.001,
				1,
				0.3,
				-0.001,
				0.4,
				0.566,
				0.5,
				0.566,
				1,
				0.6,
				0.566,
				0.7,
				-0.612,
				0.8,
				-0.612,
				1,
				0.856,
				-0.612,
				0.911,
				-0.433,
				0.967,
				-0.433,
				1,
				0.978,
				-0.433,
				0.989,
				-0.434,
				1,
				-0.434,
				1,
				1.111,
				-0.434,
				1.222,
				1.019,
				1.333,
				1.019,
				1,
				1.456,
				1.019,
				1.578,
				-0.924,
				1.7,
				-0.924,
				1,
				1.811,
				-0.924,
				1.922,
				0.59,
				2.033,
				0.59,
				1,
				2.178,
				0.59,
				2.322,
				-3.266,
				2.467,
				-3.266,
				1,
				2.578,
				-3.266,
				2.689,
				10.193,
				2.8,
				10.193,
				1,
				2.922,
				10.193,
				3.044,
				-10.954,
				3.167,
				-10.954,
				1,
				3.278,
				-10.954,
				3.389,
				8.034,
				3.5,
				8.034,
				1,
				3.622,
				8.034,
				3.744,
				-5.255,
				3.867,
				-5.255,
				1,
				3.978,
				-5.255,
				4.089,
				2.853,
				4.2,
				2.853,
				1,
				4.322,
				2.853,
				4.444,
				-4.062,
				4.567,
				-4.062,
				1,
				4.7,
				-4.062,
				4.833,
				3.95,
				4.967,
				3.95,
				1,
				5.1,
				3.95,
				5.233,
				-2.061,
				5.367,
				-2.061,
				1,
				5.478,
				-2.061,
				5.589,
				0.932,
				5.7,
				0.932
			]
		},
		{
			"Target": "Parameter",
			"Id": "ParamEyeBallX",
			"Segments": [
				0,
				0,
				1,
				0.144,
				0,
				0.289,
				0,
				0.433,
				0,
				1,
				0.678,
				0,
				0.922,
				-0.027,
				1.167,
				-0.1,
				1,
				1.367,
				-0.159,
				1.567,
				-0.2,
				1.767,
				-0.2,
				1,
				1.822,
				-0.2,
				1.878,
				0.2,
				1.933,
				0.2,
				1,
				1.967,
				0.2,
				2,
				-0.2,
				2.033,
				-0.2,
				1,
				2.144,
				-0.2,
				2.256,
				0,
				2.367,
				0,
				1,
				2.478,
				0,
				2.589,
				0,
				2.7,
				0,
				1,
				3.156,
				0,
				3.611,
				0.1,
				4.067,
				0.1,
				1,
				4.289,
				0.1,
				4.511,
				0,
				4.733,
				0,
				0,
				5.7,
				0
			]
		},
		{
			"Target": "Parameter",
			"Id": "ParamEyeBallY",
			"Segments": [
				0,
				0,
				1,
				0.144,
				0,
				0.289,
				0,
				0.433,
				0,
				1,
				0.678,
				0,
				0.922,
				-1,
				1.167,
				-1,
				1,
				1.367,
				-1,
				1.567,
				-0.7,
				1.767,
				-0.7,
				1,
				1.822,
				-0.7,
				1.878,
				-0.8,
				1.933,
				-0.8,
				1,
				1.967,
				-0.8,
				2,
				-0.8,
				2.033,
				-0.8,
				1,
				2.144,
				-0.8,
				2.256,
				-0.791,
				2.367,
				-0.5,
				1,
				2.478,
				-0.209,
				2.589,
				0.3,
				2.7,
				0.3,
				1,
				3.156,
				0.3,
				3.611,
				0.234,
				4.067,
				0.1,
				1,
				4.289,
				0.034,
				4.511,
				0,
				4.733,
				0,
				0,
				5.7,
				0
			]
		},
		{
			"Target": "Parameter",
			"Id": "ParamBrowLY",
			"Segments": [
				0,
				0.021,
				1,
				0.044,
				0.021,
				0.089,
				0.147,
				0.133,
				0.23,
				1,
				0.178,
				0.312,
				0.222,
				0.318,
				0.267,
				0.318,
				1,
				0.411,
				0.318,
				0.556,
				-1,
				0.7,
				-1,
				1,
				0.811,
				-1,
				0.922,
				-0.763,
				1.033,
				-0.763,
				1,
				1.156,
				-0.763,
				1.278,
				-0.763,
				1.4,
				-0.763,
				1,
				1.789,
				-0.763,
				2.178,
				-0.928,
				2.567,
				-0.928,
				1,
				2.611,
				-0.928,
				2.656,
				-0.914,
				2.7,
				-0.548,
				1,
				2.767,
				0,
				2.833,
				0.628,
				2.9,
				0.628,
				1,
				3.011,
				0.628,
				3.122,
				0.569,
				3.233,
				0.569,
				1,
				3.333,
				0.569,
				3.433,
				0.597,
				3.533,
				0.597,
				1,
				3.867,
				0.597,
				4.2,
				0.541,
				4.533,
				0.541,
				1,
				4.789,
				0.541,
				5.044,
				0.67,
				5.3,
				0.67,
				1,
				5.422,
				0.67,
				5.544,
				0.654,
				5.667,
				0.654,
				0,
				5.7,
				0.654
			]
		},
		{
			"Target": "Parameter",
			"Id": "ParamBodyAngleX",
			"Segments": [
				0,
				0,
				1,
				1.9,
				0,
				3.8,
				0,
				5.7,
				0
			]
		},
		{
			"Target": "Parameter",
			"Id": "ParamBodyAngleY",
			"Segments": [
				0,
				0,
				1,
				0.2,
				0,
				0.4,
				0,
				0.6,
				0,
				1,
				0.767,
				0,
				0.933,
				-6.358,
				1.1,
				-6.358,
				1,
				1.244,
				-6.358,
				1.389,
				-5.335,
				1.533,
				-5.335,
				1,
				1.689,
				-5.335,
				1.844,
				-5.556,
				2,
				-5.556,
				1,
				2.244,
				-5.556,
				2.489,
				2.233,
				2.733,
				2.233,
				1,
				2.867,
				2.233,
				3,
				-0.47,
				3.133,
				-0.47,
				1,
				3.278,
				-0.47,
				3.422,
				0.106,
				3.567,
				0.106,
				1,
				3.644,
				0.106,
				3.722,
				0,
				3.8,
				0,
				1,
				4.433,
				0,
				5.067,
				0,
				5.7,
				0
			]
		},
		{
			"Target": "Parameter",
			"Id": "ParamBodyAngleZ",
			"Segments": [
				0,
				0,
				1,
				0.111,
				0,
				0.222,
				0,
				0.333,
				0,
				1,
				0.433,
				0,
				0.533,
				-0.69,
				0.633,
				-0.69,
				1,
				0.8,
				-0.69,
				0.967,
				3.118,
				1.133,
				3.118,
				1,
				1.289,
				3.118,
				1.444,
				2.212,
				1.6,
				2.212,
				1,
				1.911,
				2.212,
				2.222,
				3.259,
				2.533,
				3.259,
				1,
				2.722,
				3.259,
				2.911,
				-5.815,
				3.1,
				-5.815,
				1,
				3.711,
				-5.815,
				4.322,
				4.004,
				4.933,
				4.004,
				1,
				5.189,
				4.004,
				5.444,
				-0.28,
				5.7,
				-0.28
			]
		},
		{
			"Target": "Parameter",
			"Id": "Param6",
			"Segments": [
				0,
				-5.239,
				1,
				0.067,
				-5.239,
				0.133,
				-5.229,
				0.2,
				-5.229,
				1,
				0.333,
				-5.229,
				0.467,
				-7.102,
				0.6,
				-7.102,
				1,
				0.756,
				-7.102,
				0.911,
				2.877,
				1.067,
				2.877,
				1,
				1.2,
				2.877,
				1.333,
				-3.757,
				1.467,
				-3.757,
				1,
				1.589,
				-3.757,
				1.711,
				0.144,
				1.833,
				0.144,
				1,
				1.944,
				0.144,
				2.056,
				-2.057,
				2.167,
				-2.057,
				1,
				2.3,
				-2.057,
				2.433,
				1.769,
				2.567,
				1.769,
				1,
				2.711,
				1.769,
				2.856,
				-20.976,
				3,
				-20.976,
				1,
				3.122,
				-20.976,
				3.244,
				-9.425,
				3.367,
				-9.425,
				1,
				3.489,
				-9.425,
				3.611,
				-16.44,
				3.733,
				-16.44,
				1,
				3.878,
				-16.44,
				4.022,
				-10.581,
				4.167,
				-10.581,
				1,
				4.211,
				-10.581,
				4.256,
				-10.974,
				4.3,
				-10.974,
				1,
				4.489,
				-10.974,
				4.678,
				4.596,
				4.867,
				4.596,
				1,
				5.033,
				4.596,
				5.2,
				-5.343,
				5.367,
				-5.343,
				1,
				5.433,
				-5.343,
				5.5,
				-4.723,
				5.567,
				-4.723,
				1,
				5.611,
				-4.723,
				5.656,
				-5.039,
				5.7,
				-5.039
			]
		},
		{
			"Target": "Parameter",
			"Id": "Param7",
			"Segments": [
				0,
				-0.186,
				1,
				0.167,
				-0.186,
				0.333,
				0.634,
				0.5,
				0.634,
				1,
				0.622,
				0.634,
				0.744,
				-3.503,
				0.867,
				-3.503,
				1,
				0.989,
				-3.503,
				1.111,
				6.603,
				1.233,
				6.603,
				1,
				1.356,
				6.603,
				1.478,
				-7.114,
				1.6,
				-7.114,
				1,
				1.722,
				-7.114,
				1.844,
				6.29,
				1.967,
				6.29,
				1,
				2.089,
				6.29,
				2.211,
				-5.374,
				2.333,
				-5.374,
				1,
				2.478,
				-5.374,
				2.622,
				10.557,
				2.767,
				10.557,
				1,
				2.889,
				10.557,
				3.011,
				-15.102,
				3.133,
				-15.102,
				1,
				3.256,
				-15.102,
				3.378,
				14.307,
				3.5,
				14.307,
				1,
				3.633,
				14.307,
				3.767,
				-12.262,
				3.9,
				-12.262,
				1,
				4.022,
				-12.262,
				4.144,
				9.439,
				4.267,
				9.439,
				1,
				4.378,
				9.439,
				4.489,
				-9.486,
				4.6,
				-9.486,
				1,
				4.733,
				-9.486,
				4.867,
				10.545,
				5,
				10.545,
				1,
				5.122,
				10.545,
				5.244,
				-8.728,
				5.367,
				-8.728,
				1,
				5.478,
				-8.728,
				5.589,
				5.726,
				5.7,
				5.726
			]
		},
		{
			"Target": "Parameter",
			"Id": "Param4",
			"Segments": [
				0,
				-2.094,
				1,
				0.189,
				-2.094,
				0.378,
				-2.516,
				0.567,
				-2.516,
				1,
				0.667,
				-2.516,
				0.767,
				0.054,
				0.867,
				0.054,
				1,
				0.967,
				0.054,
				1.067,
				-2.059,
				1.167,
				-2.059,
				1,
				1.289,
				-2.059,
				1.411,
				-0.494,
				1.533,
				-0.494,
				1,
				1.667,
				-0.494,
				1.8,
				-1.339,
				1.933,
				-1.339,
				1,
				2.011,
				-1.339,
				2.089,
				-0.987,
				2.167,
				-0.987,
				1,
				2.244,
				-0.987,
				2.322,
				-2.271,
				2.4,
				-2.271,
				1,
				2.5,
				-2.271,
				2.6,
				-0.205,
				2.7,
				-0.205,
				1,
				2.833,
				-0.205,
				2.967,
				-6.862,
				3.1,
				-6.862,
				1,
				3.233,
				-6.862,
				3.367,
				-2.935,
				3.5,
				-2.935,
				1,
				3.622,
				-2.935,
				3.744,
				-4.926,
				3.867,
				-4.926,
				1,
				4.211,
				-4.926,
				4.556,
				0.222,
				4.9,
				0.222,
				1,
				5.1,
				0.222,
				5.3,
				-2.189,
				5.5,
				-2.189,
				1,
				5.567,
				-2.189,
				5.633,
				-2.132,
				5.7,
				-2.132
			]
		},
		{
			"Target": "Parameter",
			"Id": "Param5",
			"Segments": [
				0,
				0.001,
				1,
				0.033,
				0.001,
				0.067,
				0.002,
				0.1,
				0.002,
				1,
				0.133,
				0.002,
				0.167,
				0.001,
				0.2,
				0.001,
				1,
				0.311,
				0.001,
				0.422,
				0.142,
				0.533,
				0.142,
				1,
				0.611,
				0.142,
				0.689,
				-1.056,
				0.767,
				-1.056,
				1,
				0.867,
				-1.056,
				0.967,
				1.787,
				1.067,
				1.787,
				1,
				1.178,
				1.787,
				1.289,
				-1.536,
				1.4,
				-1.536,
				1,
				1.522,
				-1.536,
				1.644,
				1.173,
				1.767,
				1.173,
				1,
				1.889,
				1.173,
				2.011,
				-0.828,
				2.133,
				-0.828,
				1,
				2.222,
				-0.828,
				2.311,
				0.685,
				2.4,
				0.685,
				1,
				2.489,
				0.685,
				2.578,
				-1.222,
				2.667,
				-1.222,
				1,
				2.767,
				-1.222,
				2.867,
				2.788,
				2.967,
				2.788,
				1,
				3.089,
				2.788,
				3.211,
				-3.307,
				3.333,
				-3.307,
				1,
				3.456,
				-3.307,
				3.578,
				2.683,
				3.7,
				2.683,
				1,
				3.822,
				2.683,
				3.944,
				-1.951,
				4.067,
				-1.951,
				1,
				4.189,
				-1.951,
				4.311,
				0.863,
				4.433,
				0.863,
				1,
				4.544,
				0.863,
				4.656,
				-0.786,
				4.767,
				-0.786,
				1,
				4.889,
				-0.786,
				5.011,
				1.147,
				5.133,
				1.147,
				1,
				5.256,
				1.147,
				5.378,
				-0.803,
				5.5,
				-0.803,
				1,
				5.567,
				-0.803,
				5.633,
				-0.173,
				5.7,
				-0.173
			]
		},
		{
			"Target": "Parameter",
			"Id": "Param_Angle_Rotation_1_m_h",
			"Segments": [
				0,
				-0.105,
				1,
				0.067,
				-0.105,
				0.133,
				-0.104,
				0.2,
				-0.104,
				1,
				0.411,
				-0.104,
				0.622,
				-0.152,
				0.833,
				-0.152,
				1,
				0.978,
				-0.152,
				1.122,
				-0.109,
				1.267,
				-0.109,
				1,
				1.444,
				-0.109,
				1.622,
				-0.153,
				1.8,
				-0.153,
				1,
				2.078,
				-0.153,
				2.356,
				0.074,
				2.633,
				0.074,
				1,
				2.811,
				0.074,
				2.989,
				-0.477,
				3.167,
				-0.477,
				1,
				3.344,
				-0.477,
				3.522,
				-0.178,
				3.7,
				-0.178,
				1,
				3.867,
				-0.178,
				4.033,
				-0.286,
				4.2,
				-0.286,
				1,
				4.433,
				-0.286,
				4.667,
				0.141,
				4.9,
				0.141,
				1,
				5.122,
				0.141,
				5.344,
				-0.188,
				5.567,
				-0.188,
				1,
				5.611,
				-0.188,
				5.656,
				-0.172,
				5.7,
				-0.172
			]
		},
		{
			"Target": "Parameter",
			"Id": "Param_Angle_Rotation_2_m_h",
			"Segments": [
				0,
				-0.001,
				1,
				0.189,
				-0.001,
				0.378,
				0.019,
				0.567,
				0.019,
				1,
				0.744,
				0.019,
				0.922,
				-0.031,
				1.1,
				-0.031,
				1,
				1.244,
				-0.031,
				1.389,
				0.036,
				1.533,
				0.036,
				1,
				1.7,
				0.036,
				1.867,
				-0.028,
				2.033,
				-0.028,
				1,
				2.1,
				-0.028,
				2.167,
				-0.015,
				2.233,
				-0.015,
				1,
				2.333,
				-0.015,
				2.433,
				-0.088,
				2.533,
				-0.088,
				1,
				2.667,
				-0.088,
				2.8,
				0.278,
				2.933,
				0.278,
				1,
				3.089,
				0.278,
				3.244,
				-0.267,
				3.4,
				-0.267,
				1,
				3.567,
				-0.267,
				3.733,
				0.181,
				3.9,
				0.181,
				1,
				4.089,
				0.181,
				4.278,
				-0.157,
				4.467,
				-0.157,
				1,
				4.689,
				-0.157,
				4.911,
				0.149,
				5.133,
				0.149,
				1,
				5.322,
				0.149,
				5.511,
				-0.098,
				5.7,
				-0.098
			]
		},
		{
			"Target": "Parameter",
			"Id": "Param_Angle_Rotation_3_m_h",
			"Segments": [
				0,
				-0.02,
				1,
				0.244,
				-0.02,
				0.489,
				0.053,
				0.733,
				0.053,
				1,
				0.911,
				0.053,
				1.089,
				-0.113,
				1.267,
				-0.113,
				1,
				1.422,
				-0.113,
				1.578,
				0.154,
				1.733,
				0.154,
				1,
				1.889,
				0.154,
				2.044,
				-0.149,
				2.2,
				-0.149,
				1,
				2.289,
				-0.149,
				2.378,
				-0.061,
				2.467,
				-0.061,
				1,
				2.544,
				-0.061,
				2.622,
				-0.181,
				2.7,
				-0.181,
				1,
				2.833,
				-0.181,
				2.967,
				0.89,
				3.1,
				0.89,
				1,
				3.256,
				0.89,
				3.411,
				-1.175,
				3.567,
				-1.175,
				1,
				3.733,
				-1.175,
				3.9,
				1.01,
				4.067,
				1.01,
				1,
				4.233,
				1.01,
				4.4,
				-0.842,
				4.567,
				-0.842,
				1,
				4.778,
				-0.842,
				4.989,
				0.589,
				5.2,
				0.589,
				1,
				5.367,
				0.589,
				5.533,
				-0.36,
				5.7,
				-0.36
			]
		},
		{
			"Target": "Parameter",
			"Id": "Param_Angle_Rotation_4_m_h",
			"Segments": [
				0,
				-0.08,
				1,
				0.167,
				-0.08,
				0.333,
				0.048,
				0.5,
				0.048,
				1,
				0.544,
				0.048,
				0.589,
				0.044,
				0.633,
				0.044,
				1,
				0.7,
				0.044,
				0.767,
				0.052,
				0.833,
				0.052,
				1,
				1.011,
				0.052,
				1.189,
				-0.166,
				1.367,
				-0.166,
				1,
				1.533,
				-0.166,
				1.7,
				0.276,
				1.867,
				0.276,
				1,
				2.022,
				0.276,
				2.178,
				-0.323,
				2.333,
				-0.323,
				1,
				2.456,
				-0.323,
				2.578,
				-0.013,
				2.7,
				-0.013,
				1,
				2.744,
				-0.013,
				2.789,
				-0.029,
				2.833,
				-0.029,
				1,
				2.967,
				-0.029,
				3.1,
				1.146,
				3.233,
				1.146,
				1,
				3.389,
				1.146,
				3.544,
				-2.025,
				3.7,
				-2.025,
				1,
				3.867,
				-2.025,
				4.033,
				2.112,
				4.2,
				2.112,
				1,
				4.356,
				2.112,
				4.511,
				-1.895,
				4.667,
				-1.895,
				1,
				4.856,
				-1.895,
				5.044,
				1.25,
				5.233,
				1.25,
				1,
				5.389,
				1.25,
				5.544,
				-0.506,
				5.7,
				-0.506
			]
		},
		{
			"Target": "Parameter",
			"Id": "Param_Angle_Rotation_5_m_h",
			"Segments": [
				0,
				-0.213,
				1,
				0.167,
				-0.213,
				0.333,
				0.119,
				0.5,
				0.119,
				1,
				0.622,
				0.119,
				0.744,
				0.023,
				0.867,
				0.023,
				1,
				0.922,
				0.023,
				0.978,
				0.031,
				1.033,
				0.031,
				1,
				1.189,
				0.031,
				1.344,
				-0.23,
				1.5,
				-0.23,
				1,
				1.656,
				-0.23,
				1.811,
				0.444,
				1.967,
				0.444,
				1,
				2.122,
				0.444,
				2.278,
				-0.588,
				2.433,
				-0.588,
				1,
				2.578,
				-0.588,
				2.722,
				0.21,
				2.867,
				0.21,
				1,
				2.911,
				0.21,
				2.956,
				0.177,
				3,
				0.177,
				1,
				3.122,
				0.177,
				3.244,
				1.355,
				3.367,
				1.355,
				1,
				3.511,
				1.355,
				3.656,
				-2.985,
				3.8,
				-2.985,
				1,
				3.967,
				-2.985,
				4.133,
				3.573,
				4.3,
				3.573,
				1,
				4.456,
				3.573,
				4.611,
				-3.394,
				4.767,
				-3.394,
				1,
				4.944,
				-3.394,
				5.122,
				2.352,
				5.3,
				2.352,
				1,
				5.433,
				2.352,
				5.567,
				-0.723,
				5.7,
				-0.723
			]
		},
		{
			"Target": "Parameter",
			"Id": "Param_Angle_Rotation_6_m_h",
			"Segments": [
				0,
				-0.238,
				1,
				0.044,
				-0.238,
				0.089,
				-0.349,
				0.133,
				-0.349,
				1,
				0.3,
				-0.349,
				0.467,
				0.216,
				0.633,
				0.216,
				1,
				0.967,
				0.216,
				1.3,
				-0.336,
				1.633,
				-0.336,
				1,
				1.789,
				-0.336,
				1.944,
				0.678,
				2.1,
				0.678,
				1,
				2.267,
				0.678,
				2.433,
				-1.021,
				2.6,
				-1.021,
				1,
				2.878,
				-1.021,
				3.156,
				1.74,
				3.433,
				1.74,
				1,
				3.589,
				1.74,
				3.744,
				-3.659,
				3.9,
				-3.659,
				1,
				4.067,
				-3.659,
				4.233,
				4.332,
				4.4,
				4.332,
				1,
				4.556,
				4.332,
				4.711,
				-4.207,
				4.867,
				-4.207,
				1,
				5.044,
				-4.207,
				5.222,
				3.103,
				5.4,
				3.103,
				1,
				5.5,
				3.103,
				5.6,
				0.21,
				5.7,
				0.21
			]
		},
		{
			"Target": "Parameter",
			"Id": "Param_Angle_Rotation_7_m_h",
			"Segments": [
				0,
				-0.13,
				1,
				0.056,
				-0.13,
				0.111,
				-0.419,
				0.167,
				-0.419,
				1,
				0.333,
				-0.419,
				0.5,
				0.24,
				0.667,
				0.24,
				1,
				0.8,
				0.24,
				0.933,
				-0.019,
				1.067,
				-0.019,
				1,
				1.144,
				-0.019,
				1.222,
				0.031,
				1.3,
				0.031,
				1,
				1.444,
				0.031,
				1.589,
				-0.318,
				1.733,
				-0.318,
				1,
				1.889,
				-0.318,
				2.044,
				0.664,
				2.2,
				0.664,
				1,
				2.356,
				0.664,
				2.511,
				-0.953,
				2.667,
				-0.953,
				1,
				2.822,
				-0.953,
				2.978,
				0.558,
				3.133,
				0.558,
				1,
				3.167,
				0.558,
				3.2,
				0.53,
				3.233,
				0.53,
				1,
				3.333,
				0.53,
				3.433,
				1.308,
				3.533,
				1.308,
				1,
				3.678,
				1.308,
				3.822,
				-3.075,
				3.967,
				-3.075,
				1,
				4.133,
				-3.075,
				4.3,
				3.698,
				4.467,
				3.698,
				1,
				4.622,
				3.698,
				4.778,
				-3.594,
				4.933,
				-3.594,
				1,
				5.111,
				-3.594,
				5.289,
				2.572,
				5.467,
				2.572,
				1,
				5.544,
				2.572,
				5.622,
				0.416,
				5.7,
				0.416
			]
		},
		{
			"Target": "Parameter",
			"Id": "Param_Angle_Rotation_8_m_h",
			"Segments": [
				0,
				0.348,
				1,
				0.089,
				0.348,
				0.178,
				-0.738,
				0.267,
				-0.738,
				1,
				0.433,
				-0.738,
				0.6,
				0.447,
				0.767,
				0.447,
				1,
				0.911,
				0.447,
				1.056,
				-0.044,
				1.2,
				-0.044,
				1,
				1.267,
				-0.044,
				1.333,
				0.009,
				1.4,
				0.009,
				1,
				1.533,
				0.009,
				1.667,
				-0.501,
				1.8,
				-0.501,
				1,
				1.967,
				-0.501,
				2.133,
				1.096,
				2.3,
				1.096,
				1,
				2.456,
				1.096,
				2.611,
				-1.736,
				2.767,
				-1.736,
				1,
				2.922,
				-1.736,
				3.078,
				1.151,
				3.233,
				1.151,
				1,
				3.278,
				1.151,
				3.322,
				1.096,
				3.367,
				1.096,
				1,
				3.444,
				1.096,
				3.522,
				1.789,
				3.6,
				1.789,
				1,
				3.733,
				1.789,
				3.867,
				-3.709,
				4,
				-3.709,
				1,
				4.178,
				-3.709,
				4.356,
				4.184,
				4.533,
				4.184,
				1,
				4.689,
				4.184,
				4.844,
				-4.014,
				5,
				-4.014,
				1,
				5.178,
				-4.014,
				5.356,
				3.197,
				5.533,
				3.197,
				1,
				5.589,
				3.197,
				5.644,
				1.525,
				5.7,
				1.525
			]
		},
		{
			"Target": "Parameter",
			"Id": "Param_Angle_Rotation_9_m_h",
			"Segments": [
				0,
				1.068,
				1,
				0.122,
				1.068,
				0.244,
				-0.963,
				0.367,
				-0.963,
				1,
				0.522,
				-0.963,
				0.678,
				0.587,
				0.833,
				0.587,
				1,
				0.989,
				0.587,
				1.144,
				-0.091,
				1.3,
				-0.091,
				1,
				1.367,
				-0.091,
				1.433,
				0.012,
				1.5,
				0.012,
				1,
				1.633,
				0.012,
				1.767,
				-0.599,
				1.9,
				-0.599,
				1,
				2.056,
				-0.599,
				2.211,
				1.325,
				2.367,
				1.325,
				1,
				2.522,
				1.325,
				2.678,
				-2.03,
				2.833,
				-2.03,
				1,
				2.989,
				-2.03,
				3.144,
				1.268,
				3.3,
				1.268,
				1,
				3.344,
				1.268,
				3.389,
				1.111,
				3.433,
				1.111,
				1,
				3.511,
				1.111,
				3.589,
				1.749,
				3.667,
				1.749,
				1,
				3.8,
				1.749,
				3.933,
				-3.364,
				4.067,
				-3.364,
				1,
				4.233,
				-3.364,
				4.4,
				3.716,
				4.567,
				3.716,
				1,
				4.722,
				3.716,
				4.878,
				-3.457,
				5.033,
				-3.457,
				1,
				5.222,
				-3.457,
				5.411,
				2.843,
				5.6,
				2.843,
				1,
				5.633,
				2.843,
				5.667,
				1.922,
				5.7,
				1.922
			]
		},
		{
			"Target": "Parameter",
			"Id": "Param_Angle_Rotation_1_l_m_h",
			"Segments": [
				0,
				-0.105,
				1,
				0.067,
				-0.105,
				0.133,
				-0.104,
				0.2,
				-0.104,
				1,
				0.411,
				-0.104,
				0.622,
				-0.152,
				0.833,
				-0.152,
				1,
				0.978,
				-0.152,
				1.122,
				-0.109,
				1.267,
				-0.109,
				1,
				1.444,
				-0.109,
				1.622,
				-0.153,
				1.8,
				-0.153,
				1,
				2.078,
				-0.153,
				2.356,
				0.074,
				2.633,
				0.074,
				1,
				2.811,
				0.074,
				2.989,
				-0.477,
				3.167,
				-0.477,
				1,
				3.344,
				-0.477,
				3.522,
				-0.178,
				3.7,
				-0.178,
				1,
				3.867,
				-0.178,
				4.033,
				-0.286,
				4.2,
				-0.286,
				1,
				4.433,
				-0.286,
				4.667,
				0.141,
				4.9,
				0.141,
				1,
				5.122,
				0.141,
				5.344,
				-0.188,
				5.567,
				-0.188,
				1,
				5.611,
				-0.188,
				5.656,
				-0.172,
				5.7,
				-0.172
			]
		},
		{
			"Target": "Parameter",
			"Id": "Param_Angle_Rotation_2_l_m_h",
			"Segments": [
				0,
				-0.105,
				1,
				0.067,
				-0.105,
				0.133,
				-0.104,
				0.2,
				-0.104,
				1,
				0.411,
				-0.104,
				0.622,
				-0.152,
				0.833,
				-0.152,
				1,
				0.978,
				-0.152,
				1.122,
				-0.109,
				1.267,
				-0.109,
				1,
				1.444,
				-0.109,
				1.622,
				-0.153,
				1.8,
				-0.153,
				1,
				2.078,
				-0.153,
				2.356,
				0.074,
				2.633,
				0.074,
				1,
				2.811,
				0.074,
				2.989,
				-0.477,
				3.167,
				-0.477,
				1,
				3.344,
				-0.477,
				3.522,
				-0.178,
				3.7,
				-0.178,
				1,
				3.867,
				-0.178,
				4.033,
				-0.286,
				4.2,
				-0.286,
				1,
				4.433,
				-0.286,
				4.667,
				0.141,
				4.9,
				0.141,
				1,
				5.122,
				0.141,
				5.344,
				-0.188,
				5.567,
				-0.188,
				1,
				5.611,
				-0.188,
				5.656,
				-0.172,
				5.7,
				-0.172
			]
		},
		{
			"Target": "Parameter",
			"Id": "Param_Angle_Rotation_3_l_m_h",
			"Segments": [
				0,
				-0.001,
				1,
				0.189,
				-0.001,
				0.378,
				0.019,
				0.567,
				0.019,
				1,
				0.744,
				0.019,
				0.922,
				-0.031,
				1.1,
				-0.031,
				1,
				1.244,
				-0.031,
				1.389,
				0.036,
				1.533,
				0.036,
				1,
				1.7,
				0.036,
				1.867,
				-0.028,
				2.033,
				-0.028,
				1,
				2.1,
				-0.028,
				2.167,
				-0.015,
				2.233,
				-0.015,
				1,
				2.333,
				-0.015,
				2.433,
				-0.088,
				2.533,
				-0.088,
				1,
				2.667,
				-0.088,
				2.8,
				0.278,
				2.933,
				0.278,
				1,
				3.089,
				0.278,
				3.244,
				-0.267,
				3.4,
				-0.267,
				1,
				3.567,
				-0.267,
				3.733,
				0.181,
				3.9,
				0.181,
				1,
				4.089,
				0.181,
				4.278,
				-0.157,
				4.467,
				-0.157,
				1,
				4.689,
				-0.157,
				4.911,
				0.149,
				5.133,
				0.149,
				1,
				5.322,
				0.149,
				5.511,
				-0.098,
				5.7,
				-0.098
			]
		},
		{
			"Target": "Parameter",
			"Id": "Param_Angle_Rotation_4_l_m_h",
			"Segments": [
				0,
				-0.02,
				1,
				0.244,
				-0.02,
				0.489,
				0.053,
				0.733,
				0.053,
				1,
				0.911,
				0.053,
				1.089,
				-0.113,
				1.267,
				-0.113,
				1,
				1.422,
				-0.113,
				1.578,
				0.154,
				1.733,
				0.154,
				1,
				1.889,
				0.154,
				2.044,
				-0.149,
				2.2,
				-0.149,
				1,
				2.289,
				-0.149,
				2.378,
				-0.061,
				2.467,
				-0.061,
				1,
				2.544,
				-0.061,
				2.622,
				-0.181,
				2.7,
				-0.181,
				1,
				2.833,
				-0.181,
				2.967,
				0.89,
				3.1,
				0.89,
				1,
				3.256,
				0.89,
				3.411,
				-1.175,
				3.567,
				-1.175,
				1,
				3.733,
				-1.175,
				3.9,
				1.01,
				4.067,
				1.01,
				1,
				4.233,
				1.01,
				4.4,
				-0.842,
				4.567,
				-0.842,
				1,
				4.778,
				-0.842,
				4.989,
				0.589,
				5.2,
				0.589,
				1,
				5.367,
				0.589,
				5.533,
				-0.36,
				5.7,
				-0.36
			]
		},
		{
			"Target": "Parameter",
			"Id": "Param_Angle_Rotation_5_l_m_h",
			"Segments": [
				0,
				-0.08,
				1,
				0.167,
				-0.08,
				0.333,
				0.048,
				0.5,
				0.048,
				1,
				0.544,
				0.048,
				0.589,
				0.044,
				0.633,
				0.044,
				1,
				0.7,
				0.044,
				0.767,
				0.052,
				0.833,
				0.052,
				1,
				1.011,
				0.052,
				1.189,
				-0.166,
				1.367,
				-0.166,
				1,
				1.533,
				-0.166,
				1.7,
				0.276,
				1.867,
				0.276,
				1,
				2.022,
				0.276,
				2.178,
				-0.323,
				2.333,
				-0.323,
				1,
				2.456,
				-0.323,
				2.578,
				-0.013,
				2.7,
				-0.013,
				1,
				2.744,
				-0.013,
				2.789,
				-0.029,
				2.833,
				-0.029,
				1,
				2.967,
				-0.029,
				3.1,
				1.146,
				3.233,
				1.146,
				1,
				3.389,
				1.146,
				3.544,
				-2.025,
				3.7,
				-2.025,
				1,
				3.867,
				-2.025,
				4.033,
				2.112,
				4.2,
				2.112,
				1,
				4.356,
				2.112,
				4.511,
				-1.895,
				4.667,
				-1.895,
				1,
				4.856,
				-1.895,
				5.044,
				1.25,
				5.233,
				1.25,
				1,
				5.389,
				1.25,
				5.544,
				-0.506,
				5.7,
				-0.506
			]
		},
		{
			"Target": "Parameter",
			"Id": "Param_Angle_Rotation_6_l_m_h",
			"Segments": [
				0,
				-0.213,
				1,
				0.167,
				-0.213,
				0.333,
				0.119,
				0.5,
				0.119,
				1,
				0.622,
				0.119,
				0.744,
				0.023,
				0.867,
				0.023,
				1,
				0.922,
				0.023,
				0.978,
				0.031,
				1.033,
				0.031,
				1,
				1.189,
				0.031,
				1.344,
				-0.23,
				1.5,
				-0.23,
				1,
				1.656,
				-0.23,
				1.811,
				0.444,
				1.967,
				0.444,
				1,
				2.122,
				0.444,
				2.278,
				-0.588,
				2.433,
				-0.588,
				1,
				2.578,
				-0.588,
				2.722,
				0.21,
				2.867,
				0.21,
				1,
				2.911,
				0.21,
				2.956,
				0.177,
				3,
				0.177,
				1,
				3.122,
				0.177,
				3.244,
				1.355,
				3.367,
				1.355,
				1,
				3.511,
				1.355,
				3.656,
				-2.985,
				3.8,
				-2.985,
				1,
				3.967,
				-2.985,
				4.133,
				3.573,
				4.3,
				3.573,
				1,
				4.456,
				3.573,
				4.611,
				-3.394,
				4.767,
				-3.394,
				1,
				4.944,
				-3.394,
				5.122,
				2.352,
				5.3,
				2.352,
				1,
				5.433,
				2.352,
				5.567,
				-0.723,
				5.7,
				-0.723
			]
		},
		{
			"Target": "Parameter",
			"Id": "Param_Angle_Rotation_7_l_m_h",
			"Segments": [
				0,
				-0.238,
				1,
				0.044,
				-0.238,
				0.089,
				-0.349,
				0.133,
				-0.349,
				1,
				0.3,
				-0.349,
				0.467,
				0.216,
				0.633,
				0.216,
				1,
				0.967,
				0.216,
				1.3,
				-0.336,
				1.633,
				-0.336,
				1,
				1.789,
				-0.336,
				1.944,
				0.678,
				2.1,
				0.678,
				1,
				2.267,
				0.678,
				2.433,
				-1.021,
				2.6,
				-1.021,
				1,
				2.878,
				-1.021,
				3.156,
				1.74,
				3.433,
				1.74,
				1,
				3.589,
				1.74,
				3.744,
				-3.659,
				3.9,
				-3.659,
				1,
				4.067,
				-3.659,
				4.233,
				4.332,
				4.4,
				4.332,
				1,
				4.556,
				4.332,
				4.711,
				-4.207,
				4.867,
				-4.207,
				1,
				5.044,
				-4.207,
				5.222,
				3.103,
				5.4,
				3.103,
				1,
				5.5,
				3.103,
				5.6,
				0.21,
				5.7,
				0.21
			]
		},
		{
			"Target": "Parameter",
			"Id": "Param_Angle_Rotation_8_l_m_h",
			"Segments": [
				0,
				-0.156,
				1,
				0.056,
				-0.156,
				0.111,
				-0.503,
				0.167,
				-0.503,
				1,
				0.333,
				-0.503,
				0.5,
				0.289,
				0.667,
				0.289,
				1,
				0.8,
				0.289,
				0.933,
				-0.023,
				1.067,
				-0.023,
				1,
				1.144,
				-0.023,
				1.222,
				0.037,
				1.3,
				0.037,
				1,
				1.444,
				0.037,
				1.589,
				-0.381,
				1.733,
				-0.381,
				1,
				1.889,
				-0.381,
				2.044,
				0.797,
				2.2,
				0.797,
				1,
				2.356,
				0.797,
				2.511,
				-1.143,
				2.667,
				-1.143,
				1,
				2.822,
				-1.143,
				2.978,
				0.669,
				3.133,
				0.669,
				1,
				3.167,
				0.669,
				3.2,
				0.636,
				3.233,
				0.636,
				1,
				3.333,
				0.636,
				3.433,
				1.57,
				3.533,
				1.57,
				1,
				3.678,
				1.57,
				3.822,
				-3.69,
				3.967,
				-3.69,
				1,
				4.133,
				-3.69,
				4.3,
				4.437,
				4.467,
				4.437,
				1,
				4.622,
				4.437,
				4.778,
				-4.313,
				4.933,
				-4.313,
				1,
				5.111,
				-4.313,
				5.289,
				3.086,
				5.467,
				3.086,
				1,
				5.544,
				3.086,
				5.622,
				0.499,
				5.7,
				0.499
			]
		},
		{
			"Target": "Parameter",
			"Id": "Param_Angle_Rotation_9_l_m_h",
			"Segments": [
				0,
				0.348,
				1,
				0.089,
				0.348,
				0.178,
				-0.738,
				0.267,
				-0.738,
				1,
				0.433,
				-0.738,
				0.6,
				0.447,
				0.767,
				0.447,
				1,
				0.911,
				0.447,
				1.056,
				-0.044,
				1.2,
				-0.044,
				1,
				1.267,
				-0.044,
				1.333,
				0.009,
				1.4,
				0.009,
				1,
				1.533,
				0.009,
				1.667,
				-0.501,
				1.8,
				-0.501,
				1,
				1.967,
				-0.501,
				2.133,
				1.096,
				2.3,
				1.096,
				1,
				2.456,
				1.096,
				2.611,
				-1.736,
				2.767,
				-1.736,
				1,
				2.922,
				-1.736,
				3.078,
				1.151,
				3.233,
				1.151,
				1,
				3.278,
				1.151,
				3.322,
				1.096,
				3.367,
				1.096,
				1,
				3.444,
				1.096,
				3.522,
				1.789,
				3.6,
				1.789,
				1,
				3.733,
				1.789,
				3.867,
				-3.709,
				4,
				-3.709,
				1,
				4.178,
				-3.709,
				4.356,
				4.184,
				4.533,
				4.184,
				1,
				4.689,
				4.184,
				4.844,
				-4.014,
				5,
				-4.014,
				1,
				5.178,
				-4.014,
				5.356,
				3.197,
				5.533,
				3.197,
				1,
				5.589,
				3.197,
				5.644,
				1.525,
				5.7,
				1.525
			]
		},
		{
			"Target": "Parameter",
			"Id": "Param_Angle_Rotation_1_r_r_h",
			"Segments": [
				0,
				-0.105,
				1,
				0.067,
				-0.105,
				0.133,
				-0.104,
				0.2,
				-0.104,
				1,
				0.411,
				-0.104,
				0.622,
				-0.152,
				0.833,
				-0.152,
				1,
				0.978,
				-0.152,
				1.122,
				-0.109,
				1.267,
				-0.109,
				1,
				1.444,
				-0.109,
				1.622,
				-0.153,
				1.8,
				-0.153,
				1,
				2.078,
				-0.153,
				2.356,
				0.074,
				2.633,
				0.074,
				1,
				2.811,
				0.074,
				2.989,
				-0.477,
				3.167,
				-0.477,
				1,
				3.344,
				-0.477,
				3.522,
				-0.178,
				3.7,
				-0.178,
				1,
				3.867,
				-0.178,
				4.033,
				-0.286,
				4.2,
				-0.286,
				1,
				4.433,
				-0.286,
				4.667,
				0.141,
				4.9,
				0.141,
				1,
				5.122,
				0.141,
				5.344,
				-0.188,
				5.567,
				-0.188,
				1,
				5.611,
				-0.188,
				5.656,
				-0.172,
				5.7,
				-0.172
			]
		},
		{
			"Target": "Parameter",
			"Id": "Param_Angle_Rotation_2_r_r_h",
			"Segments": [
				0,
				-0.105,
				1,
				0.067,
				-0.105,
				0.133,
				-0.104,
				0.2,
				-0.104,
				1,
				0.411,
				-0.104,
				0.622,
				-0.152,
				0.833,
				-0.152,
				1,
				0.978,
				-0.152,
				1.122,
				-0.109,
				1.267,
				-0.109,
				1,
				1.444,
				-0.109,
				1.622,
				-0.153,
				1.8,
				-0.153,
				1,
				2.078,
				-0.153,
				2.356,
				0.074,
				2.633,
				0.074,
				1,
				2.811,
				0.074,
				2.989,
				-0.477,
				3.167,
				-0.477,
				1,
				3.344,
				-0.477,
				3.522,
				-0.178,
				3.7,
				-0.178,
				1,
				3.867,
				-0.178,
				4.033,
				-0.286,
				4.2,
				-0.286,
				1,
				4.433,
				-0.286,
				4.667,
				0.141,
				4.9,
				0.141,
				1,
				5.122,
				0.141,
				5.344,
				-0.188,
				5.567,
				-0.188,
				1,
				5.611,
				-0.188,
				5.656,
				-0.172,
				5.7,
				-0.172
			]
		},
		{
			"Target": "Parameter",
			"Id": "Param_Angle_Rotation_3_r_r_h",
			"Segments": [
				0,
				-0.21,
				1,
				0.067,
				-0.21,
				0.133,
				-0.209,
				0.2,
				-0.209,
				1,
				0.411,
				-0.209,
				0.622,
				-0.304,
				0.833,
				-0.304,
				1,
				0.978,
				-0.304,
				1.122,
				-0.218,
				1.267,
				-0.218,
				1,
				1.444,
				-0.218,
				1.622,
				-0.306,
				1.8,
				-0.306,
				1,
				2.078,
				-0.306,
				2.356,
				0.147,
				2.633,
				0.147,
				1,
				2.811,
				0.147,
				2.989,
				-0.955,
				3.167,
				-0.955,
				1,
				3.344,
				-0.955,
				3.522,
				-0.356,
				3.7,
				-0.356,
				1,
				3.867,
				-0.356,
				4.033,
				-0.572,
				4.2,
				-0.572,
				1,
				4.433,
				-0.572,
				4.667,
				0.282,
				4.9,
				0.282,
				1,
				5.122,
				0.282,
				5.344,
				-0.376,
				5.567,
				-0.376,
				1,
				5.611,
				-0.376,
				5.656,
				-0.343,
				5.7,
				-0.343
			]
		},
		{
			"Target": "Parameter",
			"Id": "Param_Angle_Rotation_4_r_r_h",
			"Segments": [
				0,
				-0.004,
				1,
				0.189,
				-0.004,
				0.378,
				0.057,
				0.567,
				0.057,
				1,
				0.744,
				0.057,
				0.922,
				-0.094,
				1.1,
				-0.094,
				1,
				1.244,
				-0.094,
				1.389,
				0.107,
				1.533,
				0.107,
				1,
				1.7,
				0.107,
				1.867,
				-0.083,
				2.033,
				-0.083,
				1,
				2.1,
				-0.083,
				2.167,
				-0.044,
				2.233,
				-0.044,
				1,
				2.333,
				-0.044,
				2.433,
				-0.264,
				2.533,
				-0.264,
				1,
				2.667,
				-0.264,
				2.8,
				0.834,
				2.933,
				0.834,
				1,
				3.089,
				0.834,
				3.244,
				-0.801,
				3.4,
				-0.801,
				1,
				3.567,
				-0.801,
				3.733,
				0.544,
				3.9,
				0.544,
				1,
				4.089,
				0.544,
				4.278,
				-0.472,
				4.467,
				-0.472,
				1,
				4.689,
				-0.472,
				4.911,
				0.446,
				5.133,
				0.446,
				1,
				5.322,
				0.446,
				5.511,
				-0.295,
				5.7,
				-0.295
			]
		},
		{
			"Target": "Parameter",
			"Id": "Param_Angle_Rotation_5_r_r_h",
			"Segments": [
				0,
				-0.026,
				1,
				0.244,
				-0.026,
				0.489,
				0.071,
				0.733,
				0.071,
				1,
				0.911,
				0.071,
				1.089,
				-0.15,
				1.267,
				-0.15,
				1,
				1.422,
				-0.15,
				1.578,
				0.206,
				1.733,
				0.206,
				1,
				1.889,
				0.206,
				2.044,
				-0.199,
				2.2,
				-0.199,
				1,
				2.289,
				-0.199,
				2.378,
				-0.082,
				2.467,
				-0.082,
				1,
				2.544,
				-0.082,
				2.622,
				-0.241,
				2.7,
				-0.241,
				1,
				2.833,
				-0.241,
				2.967,
				1.187,
				3.1,
				1.187,
				1,
				3.256,
				1.187,
				3.411,
				-1.567,
				3.567,
				-1.567,
				1,
				3.733,
				-1.567,
				3.9,
				1.346,
				4.067,
				1.346,
				1,
				4.233,
				1.346,
				4.4,
				-1.123,
				4.567,
				-1.123,
				1,
				4.778,
				-1.123,
				4.989,
				0.786,
				5.2,
				0.786,
				1,
				5.367,
				0.786,
				5.533,
				-0.48,
				5.7,
				-0.48
			]
		},
		{
			"Target": "Parameter",
			"Id": "Param_Angle_Rotation_6_r_r_h",
			"Segments": [
				0,
				-0.1,
				1,
				0.167,
				-0.1,
				0.333,
				0.06,
				0.5,
				0.06,
				1,
				0.544,
				0.06,
				0.589,
				0.055,
				0.633,
				0.055,
				1,
				0.7,
				0.055,
				0.767,
				0.064,
				0.833,
				0.064,
				1,
				1.011,
				0.064,
				1.189,
				-0.208,
				1.367,
				-0.208,
				1,
				1.533,
				-0.208,
				1.7,
				0.345,
				1.867,
				0.345,
				1,
				2.022,
				0.345,
				2.178,
				-0.404,
				2.333,
				-0.404,
				1,
				2.456,
				-0.404,
				2.578,
				-0.016,
				2.7,
				-0.016,
				1,
				2.744,
				-0.016,
				2.789,
				-0.037,
				2.833,
				-0.037,
				1,
				2.967,
				-0.037,
				3.1,
				1.433,
				3.233,
				1.433,
				1,
				3.389,
				1.433,
				3.544,
				-2.531,
				3.7,
				-2.531,
				1,
				3.867,
				-2.531,
				4.033,
				2.641,
				4.2,
				2.641,
				1,
				4.356,
				2.641,
				4.511,
				-2.369,
				4.667,
				-2.369,
				1,
				4.856,
				-2.369,
				5.044,
				1.562,
				5.233,
				1.562,
				1,
				5.389,
				1.562,
				5.544,
				-0.632,
				5.7,
				-0.632
			]
		},
		{
			"Target": "Parameter",
			"Id": "Param_Angle_Rotation_7_r_r_h",
			"Segments": [
				0,
				-0.213,
				1,
				0.167,
				-0.213,
				0.333,
				0.119,
				0.5,
				0.119,
				1,
				0.622,
				0.119,
				0.744,
				0.023,
				0.867,
				0.023,
				1,
				0.922,
				0.023,
				0.978,
				0.031,
				1.033,
				0.031,
				1,
				1.189,
				0.031,
				1.344,
				-0.23,
				1.5,
				-0.23,
				1,
				1.656,
				-0.23,
				1.811,
				0.444,
				1.967,
				0.444,
				1,
				2.122,
				0.444,
				2.278,
				-0.588,
				2.433,
				-0.588,
				1,
				2.578,
				-0.588,
				2.722,
				0.21,
				2.867,
				0.21,
				1,
				2.911,
				0.21,
				2.956,
				0.177,
				3,
				0.177,
				1,
				3.122,
				0.177,
				3.244,
				1.355,
				3.367,
				1.355,
				1,
				3.511,
				1.355,
				3.656,
				-2.985,
				3.8,
				-2.985,
				1,
				3.967,
				-2.985,
				4.133,
				3.573,
				4.3,
				3.573,
				1,
				4.456,
				3.573,
				4.611,
				-3.394,
				4.767,
				-3.394,
				1,
				4.944,
				-3.394,
				5.122,
				2.352,
				5.3,
				2.352,
				1,
				5.433,
				2.352,
				5.567,
				-0.723,
				5.7,
				-0.723
			]
		},
		{
			"Target": "Parameter",
			"Id": "Param_Angle_Rotation_8_r_r_h",
			"Segments": [
				0,
				-0.238,
				1,
				0.044,
				-0.238,
				0.089,
				-0.349,
				0.133,
				-0.349,
				1,
				0.3,
				-0.349,
				0.467,
				0.216,
				0.633,
				0.216,
				1,
				0.967,
				0.216,
				1.3,
				-0.336,
				1.633,
				-0.336,
				1,
				1.789,
				-0.336,
				1.944,
				0.678,
				2.1,
				0.678,
				1,
				2.267,
				0.678,
				2.433,
				-1.021,
				2.6,
				-1.021,
				1,
				2.878,
				-1.021,
				3.156,
				1.74,
				3.433,
				1.74,
				1,
				3.589,
				1.74,
				3.744,
				-3.659,
				3.9,
				-3.659,
				1,
				4.067,
				-3.659,
				4.233,
				4.332,
				4.4,
				4.332,
				1,
				4.556,
				4.332,
				4.711,
				-4.207,
				4.867,
				-4.207,
				1,
				5.044,
				-4.207,
				5.222,
				3.103,
				5.4,
				3.103,
				1,
				5.5,
				3.103,
				5.6,
				0.21,
				5.7,
				0.21
			]
		},
		{
			"Target": "Parameter",
			"Id": "Param_Angle_Rotation_9_r_r_h",
			"Segments": [
				0,
				-0.156,
				1,
				0.056,
				-0.156,
				0.111,
				-0.503,
				0.167,
				-0.503,
				1,
				0.333,
				-0.503,
				0.5,
				0.289,
				0.667,
				0.289,
				1,
				0.8,
				0.289,
				0.933,
				-0.023,
				1.067,
				-0.023,
				1,
				1.144,
				-0.023,
				1.222,
				0.037,
				1.3,
				0.037,
				1,
				1.444,
				0.037,
				1.589,
				-0.381,
				1.733,
				-0.381,
				1,
				1.889,
				-0.381,
				2.044,
				0.797,
				2.2,
				0.797,
				1,
				2.356,
				0.797,
				2.511,
				-1.143,
				2.667,
				-1.143,
				1,
				2.822,
				-1.143,
				2.978,
				0.669,
				3.133,
				0.669,
				1,
				3.167,
				0.669,
				3.2,
				0.636,
				3.233,
				0.636,
				1,
				3.333,
				0.636,
				3.433,
				1.57,
				3.533,
				1.57,
				1,
				3.678,
				1.57,
				3.822,
				-3.69,
				3.967,
				-3.69,
				1,
				4.133,
				-3.69,
				4.3,
				4.437,
				4.467,
				4.437,
				1,
				4.622,
				4.437,
				4.778,
				-4.313,
				4.933,
				-4.313,
				1,
				5.111,
				-4.313,
				5.289,
				3.086,
				5.467,
				3.086,
				1,
				5.544,
				3.086,
				5.622,
				0.499,
				5.7,
				0.499
			]
		},
		{
			"Target": "Parameter",
			"Id": "Param_Angle_Rotation_10_r_r_h",
			"Segments": [
				0,
				0.348,
				1,
				0.089,
				0.348,
				0.178,
				-0.738,
				0.267,
				-0.738,
				1,
				0.433,
				-0.738,
				0.6,
				0.447,
				0.767,
				0.447,
				1,
				0.911,
				0.447,
				1.056,
				-0.044,
				1.2,
				-0.044,
				1,
				1.267,
				-0.044,
				1.333,
				0.009,
				1.4,
				0.009,
				1,
				1.533,
				0.009,
				1.667,
				-0.501,
				1.8,
				-0.501,
				1,
				1.967,
				-0.501,
				2.133,
				1.096,
				2.3,
				1.096,
				1,
				2.456,
				1.096,
				2.611,
				-1.736,
				2.767,
				-1.736,
				1,
				2.922,
				-1.736,
				3.078,
				1.151,
				3.233,
				1.151,
				1,
				3.278,
				1.151,
				3.322,
				1.096,
				3.367,
				1.096,
				1,
				3.444,
				1.096,
				3.522,
				1.789,
				3.6,
				1.789,
				1,
				3.733,
				1.789,
				3.867,
				-3.709,
				4,
				-3.709,
				1,
				4.178,
				-3.709,
				4.356,
				4.184,
				4.533,
				4.184,
				1,
				4.689,
				4.184,
				4.844,
				-4.014,
				5,
				-4.014,
				1,
				5.178,
				-4.014,
				5.356,
				3.197,
				5.533,
				3.197,
				1,
				5.589,
				3.197,
				5.644,
				1.525,
				5.7,
				1.525
			]
		},
		{
			"Target": "Parameter",
			"Id": "Param_Angle_Rotation_11_r_r_h",
			"Segments": [
				0,
				1.068,
				1,
				0.122,
				1.068,
				0.244,
				-0.963,
				0.367,
				-0.963,
				1,
				0.522,
				-0.963,
				0.678,
				0.587,
				0.833,
				0.587,
				1,
				0.989,
				0.587,
				1.144,
				-0.091,
				1.3,
				-0.091,
				1,
				1.367,
				-0.091,
				1.433,
				0.012,
				1.5,
				0.012,
				1,
				1.633,
				0.012,
				1.767,
				-0.599,
				1.9,
				-0.599,
				1,
				2.056,
				-0.599,
				2.211,
				1.325,
				2.367,
				1.325,
				1,
				2.522,
				1.325,
				2.678,
				-2.03,
				2.833,
				-2.03,
				1,
				2.989,
				-2.03,
				3.144,
				1.268,
				3.3,
				1.268,
				1,
				3.344,
				1.268,
				3.389,
				1.111,
				3.433,
				1.111,
				1,
				3.511,
				1.111,
				3.589,
				1.749,
				3.667,
				1.749,
				1,
				3.8,
				1.749,
				3.933,
				-3.364,
				4.067,
				-3.364,
				1,
				4.233,
				-3.364,
				4.4,
				3.716,
				4.567,
				3.716,
				1,
				4.722,
				3.716,
				4.878,
				-3.457,
				5.033,
				-3.457,
				1,
				5.222,
				-3.457,
				5.411,
				2.843,
				5.6,
				2.843,
				1,
				5.633,
				2.843,
				5.667,
				1.922,
				5.7,
				1.922
			]
		},
		{
			"Target": "Parameter",
			"Id": "Param_Angle_Rotation_1_l_l_h",
			"Segments": [
				0,
				-0.105,
				1,
				0.067,
				-0.105,
				0.133,
				-0.104,
				0.2,
				-0.104,
				1,
				0.411,
				-0.104,
				0.622,
				-0.152,
				0.833,
				-0.152,
				1,
				0.978,
				-0.152,
				1.122,
				-0.109,
				1.267,
				-0.109,
				1,
				1.444,
				-0.109,
				1.622,
				-0.153,
				1.8,
				-0.153,
				1,
				2.078,
				-0.153,
				2.356,
				0.074,
				2.633,
				0.074,
				1,
				2.811,
				0.074,
				2.989,
				-0.477,
				3.167,
				-0.477,
				1,
				3.344,
				-0.477,
				3.522,
				-0.178,
				3.7,
				-0.178,
				1,
				3.867,
				-0.178,
				4.033,
				-0.286,
				4.2,
				-0.286,
				1,
				4.433,
				-0.286,
				4.667,
				0.141,
				4.9,
				0.141,
				1,
				5.122,
				0.141,
				5.344,
				-0.188,
				5.567,
				-0.188,
				1,
				5.611,
				-0.188,
				5.656,
				-0.172,
				5.7,
				-0.172
			]
		},
		{
			"Target": "Parameter",
			"Id": "Param_Angle_Rotation_2_l_l_h",
			"Segments": [
				0,
				-0.105,
				1,
				0.067,
				-0.105,
				0.133,
				-0.104,
				0.2,
				-0.104,
				1,
				0.411,
				-0.104,
				0.622,
				-0.152,
				0.833,
				-0.152,
				1,
				0.978,
				-0.152,
				1.122,
				-0.109,
				1.267,
				-0.109,
				1,
				1.444,
				-0.109,
				1.622,
				-0.153,
				1.8,
				-0.153,
				1,
				2.078,
				-0.153,
				2.356,
				0.074,
				2.633,
				0.074,
				1,
				2.811,
				0.074,
				2.989,
				-0.477,
				3.167,
				-0.477,
				1,
				3.344,
				-0.477,
				3.522,
				-0.178,
				3.7,
				-0.178,
				1,
				3.867,
				-0.178,
				4.033,
				-0.286,
				4.2,
				-0.286,
				1,
				4.433,
				-0.286,
				4.667,
				0.141,
				4.9,
				0.141,
				1,
				5.122,
				0.141,
				5.344,
				-0.188,
				5.567,
				-0.188,
				1,
				5.611,
				-0.188,
				5.656,
				-0.172,
				5.7,
				-0.172
			]
		},
		{
			"Target": "Parameter",
			"Id": "Param_Angle_Rotation_3_l_l_h",
			"Segments": [
				0,
				-0.001,
				1,
				0.189,
				-0.001,
				0.378,
				0.019,
				0.567,
				0.019,
				1,
				0.744,
				0.019,
				0.922,
				-0.031,
				1.1,
				-0.031,
				1,
				1.244,
				-0.031,
				1.389,
				0.036,
				1.533,
				0.036,
				1,
				1.7,
				0.036,
				1.867,
				-0.028,
				2.033,
				-0.028,
				1,
				2.1,
				-0.028,
				2.167,
				-0.015,
				2.233,
				-0.015,
				1,
				2.333,
				-0.015,
				2.433,
				-0.088,
				2.533,
				-0.088,
				1,
				2.667,
				-0.088,
				2.8,
				0.278,
				2.933,
				0.278,
				1,
				3.089,
				0.278,
				3.244,
				-0.267,
				3.4,
				-0.267,
				1,
				3.567,
				-0.267,
				3.733,
				0.181,
				3.9,
				0.181,
				1,
				4.089,
				0.181,
				4.278,
				-0.157,
				4.467,
				-0.157,
				1,
				4.689,
				-0.157,
				4.911,
				0.149,
				5.133,
				0.149,
				1,
				5.322,
				0.149,
				5.511,
				-0.098,
				5.7,
				-0.098
			]
		},
		{
			"Target": "Parameter",
			"Id": "Param_Angle_Rotation_4_l_l_h",
			"Segments": [
				0,
				-0.02,
				1,
				0.244,
				-0.02,
				0.489,
				0.053,
				0.733,
				0.053,
				1,
				0.911,
				0.053,
				1.089,
				-0.113,
				1.267,
				-0.113,
				1,
				1.422,
				-0.113,
				1.578,
				0.154,
				1.733,
				0.154,
				1,
				1.889,
				0.154,
				2.044,
				-0.149,
				2.2,
				-0.149,
				1,
				2.289,
				-0.149,
				2.378,
				-0.061,
				2.467,
				-0.061,
				1,
				2.544,
				-0.061,
				2.622,
				-0.181,
				2.7,
				-0.181,
				1,
				2.833,
				-0.181,
				2.967,
				0.89,
				3.1,
				0.89,
				1,
				3.256,
				0.89,
				3.411,
				-1.175,
				3.567,
				-1.175,
				1,
				3.733,
				-1.175,
				3.9,
				1.01,
				4.067,
				1.01,
				1,
				4.233,
				1.01,
				4.4,
				-0.842,
				4.567,
				-0.842,
				1,
				4.778,
				-0.842,
				4.989,
				0.589,
				5.2,
				0.589,
				1,
				5.367,
				0.589,
				5.533,
				-0.36,
				5.7,
				-0.36
			]
		},
		{
			"Target": "Parameter",
			"Id": "Param_Angle_Rotation_5_l_l_h",
			"Segments": [
				0,
				-0.08,
				1,
				0.167,
				-0.08,
				0.333,
				0.048,
				0.5,
				0.048,
				1,
				0.544,
				0.048,
				0.589,
				0.044,
				0.633,
				0.044,
				1,
				0.7,
				0.044,
				0.767,
				0.052,
				0.833,
				0.052,
				1,
				1.011,
				0.052,
				1.189,
				-0.166,
				1.367,
				-0.166,
				1,
				1.533,
				-0.166,
				1.7,
				0.276,
				1.867,
				0.276,
				1,
				2.022,
				0.276,
				2.178,
				-0.323,
				2.333,
				-0.323,
				1,
				2.456,
				-0.323,
				2.578,
				-0.013,
				2.7,
				-0.013,
				1,
				2.744,
				-0.013,
				2.789,
				-0.029,
				2.833,
				-0.029,
				1,
				2.967,
				-0.029,
				3.1,
				1.146,
				3.233,
				1.146,
				1,
				3.389,
				1.146,
				3.544,
				-2.025,
				3.7,
				-2.025,
				1,
				3.867,
				-2.025,
				4.033,
				2.112,
				4.2,
				2.112,
				1,
				4.356,
				2.112,
				4.511,
				-1.895,
				4.667,
				-1.895,
				1,
				4.856,
				-1.895,
				5.044,
				1.25,
				5.233,
				1.25,
				1,
				5.389,
				1.25,
				5.544,
				-0.506,
				5.7,
				-0.506
			]
		},
		{
			"Target": "Parameter",
			"Id": "Param_Angle_Rotation_6_l_l_h",
			"Segments": [
				0,
				-0.213,
				1,
				0.167,
				-0.213,
				0.333,
				0.119,
				0.5,
				0.119,
				1,
				0.622,
				0.119,
				0.744,
				0.023,
				0.867,
				0.023,
				1,
				0.922,
				0.023,
				0.978,
				0.031,
				1.033,
				0.031,
				1,
				1.189,
				0.031,
				1.344,
				-0.23,
				1.5,
				-0.23,
				1,
				1.656,
				-0.23,
				1.811,
				0.444,
				1.967,
				0.444,
				1,
				2.122,
				0.444,
				2.278,
				-0.588,
				2.433,
				-0.588,
				1,
				2.578,
				-0.588,
				2.722,
				0.21,
				2.867,
				0.21,
				1,
				2.911,
				0.21,
				2.956,
				0.177,
				3,
				0.177,
				1,
				3.122,
				0.177,
				3.244,
				1.355,
				3.367,
				1.355,
				1,
				3.511,
				1.355,
				3.656,
				-2.985,
				3.8,
				-2.985,
				1,
				3.967,
				-2.985,
				4.133,
				3.573,
				4.3,
				3.573,
				1,
				4.456,
				3.573,
				4.611,
				-3.394,
				4.767,
				-3.394,
				1,
				4.944,
				-3.394,
				5.122,
				2.352,
				5.3,
				2.352,
				1,
				5.433,
				2.352,
				5.567,
				-0.723,
				5.7,
				-0.723
			]
		},
		{
			"Target": "Parameter",
			"Id": "Param_Angle_Rotation_7_l_l_h",
			"Segments": [
				0,
				-0.238,
				1,
				0.044,
				-0.238,
				0.089,
				-0.349,
				0.133,
				-0.349,
				1,
				0.3,
				-0.349,
				0.467,
				0.216,
				0.633,
				0.216,
				1,
				0.967,
				0.216,
				1.3,
				-0.336,
				1.633,
				-0.336,
				1,
				1.789,
				-0.336,
				1.944,
				0.678,
				2.1,
				0.678,
				1,
				2.267,
				0.678,
				2.433,
				-1.021,
				2.6,
				-1.021,
				1,
				2.878,
				-1.021,
				3.156,
				1.74,
				3.433,
				1.74,
				1,
				3.589,
				1.74,
				3.744,
				-3.659,
				3.9,
				-3.659,
				1,
				4.067,
				-3.659,
				4.233,
				4.332,
				4.4,
				4.332,
				1,
				4.556,
				4.332,
				4.711,
				-4.207,
				4.867,
				-4.207,
				1,
				5.044,
				-4.207,
				5.222,
				3.103,
				5.4,
				3.103,
				1,
				5.5,
				3.103,
				5.6,
				0.21,
				5.7,
				0.21
			]
		},
		{
			"Target": "Parameter",
			"Id": "Param_Angle_Rotation_8_l_l_h",
			"Segments": [
				0,
				-0.13,
				1,
				0.056,
				-0.13,
				0.111,
				-0.419,
				0.167,
				-0.419,
				1,
				0.333,
				-0.419,
				0.5,
				0.24,
				0.667,
				0.24,
				1,
				0.8,
				0.24,
				0.933,
				-0.019,
				1.067,
				-0.019,
				1,
				1.144,
				-0.019,
				1.222,
				0.031,
				1.3,
				0.031,
				1,
				1.444,
				0.031,
				1.589,
				-0.318,
				1.733,
				-0.318,
				1,
				1.889,
				-0.318,
				2.044,
				0.664,
				2.2,
				0.664,
				1,
				2.356,
				0.664,
				2.511,
				-0.953,
				2.667,
				-0.953,
				1,
				2.822,
				-0.953,
				2.978,
				0.558,
				3.133,
				0.558,
				1,
				3.167,
				0.558,
				3.2,
				0.53,
				3.233,
				0.53,
				1,
				3.333,
				0.53,
				3.433,
				1.308,
				3.533,
				1.308,
				1,
				3.678,
				1.308,
				3.822,
				-3.075,
				3.967,
				-3.075,
				1,
				4.133,
				-3.075,
				4.3,
				3.698,
				4.467,
				3.698,
				1,
				4.622,
				3.698,
				4.778,
				-3.594,
				4.933,
				-3.594,
				1,
				5.111,
				-3.594,
				5.289,
				2.572,
				5.467,
				2.572,
				1,
				5.544,
				2.572,
				5.622,
				0.416,
				5.7,
				0.416
			]
		},
		{
			"Target": "Parameter",
			"Id": "Param_Angle_Rotation_9_l_l_h",
			"Segments": [
				0,
				0.29,
				1,
				0.089,
				0.29,
				0.178,
				-0.615,
				0.267,
				-0.615,
				1,
				0.433,
				-0.615,
				0.6,
				0.373,
				0.767,
				0.373,
				1,
				0.911,
				0.373,
				1.056,
				-0.037,
				1.2,
				-0.037,
				1,
				1.267,
				-0.037,
				1.333,
				0.007,
				1.4,
				0.007,
				1,
				1.533,
				0.007,
				1.667,
				-0.418,
				1.8,
				-0.418,
				1,
				1.967,
				-0.418,
				2.133,
				0.913,
				2.3,
				0.913,
				1,
				2.456,
				0.913,
				2.611,
				-1.447,
				2.767,
				-1.447,
				1,
				2.922,
				-1.447,
				3.078,
				0.96,
				3.233,
				0.96,
				1,
				3.278,
				0.96,
				3.322,
				0.913,
				3.367,
				0.913,
				1,
				3.444,
				0.913,
				3.522,
				1.491,
				3.6,
				1.491,
				1,
				3.733,
				1.491,
				3.867,
				-3.091,
				4,
				-3.091,
				1,
				4.178,
				-3.091,
				4.356,
				3.486,
				4.533,
				3.486,
				1,
				4.689,
				3.486,
				4.844,
				-3.345,
				5,
				-3.345,
				1,
				5.178,
				-3.345,
				5.356,
				2.664,
				5.533,
				2.664,
				1,
				5.589,
				2.664,
				5.644,
				1.271,
				5.7,
				1.271
			]
		},
		{
			"Target": "Parameter",
			"Id": "Param_Angle_Rotation_10_l_l_h",
			"Segments": [
				0,
				1.068,
				1,
				0.122,
				1.068,
				0.244,
				-0.963,
				0.367,
				-0.963,
				1,
				0.522,
				-0.963,
				0.678,
				0.587,
				0.833,
				0.587,
				1,
				0.989,
				0.587,
				1.144,
				-0.091,
				1.3,
				-0.091,
				1,
				1.367,
				-0.091,
				1.433,
				0.012,
				1.5,
				0.012,
				1,
				1.633,
				0.012,
				1.767,
				-0.599,
				1.9,
				-0.599,
				1,
				2.056,
				-0.599,
				2.211,
				1.325,
				2.367,
				1.325,
				1,
				2.522,
				1.325,
				2.678,
				-2.03,
				2.833,
				-2.03,
				1,
				2.989,
				-2.03,
				3.144,
				1.268,
				3.3,
				1.268,
				1,
				3.344,
				1.268,
				3.389,
				1.111,
				3.433,
				1.111,
				1,
				3.511,
				1.111,
				3.589,
				1.749,
				3.667,
				1.749,
				1,
				3.8,
				1.749,
				3.933,
				-3.364,
				4.067,
				-3.364,
				1,
				4.233,
				-3.364,
				4.4,
				3.716,
				4.567,
				3.716,
				1,
				4.722,
				3.716,
				4.878,
				-3.457,
				5.033,
				-3.457,
				1,
				5.222,
				-3.457,
				5.411,
				2.843,
				5.6,
				2.843,
				1,
				5.633,
				2.843,
				5.667,
				1.922,
				5.7,
				1.922
			]
		},
		{
			"Target": "Parameter",
			"Id": "Param_Angle_Rotation_11_l_l_h",
			"Segments": [
				0,
				1.068,
				1,
				0.122,
				1.068,
				0.244,
				-0.963,
				0.367,
				-0.963,
				1,
				0.522,
				-0.963,
				0.678,
				0.587,
				0.833,
				0.587,
				1,
				0.989,
				0.587,
				1.144,
				-0.091,
				1.3,
				-0.091,
				1,
				1.367,
				-0.091,
				1.433,
				0.012,
				1.5,
				0.012,
				1,
				1.633,
				0.012,
				1.767,
				-0.599,
				1.9,
				-0.599,
				1,
				2.056,
				-0.599,
				2.211,
				1.325,
				2.367,
				1.325,
				1,
				2.522,
				1.325,
				2.678,
				-2.03,
				2.833,
				-2.03,
				1,
				2.989,
				-2.03,
				3.144,
				1.268,
				3.3,
				1.268,
				1,
				3.344,
				1.268,
				3.389,
				1.111,
				3.433,
				1.111,
				1,
				3.511,
				1.111,
				3.589,
				1.749,
				3.667,
				1.749,
				1,
				3.8,
				1.749,
				3.933,
				-3.364,
				4.067,
				-3.364,
				1,
				4.233,
				-3.364,
				4.4,
				3.716,
				4.567,
				3.716,
				1,
				4.722,
				3.716,
				4.878,
				-3.457,
				5.033,
				-3.457,
				1,
				5.222,
				-3.457,
				5.411,
				2.843,
				5.6,
				2.843,
				1,
				5.633,
				2.843,
				5.667,
				1.922,
				5.7,
				1.922
			]
		},
		{
			"Target": "Parameter",
			"Id": "Param_Angle_Rotation_1_rr_h",
			"Segments": [
				0,
				-0.105,
				1,
				0.067,
				-0.105,
				0.133,
				-0.104,
				0.2,
				-0.104,
				1,
				0.411,
				-0.104,
				0.622,
				-0.152,
				0.833,
				-0.152,
				1,
				0.978,
				-0.152,
				1.122,
				-0.109,
				1.267,
				-0.109,
				1,
				1.444,
				-0.109,
				1.622,
				-0.153,
				1.8,
				-0.153,
				1,
				2.078,
				-0.153,
				2.356,
				0.074,
				2.633,
				0.074,
				1,
				2.811,
				0.074,
				2.989,
				-0.477,
				3.167,
				-0.477,
				1,
				3.344,
				-0.477,
				3.522,
				-0.178,
				3.7,
				-0.178,
				1,
				3.867,
				-0.178,
				4.033,
				-0.286,
				4.2,
				-0.286,
				1,
				4.433,
				-0.286,
				4.667,
				0.141,
				4.9,
				0.141,
				1,
				5.122,
				0.141,
				5.344,
				-0.188,
				5.567,
				-0.188,
				1,
				5.611,
				-0.188,
				5.656,
				-0.172,
				5.7,
				-0.172
			]
		},
		{
			"Target": "Parameter",
			"Id": "Param_Angle_Rotation_2_rr_h",
			"Segments": [
				0,
				-0.105,
				1,
				0.067,
				-0.105,
				0.133,
				-0.104,
				0.2,
				-0.104,
				1,
				0.411,
				-0.104,
				0.622,
				-0.152,
				0.833,
				-0.152,
				1,
				0.978,
				-0.152,
				1.122,
				-0.109,
				1.267,
				-0.109,
				1,
				1.444,
				-0.109,
				1.622,
				-0.153,
				1.8,
				-0.153,
				1,
				2.078,
				-0.153,
				2.356,
				0.074,
				2.633,
				0.074,
				1,
				2.811,
				0.074,
				2.989,
				-0.477,
				3.167,
				-0.477,
				1,
				3.344,
				-0.477,
				3.522,
				-0.178,
				3.7,
				-0.178,
				1,
				3.867,
				-0.178,
				4.033,
				-0.286,
				4.2,
				-0.286,
				1,
				4.433,
				-0.286,
				4.667,
				0.141,
				4.9,
				0.141,
				1,
				5.122,
				0.141,
				5.344,
				-0.188,
				5.567,
				-0.188,
				1,
				5.611,
				-0.188,
				5.656,
				-0.172,
				5.7,
				-0.172
			]
		},
		{
			"Target": "Parameter",
			"Id": "Param_Angle_Rotation_3_rr_h",
			"Segments": [
				0,
				-0.001,
				1,
				0.189,
				-0.001,
				0.378,
				0.019,
				0.567,
				0.019,
				1,
				0.744,
				0.019,
				0.922,
				-0.031,
				1.1,
				-0.031,
				1,
				1.244,
				-0.031,
				1.389,
				0.036,
				1.533,
				0.036,
				1,
				1.7,
				0.036,
				1.867,
				-0.028,
				2.033,
				-0.028,
				1,
				2.1,
				-0.028,
				2.167,
				-0.015,
				2.233,
				-0.015,
				1,
				2.333,
				-0.015,
				2.433,
				-0.088,
				2.533,
				-0.088,
				1,
				2.667,
				-0.088,
				2.8,
				0.278,
				2.933,
				0.278,
				1,
				3.089,
				0.278,
				3.244,
				-0.267,
				3.4,
				-0.267,
				1,
				3.567,
				-0.267,
				3.733,
				0.181,
				3.9,
				0.181,
				1,
				4.089,
				0.181,
				4.278,
				-0.157,
				4.467,
				-0.157,
				1,
				4.689,
				-0.157,
				4.911,
				0.149,
				5.133,
				0.149,
				1,
				5.322,
				0.149,
				5.511,
				-0.098,
				5.7,
				-0.098
			]
		},
		{
			"Target": "Parameter",
			"Id": "Param_Angle_Rotation_4_rr_h",
			"Segments": [
				0,
				-0.007,
				1,
				0.244,
				-0.007,
				0.489,
				0.018,
				0.733,
				0.018,
				1,
				0.911,
				0.018,
				1.089,
				-0.038,
				1.267,
				-0.038,
				1,
				1.422,
				-0.038,
				1.578,
				0.051,
				1.733,
				0.051,
				1,
				1.889,
				0.051,
				2.044,
				-0.05,
				2.2,
				-0.05,
				1,
				2.289,
				-0.05,
				2.378,
				-0.02,
				2.467,
				-0.02,
				1,
				2.544,
				-0.02,
				2.622,
				-0.06,
				2.7,
				-0.06,
				1,
				2.833,
				-0.06,
				2.967,
				0.297,
				3.1,
				0.297,
				1,
				3.256,
				0.297,
				3.411,
				-0.392,
				3.567,
				-0.392,
				1,
				3.733,
				-0.392,
				3.9,
				0.337,
				4.067,
				0.337,
				1,
				4.233,
				0.337,
				4.4,
				-0.281,
				4.567,
				-0.281,
				1,
				4.778,
				-0.281,
				4.989,
				0.196,
				5.2,
				0.196,
				1,
				5.367,
				0.196,
				5.533,
				-0.12,
				5.7,
				-0.12
			]
		},
		{
			"Target": "Parameter",
			"Id": "Param_Angle_Rotation_5_rr_h",
			"Segments": [
				0,
				-0.02,
				1,
				0.167,
				-0.02,
				0.333,
				0.012,
				0.5,
				0.012,
				1,
				0.544,
				0.012,
				0.589,
				0.011,
				0.633,
				0.011,
				1,
				0.7,
				0.011,
				0.767,
				0.013,
				0.833,
				0.013,
				1,
				1.011,
				0.013,
				1.189,
				-0.042,
				1.367,
				-0.042,
				1,
				1.533,
				-0.042,
				1.7,
				0.069,
				1.867,
				0.069,
				1,
				2.022,
				0.069,
				2.178,
				-0.081,
				2.333,
				-0.081,
				1,
				2.456,
				-0.081,
				2.578,
				-0.003,
				2.7,
				-0.003,
				1,
				2.744,
				-0.003,
				2.789,
				-0.007,
				2.833,
				-0.007,
				1,
				2.967,
				-0.007,
				3.1,
				0.287,
				3.233,
				0.287,
				1,
				3.389,
				0.287,
				3.544,
				-0.506,
				3.7,
				-0.506,
				1,
				3.867,
				-0.506,
				4.033,
				0.528,
				4.2,
				0.528,
				1,
				4.356,
				0.528,
				4.511,
				-0.474,
				4.667,
				-0.474,
				1,
				4.856,
				-0.474,
				5.044,
				0.312,
				5.233,
				0.312,
				1,
				5.389,
				0.312,
				5.544,
				-0.126,
				5.7,
				-0.126
			]
		},
		{
			"Target": "Parameter",
			"Id": "Param_Angle_Rotation_6_rr_h",
			"Segments": [
				0,
				-0.213,
				1,
				0.167,
				-0.213,
				0.333,
				0.119,
				0.5,
				0.119,
				1,
				0.622,
				0.119,
				0.744,
				0.023,
				0.867,
				0.023,
				1,
				0.922,
				0.023,
				0.978,
				0.031,
				1.033,
				0.031,
				1,
				1.189,
				0.031,
				1.344,
				-0.23,
				1.5,
				-0.23,
				1,
				1.656,
				-0.23,
				1.811,
				0.444,
				1.967,
				0.444,
				1,
				2.122,
				0.444,
				2.278,
				-0.588,
				2.433,
				-0.588,
				1,
				2.578,
				-0.588,
				2.722,
				0.21,
				2.867,
				0.21,
				1,
				2.911,
				0.21,
				2.956,
				0.177,
				3,
				0.177,
				1,
				3.122,
				0.177,
				3.244,
				1.355,
				3.367,
				1.355,
				1,
				3.511,
				1.355,
				3.656,
				-2.985,
				3.8,
				-2.985,
				1,
				3.967,
				-2.985,
				4.133,
				3.573,
				4.3,
				3.573,
				1,
				4.456,
				3.573,
				4.611,
				-3.394,
				4.767,
				-3.394,
				1,
				4.944,
				-3.394,
				5.122,
				2.352,
				5.3,
				2.352,
				1,
				5.433,
				2.352,
				5.567,
				-0.723,
				5.7,
				-0.723
			]
		},
		{
			"Target": "Parameter",
			"Id": "Param_Angle_Rotation_7_rr_h",
			"Segments": [
				0,
				-0.286,
				1,
				0.044,
				-0.286,
				0.089,
				-0.419,
				0.133,
				-0.419,
				1,
				0.3,
				-0.419,
				0.467,
				0.259,
				0.633,
				0.259,
				1,
				0.967,
				0.259,
				1.3,
				-0.403,
				1.633,
				-0.403,
				1,
				1.789,
				-0.403,
				1.944,
				0.813,
				2.1,
				0.813,
				1,
				2.267,
				0.813,
				2.433,
				-1.226,
				2.6,
				-1.226,
				1,
				2.878,
				-1.226,
				3.156,
				2.089,
				3.433,
				2.089,
				1,
				3.589,
				2.089,
				3.744,
				-4.39,
				3.9,
				-4.39,
				1,
				4.067,
				-4.39,
				4.233,
				5.198,
				4.4,
				5.198,
				1,
				4.556,
				5.198,
				4.711,
				-5.049,
				4.867,
				-5.049,
				1,
				5.044,
				-5.049,
				5.222,
				3.724,
				5.4,
				3.724,
				1,
				5.5,
				3.724,
				5.6,
				0.252,
				5.7,
				0.252
			]
		},
		{
			"Target": "Parameter",
			"Id": "Param_Angle_Rotation_8_rr_h",
			"Segments": [
				0,
				-0.156,
				1,
				0.056,
				-0.156,
				0.111,
				-0.503,
				0.167,
				-0.503,
				1,
				0.333,
				-0.503,
				0.5,
				0.289,
				0.667,
				0.289,
				1,
				0.8,
				0.289,
				0.933,
				-0.023,
				1.067,
				-0.023,
				1,
				1.144,
				-0.023,
				1.222,
				0.037,
				1.3,
				0.037,
				1,
				1.444,
				0.037,
				1.589,
				-0.381,
				1.733,
				-0.381,
				1,
				1.889,
				-0.381,
				2.044,
				0.797,
				2.2,
				0.797,
				1,
				2.356,
				0.797,
				2.511,
				-1.143,
				2.667,
				-1.143,
				1,
				2.822,
				-1.143,
				2.978,
				0.669,
				3.133,
				0.669,
				1,
				3.167,
				0.669,
				3.2,
				0.636,
				3.233,
				0.636,
				1,
				3.333,
				0.636,
				3.433,
				1.57,
				3.533,
				1.57,
				1,
				3.678,
				1.57,
				3.822,
				-3.69,
				3.967,
				-3.69,
				1,
				4.133,
				-3.69,
				4.3,
				4.437,
				4.467,
				4.437,
				1,
				4.622,
				4.437,
				4.778,
				-4.313,
				4.933,
				-4.313,
				1,
				5.111,
				-4.313,
				5.289,
				3.086,
				5.467,
				3.086,
				1,
				5.544,
				3.086,
				5.622,
				0.499,
				5.7,
				0.499
			]
		},
		{
			"Target": "Parameter",
			"Id": "Param_Angle_Rotation_9_rr_h",
			"Segments": [
				0,
				0.348,
				1,
				0.089,
				0.348,
				0.178,
				-0.738,
				0.267,
				-0.738,
				1,
				0.433,
				-0.738,
				0.6,
				0.447,
				0.767,
				0.447,
				1,
				0.911,
				0.447,
				1.056,
				-0.044,
				1.2,
				-0.044,
				1,
				1.267,
				-0.044,
				1.333,
				0.009,
				1.4,
				0.009,
				1,
				1.533,
				0.009,
				1.667,
				-0.501,
				1.8,
				-0.501,
				1,
				1.967,
				-0.501,
				2.133,
				1.096,
				2.3,
				1.096,
				1,
				2.456,
				1.096,
				2.611,
				-1.736,
				2.767,
				-1.736,
				1,
				2.922,
				-1.736,
				3.078,
				1.151,
				3.233,
				1.151,
				1,
				3.278,
				1.151,
				3.322,
				1.096,
				3.367,
				1.096,
				1,
				3.444,
				1.096,
				3.522,
				1.789,
				3.6,
				1.789,
				1,
				3.733,
				1.789,
				3.867,
				-3.709,
				4,
				-3.709,
				1,
				4.178,
				-3.709,
				4.356,
				4.184,
				4.533,
				4.184,
				1,
				4.689,
				4.184,
				4.844,
				-4.014,
				5,
				-4.014,
				1,
				5.178,
				-4.014,
				5.356,
				3.197,
				5.533,
				3.197,
				1,
				5.589,
				3.197,
				5.644,
				1.525,
				5.7,
				1.525
			]
		},
		{
			"Target": "Parameter",
			"Id": "Param_Angle_Rotation_10_rr_h",
			"Segments": [
				0,
				1.068,
				1,
				0.122,
				1.068,
				0.244,
				-0.963,
				0.367,
				-0.963,
				1,
				0.522,
				-0.963,
				0.678,
				0.587,
				0.833,
				0.587,
				1,
				0.989,
				0.587,
				1.144,
				-0.091,
				1.3,
				-0.091,
				1,
				1.367,
				-0.091,
				1.433,
				0.012,
				1.5,
				0.012,
				1,
				1.633,
				0.012,
				1.767,
				-0.599,
				1.9,
				-0.599,
				1,
				2.056,
				-0.599,
				2.211,
				1.325,
				2.367,
				1.325,
				1,
				2.522,
				1.325,
				2.678,
				-2.03,
				2.833,
				-2.03,
				1,
				2.989,
				-2.03,
				3.144,
				1.268,
				3.3,
				1.268,
				1,
				3.344,
				1.268,
				3.389,
				1.111,
				3.433,
				1.111,
				1,
				3.511,
				1.111,
				3.589,
				1.749,
				3.667,
				1.749,
				1,
				3.8,
				1.749,
				3.933,
				-3.364,
				4.067,
				-3.364,
				1,
				4.233,
				-3.364,
				4.4,
				3.716,
				4.567,
				3.716,
				1,
				4.722,
				3.716,
				4.878,
				-3.457,
				5.033,
				-3.457,
				1,
				5.222,
				-3.457,
				5.411,
				2.843,
				5.6,
				2.843,
				1,
				5.633,
				2.843,
				5.667,
				1.922,
				5.7,
				1.922
			]
		},
		{
			"Target": "Parameter",
			"Id": "Param_Angle_Rotation_11_rr_h",
			"Segments": [
				0,
				1.068,
				1,
				0.122,
				1.068,
				0.244,
				-0.963,
				0.367,
				-0.963,
				1,
				0.522,
				-0.963,
				0.678,
				0.587,
				0.833,
				0.587,
				1,
				0.989,
				0.587,
				1.144,
				-0.091,
				1.3,
				-0.091,
				1,
				1.367,
				-0.091,
				1.433,
				0.012,
				1.5,
				0.012,
				1,
				1.633,
				0.012,
				1.767,
				-0.599,
				1.9,
				-0.599,
				1,
				2.056,
				-0.599,
				2.211,
				1.325,
				2.367,
				1.325,
				1,
				2.522,
				1.325,
				2.678,
				-2.03,
				2.833,
				-2.03,
				1,
				2.989,
				-2.03,
				3.144,
				1.268,
				3.3,
				1.268,
				1,
				3.344,
				1.268,
				3.389,
				1.111,
				3.433,
				1.111,
				1,
				3.511,
				1.111,
				3.589,
				1.749,
				3.667,
				1.749,
				1,
				3.8,
				1.749,
				3.933,
				-3.364,
				4.067,
				-3.364,
				1,
				4.233,
				-3.364,
				4.4,
				3.716,
				4.567,
				3.716,
				1,
				4.722,
				3.716,
				4.878,
				-3.457,
				5.033,
				-3.457,
				1,
				5.222,
				-3.457,
				5.411,
				2.843,
				5.6,
				2.843,
				1,
				5.633,
				2.843,
				5.667,
				1.922,
				5.7,
				1.922
			]
		},
		{
			"Target": "Parameter",
			"Id": "Param_Angle_Rotation_1_shadow_m",
			"Segments": [
				0,
				-0.105,
				1,
				0.067,
				-0.105,
				0.133,
				-0.104,
				0.2,
				-0.104,
				1,
				0.411,
				-0.104,
				0.622,
				-0.152,
				0.833,
				-0.152,
				1,
				0.978,
				-0.152,
				1.122,
				-0.109,
				1.267,
				-0.109,
				1,
				1.444,
				-0.109,
				1.622,
				-0.153,
				1.8,
				-0.153,
				1,
				2.078,
				-0.153,
				2.356,
				0.074,
				2.633,
				0.074,
				1,
				2.811,
				0.074,
				2.989,
				-0.477,
				3.167,
				-0.477,
				1,
				3.344,
				-0.477,
				3.522,
				-0.178,
				3.7,
				-0.178,
				1,
				3.867,
				-0.178,
				4.033,
				-0.286,
				4.2,
				-0.286,
				1,
				4.433,
				-0.286,
				4.667,
				0.141,
				4.9,
				0.141,
				1,
				5.122,
				0.141,
				5.344,
				-0.188,
				5.567,
				-0.188,
				1,
				5.611,
				-0.188,
				5.656,
				-0.172,
				5.7,
				-0.172
			]
		},
		{
			"Target": "Parameter",
			"Id": "Param_Angle_Rotation_2_shadow_m",
			"Segments": [
				0,
				-0.105,
				1,
				0.067,
				-0.105,
				0.133,
				-0.104,
				0.2,
				-0.104,
				1,
				0.411,
				-0.104,
				0.622,
				-0.152,
				0.833,
				-0.152,
				1,
				0.978,
				-0.152,
				1.122,
				-0.109,
				1.267,
				-0.109,
				1,
				1.444,
				-0.109,
				1.622,
				-0.153,
				1.8,
				-0.153,
				1,
				2.078,
				-0.153,
				2.356,
				0.074,
				2.633,
				0.074,
				1,
				2.811,
				0.074,
				2.989,
				-0.477,
				3.167,
				-0.477,
				1,
				3.344,
				-0.477,
				3.522,
				-0.178,
				3.7,
				-0.178,
				1,
				3.867,
				-0.178,
				4.033,
				-0.286,
				4.2,
				-0.286,
				1,
				4.433,
				-0.286,
				4.667,
				0.141,
				4.9,
				0.141,
				1,
				5.122,
				0.141,
				5.344,
				-0.188,
				5.567,
				-0.188,
				1,
				5.611,
				-0.188,
				5.656,
				-0.172,
				5.7,
				-0.172
			]
		},
		{
			"Target": "Parameter",
			"Id": "Param_Angle_Rotation_3_shadow_m",
			"Segments": [
				0,
				-0.001,
				1,
				0.189,
				-0.001,
				0.378,
				0.019,
				0.567,
				0.019,
				1,
				0.744,
				0.019,
				0.922,
				-0.031,
				1.1,
				-0.031,
				1,
				1.244,
				-0.031,
				1.389,
				0.036,
				1.533,
				0.036,
				1,
				1.7,
				0.036,
				1.867,
				-0.028,
				2.033,
				-0.028,
				1,
				2.1,
				-0.028,
				2.167,
				-0.015,
				2.233,
				-0.015,
				1,
				2.333,
				-0.015,
				2.433,
				-0.088,
				2.533,
				-0.088,
				1,
				2.667,
				-0.088,
				2.8,
				0.278,
				2.933,
				0.278,
				1,
				3.089,
				0.278,
				3.244,
				-0.267,
				3.4,
				-0.267,
				1,
				3.567,
				-0.267,
				3.733,
				0.181,
				3.9,
				0.181,
				1,
				4.089,
				0.181,
				4.278,
				-0.157,
				4.467,
				-0.157,
				1,
				4.689,
				-0.157,
				4.911,
				0.149,
				5.133,
				0.149,
				1,
				5.322,
				0.149,
				5.511,
				-0.098,
				5.7,
				-0.098
			]
		},
		{
			"Target": "Parameter",
			"Id": "Param_Angle_Rotation_4_shadow_m",
			"Segments": [
				0,
				-0.026,
				1,
				0.244,
				-0.026,
				0.489,
				0.071,
				0.733,
				0.071,
				1,
				0.911,
				0.071,
				1.089,
				-0.15,
				1.267,
				-0.15,
				1,
				1.422,
				-0.15,
				1.578,
				0.206,
				1.733,
				0.206,
				1,
				1.889,
				0.206,
				2.044,
				-0.199,
				2.2,
				-0.199,
				1,
				2.289,
				-0.199,
				2.378,
				-0.082,
				2.467,
				-0.082,
				1,
				2.544,
				-0.082,
				2.622,
				-0.241,
				2.7,
				-0.241,
				1,
				2.833,
				-0.241,
				2.967,
				1.187,
				3.1,
				1.187,
				1,
				3.256,
				1.187,
				3.411,
				-1.567,
				3.567,
				-1.567,
				1,
				3.733,
				-1.567,
				3.9,
				1.346,
				4.067,
				1.346,
				1,
				4.233,
				1.346,
				4.4,
				-1.123,
				4.567,
				-1.123,
				1,
				4.778,
				-1.123,
				4.989,
				0.786,
				5.2,
				0.786,
				1,
				5.367,
				0.786,
				5.533,
				-0.48,
				5.7,
				-0.48
			]
		},
		{
			"Target": "Parameter",
			"Id": "Param_Angle_Rotation_5_shadow_m",
			"Segments": [
				0,
				-0.1,
				1,
				0.167,
				-0.1,
				0.333,
				0.06,
				0.5,
				0.06,
				1,
				0.544,
				0.06,
				0.589,
				0.055,
				0.633,
				0.055,
				1,
				0.7,
				0.055,
				0.767,
				0.064,
				0.833,
				0.064,
				1,
				1.011,
				0.064,
				1.189,
				-0.208,
				1.367,
				-0.208,
				1,
				1.533,
				-0.208,
				1.7,
				0.345,
				1.867,
				0.345,
				1,
				2.022,
				0.345,
				2.178,
				-0.404,
				2.333,
				-0.404,
				1,
				2.456,
				-0.404,
				2.578,
				-0.016,
				2.7,
				-0.016,
				1,
				2.744,
				-0.016,
				2.789,
				-0.037,
				2.833,
				-0.037,
				1,
				2.967,
				-0.037,
				3.1,
				1.433,
				3.233,
				1.433,
				1,
				3.389,
				1.433,
				3.544,
				-2.531,
				3.7,
				-2.531,
				1,
				3.867,
				-2.531,
				4.033,
				2.641,
				4.2,
				2.641,
				1,
				4.356,
				2.641,
				4.511,
				-2.369,
				4.667,
				-2.369,
				1,
				4.856,
				-2.369,
				5.044,
				1.562,
				5.233,
				1.562,
				1,
				5.389,
				1.562,
				5.544,
				-0.632,
				5.7,
				-0.632
			]
		},
		{
			"Target": "Parameter",
			"Id": "Param_Angle_Rotation_6_shadow_m",
			"Segments": [
				0,
				-0.213,
				1,
				0.167,
				-0.213,
				0.333,
				0.119,
				0.5,
				0.119,
				1,
				0.622,
				0.119,
				0.744,
				0.023,
				0.867,
				0.023,
				1,
				0.922,
				0.023,
				0.978,
				0.031,
				1.033,
				0.031,
				1,
				1.189,
				0.031,
				1.344,
				-0.23,
				1.5,
				-0.23,
				1,
				1.656,
				-0.23,
				1.811,
				0.444,
				1.967,
				0.444,
				1,
				2.122,
				0.444,
				2.278,
				-0.588,
				2.433,
				-0.588,
				1,
				2.578,
				-0.588,
				2.722,
				0.21,
				2.867,
				0.21,
				1,
				2.911,
				0.21,
				2.956,
				0.177,
				3,
				0.177,
				1,
				3.122,
				0.177,
				3.244,
				1.355,
				3.367,
				1.355,
				1,
				3.511,
				1.355,
				3.656,
				-2.985,
				3.8,
				-2.985,
				1,
				3.967,
				-2.985,
				4.133,
				3.573,
				4.3,
				3.573,
				1,
				4.456,
				3.573,
				4.611,
				-3.394,
				4.767,
				-3.394,
				1,
				4.944,
				-3.394,
				5.122,
				2.352,
				5.3,
				2.352,
				1,
				5.433,
				2.352,
				5.567,
				-0.723,
				5.7,
				-0.723
			]
		},
		{
			"Target": "Parameter",
			"Id": "Param_Angle_Rotation_7_shadow_m",
			"Segments": [
				0,
				-0.238,
				1,
				0.044,
				-0.238,
				0.089,
				-0.349,
				0.133,
				-0.349,
				1,
				0.3,
				-0.349,
				0.467,
				0.216,
				0.633,
				0.216,
				1,
				0.967,
				0.216,
				1.3,
				-0.336,
				1.633,
				-0.336,
				1,
				1.789,
				-0.336,
				1.944,
				0.678,
				2.1,
				0.678,
				1,
				2.267,
				0.678,
				2.433,
				-1.021,
				2.6,
				-1.021,
				1,
				2.878,
				-1.021,
				3.156,
				1.74,
				3.433,
				1.74,
				1,
				3.589,
				1.74,
				3.744,
				-3.659,
				3.9,
				-3.659,
				1,
				4.067,
				-3.659,
				4.233,
				4.332,
				4.4,
				4.332,
				1,
				4.556,
				4.332,
				4.711,
				-4.207,
				4.867,
				-4.207,
				1,
				5.044,
				-4.207,
				5.222,
				3.103,
				5.4,
				3.103,
				1,
				5.5,
				3.103,
				5.6,
				0.21,
				5.7,
				0.21
			]
		},
		{
			"Target": "Parameter",
			"Id": "Param_Angle_Rotation_8_shadow_m",
			"Segments": [
				0,
				-0.156,
				1,
				0.056,
				-0.156,
				0.111,
				-0.503,
				0.167,
				-0.503,
				1,
				0.333,
				-0.503,
				0.5,
				0.289,
				0.667,
				0.289,
				1,
				0.8,
				0.289,
				0.933,
				-0.023,
				1.067,
				-0.023,
				1,
				1.144,
				-0.023,
				1.222,
				0.037,
				1.3,
				0.037,
				1,
				1.444,
				0.037,
				1.589,
				-0.381,
				1.733,
				-0.381,
				1,
				1.889,
				-0.381,
				2.044,
				0.797,
				2.2,
				0.797,
				1,
				2.356,
				0.797,
				2.511,
				-1.143,
				2.667,
				-1.143,
				1,
				2.822,
				-1.143,
				2.978,
				0.669,
				3.133,
				0.669,
				1,
				3.167,
				0.669,
				3.2,
				0.636,
				3.233,
				0.636,
				1,
				3.333,
				0.636,
				3.433,
				1.57,
				3.533,
				1.57,
				1,
				3.678,
				1.57,
				3.822,
				-3.69,
				3.967,
				-3.69,
				1,
				4.133,
				-3.69,
				4.3,
				4.437,
				4.467,
				4.437,
				1,
				4.622,
				4.437,
				4.778,
				-4.313,
				4.933,
				-4.313,
				1,
				5.111,
				-4.313,
				5.289,
				3.086,
				5.467,
				3.086,
				1,
				5.544,
				3.086,
				5.622,
				0.499,
				5.7,
				0.499
			]
		},
		{
			"Target": "Parameter",
			"Id": "Param_Angle_Rotation_9_shadow_m",
			"Segments": [
				0,
				0.348,
				1,
				0.089,
				0.348,
				0.178,
				-0.738,
				0.267,
				-0.738,
				1,
				0.433,
				-0.738,
				0.6,
				0.447,
				0.767,
				0.447,
				1,
				0.911,
				0.447,
				1.056,
				-0.044,
				1.2,
				-0.044,
				1,
				1.267,
				-0.044,
				1.333,
				0.009,
				1.4,
				0.009,
				1,
				1.533,
				0.009,
				1.667,
				-0.501,
				1.8,
				-0.501,
				1,
				1.967,
				-0.501,
				2.133,
				1.096,
				2.3,
				1.096,
				1,
				2.456,
				1.096,
				2.611,
				-1.736,
				2.767,
				-1.736,
				1,
				2.922,
				-1.736,
				3.078,
				1.151,
				3.233,
				1.151,
				1,
				3.278,
				1.151,
				3.322,
				1.096,
				3.367,
				1.096,
				1,
				3.444,
				1.096,
				3.522,
				1.789,
				3.6,
				1.789,
				1,
				3.733,
				1.789,
				3.867,
				-3.709,
				4,
				-3.709,
				1,
				4.178,
				-3.709,
				4.356,
				4.184,
				4.533,
				4.184,
				1,
				4.689,
				4.184,
				4.844,
				-4.014,
				5,
				-4.014,
				1,
				5.178,
				-4.014,
				5.356,
				3.197,
				5.533,
				3.197,
				1,
				5.589,
				3.197,
				5.644,
				1.525,
				5.7,
				1.525
			]
		}
	]
}