{
	"Version": 3,
	"Meta": {
		"Duration": 3.367,
		"Fps": 30.0,
		"Loop": true,
		"AreBeziersRestricted": true,
		"CurveCount": 83,
		"TotalSegmentCount": 633,
		"TotalPointCount": 1956,
		"UserDataCount": 0,
		"TotalUserDataSize": 0
	},
	"Curves": [
		{
			"Target": "Parameter",
			"Id": "ParamAngleX",
			"Segments": [
				0,
				0,
				0,
				0.5,
				0,
				1,
				0.667,
				0,
				0.833,
				9,
				1,
				9,
				1,
				1.133,
				9,
				1.267,
				6,
				1.4,
				6,
				1,
				1.6,
				6,
				1.8,
				6.975,
				2,
				10,
				1,
				2.044,
				10.672,
				2.089,
				13,
				2.133,
				13,
				1,
				2.211,
				13,
				2.289,
				2.953,
				2.367,
				0,
				1,
				2.467,
				-3.796,
				2.567,
				-4,
				2.667,
				-4,
				1,
				2.767,
				-4,
				2.867,
				-3.476,
				2.967,
				-2,
				1,
				3.044,
				-0.852,
				3.122,
				0,
				3.2,
				0,
				0,
				3.367,
				0
			]
		},
		{
			"Target": "Parameter",
			"Id": "ParamAngleY",
			"Segments": [
				0,
				0,
				0,
				0.5,
				0,
				1,
				0.667,
				0,
				0.833,
				-3.075,
				1,
				-9,
				1,
				1.133,
				-13.74,
				1.267,
				-16,
				1.4,
				-16,
				1,
				1.6,
				-16,
				1.8,
				-15.798,
				2,
				-15,
				1,
				2.044,
				-14.823,
				2.089,
				-11.866,
				2.133,
				-8,
				1,
				2.211,
				-1.235,
				2.289,
				10,
				2.367,
				10,
				1,
				2.467,
				10,
				2.567,
				8.632,
				2.667,
				5,
				1,
				2.767,
				1.368,
				2.867,
				-1,
				2.967,
				-1,
				1,
				3.044,
				-1,
				3.122,
				0,
				3.2,
				0,
				0,
				3.367,
				0
			]
		},
		{
			"Target": "Parameter",
			"Id": "ParamAngleZ",
			"Segments": [
				0,
				0,
				1,
				0.156,
				0,
				0.311,
				0,
				0.467,
				0,
				1,
				0.544,
				0,
				0.622,
				4.075,
				0.7,
				8,
				1,
				0.822,
				14.168,
				0.944,
				16,
				1.067,
				16,
				1,
				1.189,
				16,
				1.311,
				15.34,
				1.433,
				15.34,
				1,
				1.533,
				15.34,
				1.633,
				16,
				1.733,
				16,
				1,
				1.8,
				16,
				1.867,
				16.581,
				1.933,
				14.407,
				1,
				2.056,
				10.422,
				2.178,
				-8.077,
				2.3,
				-8.077,
				1,
				2.433,
				-8.077,
				2.567,
				-6.359,
				2.7,
				-6.359,
				1,
				2.822,
				-6.359,
				2.944,
				-8.077,
				3.067,
				-8.077,
				1,
				3.167,
				-8.077,
				3.267,
				-6.359,
				3.367,
				-6.359
			]
		},
		{
			"Target": "Parameter",
			"Id": "ParamMouthForm",
			"Segments": [
				0,
				0,
				0,
				0.6,
				0,
				1,
				0.633,
				0,
				0.667,
				-0.2,
				0.7,
				-0.2,
				1,
				0.756,
				-0.2,
				0.811,
				0.005,
				0.867,
				0.2,
				1,
				0.956,
				0.512,
				1.044,
				0.6,
				1.133,
				0.6,
				1,
				1.411,
				0.6,
				1.689,
				0.574,
				1.967,
				0.5,
				1,
				2,
				0.491,
				2.033,
				0.267,
				2.067,
				0,
				1,
				2.111,
				-0.357,
				2.156,
				-1,
				2.2,
				-1,
				1,
				2.244,
				-1,
				2.289,
				1,
				2.333,
				1,
				1,
				2.378,
				1,
				2.422,
				0.917,
				2.467,
				0.8,
				1,
				2.522,
				0.654,
				2.578,
				0.489,
				2.633,
				0.4,
				1,
				2.689,
				0.311,
				2.744,
				0.318,
				2.8,
				0.2,
				1,
				2.867,
				0.058,
				2.933,
				-0.4,
				3,
				-0.4,
				0,
				3.367,
				-0.4
			]
		},
		{
			"Target": "Parameter",
			"Id": "ParamMouthOpenY",
			"Segments": [
				0,
				0,
				0,
				0.6,
				0,
				1,
				0.633,
				0,
				0.667,
				0.265,
				0.7,
				0.5,
				1,
				0.756,
				0.892,
				0.811,
				1,
				0.867,
				1,
				1,
				0.956,
				1,
				1.044,
				0,
				1.133,
				0,
				1,
				1.411,
				0,
				1.689,
				0,
				1.967,
				0,
				1,
				2,
				0,
				2.033,
				0,
				2.067,
				0,
				1,
				2.111,
				0,
				2.156,
				0.8,
				2.2,
				0.8,
				1,
				2.244,
				0.8,
				2.289,
				0.1,
				2.333,
				0.1,
				1,
				2.378,
				0.1,
				2.422,
				0.482,
				2.467,
				0.7,
				1,
				2.522,
				0.972,
				2.578,
				1,
				2.633,
				1,
				1,
				2.689,
				1,
				2.744,
				0.801,
				2.8,
				0.5,
				1,
				2.867,
				0.139,
				2.933,
				0,
				3,
				0,
				0,
				3.367,
				0
			]
		},
		{
			"Target": "Parameter",
			"Id": "ParamEyeLOpen",
			"Segments": [
				0,
				1,
				1,
				0.144,
				1,
				0.289,
				0.997,
				0.433,
				0.981,
				1,
				0.511,
				0.972,
				0.589,
				0.942,
				0.667,
				0.929,
				1,
				0.778,
				0.909,
				0.889,
				0.903,
				1,
				0.903,
				1,
				1.133,
				0.903,
				1.267,
				0.935,
				1.4,
				0.935,
				1,
				1.556,
				0.935,
				1.711,
				0.911,
				1.867,
				0.911,
				1,
				1.944,
				0.911,
				2.022,
				0.941,
				2.1,
				0.981,
				1,
				2.133,
				0.998,
				2.167,
				1,
				2.2,
				1,
				1,
				2.456,
				1,
				2.711,
				0.989,
				2.967,
				0.989,
				1,
				3.1,
				0.989,
				3.233,
				1,
				3.367,
				1
			]
		},
		{
			"Target": "Parameter",
			"Id": "ParamEyeROpen",
			"Segments": [
				0,
				1,
				1,
				0.144,
				1,
				0.289,
				0.997,
				0.433,
				0.981,
				1,
				0.511,
				0.973,
				0.589,
				0.944,
				0.667,
				0.93,
				1,
				0.778,
				0.91,
				0.889,
				0.903,
				1,
				0.903,
				1,
				1.133,
				0.903,
				1.267,
				0.936,
				1.4,
				0.936,
				1,
				1.556,
				0.936,
				1.711,
				0.911,
				1.867,
				0.911,
				1,
				1.944,
				0.911,
				2.022,
				0.942,
				2.1,
				0.981,
				1,
				2.133,
				0.998,
				2.167,
				1,
				2.2,
				1,
				1,
				2.456,
				1,
				2.711,
				0.989,
				2.967,
				0.989,
				1,
				3.1,
				0.989,
				3.233,
				1,
				3.367,
				1
			]
		},
		{
			"Target": "Parameter",
			"Id": "Param8",
			"Segments": [
				0,
				0,
				1,
				0.178,
				0,
				0.356,
				0,
				0.533,
				0,
				1,
				0.7,
				0,
				0.867,
				8.119,
				1.033,
				8.119,
				1,
				1.178,
				8.119,
				1.322,
				2.863,
				1.467,
				2.863,
				1,
				1.7,
				2.863,
				1.933,
				9.492,
				2.167,
				9.492,
				1,
				2.311,
				9.492,
				2.456,
				-6.885,
				2.6,
				-6.885,
				1,
				2.789,
				-6.885,
				2.978,
				0.699,
				3.167,
				0.699,
				1,
				3.233,
				0.699,
				3.3,
				0.075,
				3.367,
				0.075
			]
		},
		{
			"Target": "Parameter",
			"Id": "Param9",
			"Segments": [
				0,
				0,
				1,
				0.178,
				0,
				0.356,
				0,
				0.533,
				0,
				1,
				0.822,
				0,
				1.111,
				-12.494,
				1.4,
				-12.494,
				1,
				1.767,
				-12.494,
				2.133,
				10.936,
				2.5,
				10.936,
				1,
				2.667,
				10.936,
				2.833,
				-2.882,
				3,
				-2.882,
				1,
				3.122,
				-2.882,
				3.244,
				0.432,
				3.367,
				0.432
			]
		},
		{
			"Target": "Parameter",
			"Id": "Param10",
			"Segments": [
				0,
				0.5,
				1,
				0.256,
				0.5,
				0.511,
				0.4,
				0.767,
				0.4,
				1,
				0.856,
				0.4,
				0.944,
				0.432,
				1.033,
				0.432,
				1,
				1.1,
				0.432,
				1.167,
				0.4,
				1.233,
				0.4,
				1,
				1.311,
				0.4,
				1.389,
				0.413,
				1.467,
				0.432,
				1,
				1.622,
				0.47,
				1.778,
				0.487,
				1.933,
				0.487,
				1,
				2.144,
				0.487,
				2.356,
				0,
				2.567,
				0,
				0,
				3.367,
				0
			]
		},
		{
			"Target": "Parameter",
			"Id": "Param12",
			"Segments": [
				0,
				0,
				0,
				0.467,
				0,
				1,
				0.678,
				0,
				0.889,
				13.447,
				1.1,
				13.447,
				1,
				1.167,
				13.447,
				1.233,
				11.484,
				1.3,
				11.484,
				1,
				1.378,
				11.484,
				1.456,
				13.447,
				1.533,
				13.447,
				1,
				1.711,
				13.447,
				1.889,
				13.207,
				2.067,
				11.484,
				1,
				2.144,
				10.73,
				2.222,
				5.053,
				2.3,
				0.991,
				1,
				2.344,
				-1.33,
				2.389,
				-4.024,
				2.433,
				-4.024,
				1,
				2.644,
				-4.024,
				2.856,
				0,
				3.067,
				0,
				0,
				3.367,
				0
			]
		},
		{
			"Target": "Parameter",
			"Id": "Param2",
			"Segments": [
				0,
				-5.237,
				1,
				0.033,
				-5.237,
				0.067,
				-5.238,
				0.1,
				-5.238,
				1,
				0.211,
				-5.238,
				0.322,
				-5.235,
				0.433,
				-5.235,
				1,
				0.444,
				-5.235,
				0.456,
				-5.235,
				0.467,
				-5.235,
				1,
				0.633,
				-5.235,
				0.8,
				4.229,
				0.967,
				4.229,
				1,
				1.1,
				4.229,
				1.233,
				-4.196,
				1.367,
				-4.196,
				1,
				1.5,
				-4.196,
				1.633,
				0,
				1.767,
				0,
				1,
				1.789,
				0,
				1.811,
				0,
				1.833,
				0,
				1,
				2.022,
				0,
				2.211,
				-6.956,
				2.4,
				-6.956,
				1,
				2.444,
				-6.956,
				2.489,
				-6.843,
				2.533,
				-6.843,
				1,
				2.689,
				-6.843,
				2.844,
				-10.369,
				3,
				-10.369,
				1,
				3.122,
				-10.369,
				3.244,
				-6.73,
				3.367,
				-6.73
			]
		},
		{
			"Target": "Parameter",
			"Id": "Param3",
			"Segments": [
				0,
				0.002,
				1,
				0.056,
				0.002,
				0.111,
				-0.018,
				0.167,
				-0.018,
				1,
				0.267,
				-0.018,
				0.367,
				0.008,
				0.467,
				0.008,
				1,
				0.578,
				0.008,
				0.689,
				-2.708,
				0.8,
				-2.708,
				1,
				0.911,
				-2.708,
				1.022,
				4.907,
				1.133,
				4.907,
				1,
				1.256,
				4.907,
				1.378,
				-4.598,
				1.5,
				-4.598,
				1,
				1.622,
				-4.598,
				1.744,
				3.026,
				1.867,
				3.026,
				1,
				2.044,
				3.026,
				2.222,
				-1.649,
				2.4,
				-1.649,
				1,
				2.533,
				-1.649,
				2.667,
				1.739,
				2.8,
				1.739,
				1,
				2.922,
				1.739,
				3.044,
				-2.405,
				3.167,
				-2.405,
				1,
				3.233,
				-2.405,
				3.3,
				0.511,
				3.367,
				0.511
			]
		},
		{
			"Target": "Parameter",
			"Id": "Param20",
			"Segments": [
				0,
				0,
				0,
				2.167,
				0,
				1,
				2.356,
				0,
				2.544,
				0.5,
				2.733,
				0.5,
				0,
				3.367,
				0.5
			]
		},
		{
			"Target": "Parameter",
			"Id": "ParamBrowLY",
			"Segments": [
				0,
				0,
				1,
				0.089,
				0,
				0.178,
				0.4,
				0.267,
				0.4,
				1,
				0.433,
				0.4,
				0.6,
				-0.6,
				0.767,
				-0.6,
				1,
				1.178,
				-0.6,
				1.589,
				-0.6,
				2,
				-0.6,
				1,
				2.078,
				-0.6,
				2.156,
				0.885,
				2.233,
				0.885,
				1,
				2.322,
				0.885,
				2.411,
				0.75,
				2.5,
				0.718,
				1,
				2.611,
				0.678,
				2.722,
				0.682,
				2.833,
				0.641,
				1,
				2.922,
				0.608,
				3.011,
				0.42,
				3.1,
				0.274,
				1,
				3.189,
				0.127,
				3.278,
				0,
				3.367,
				0
			]
		},
		{
			"Target": "Parameter",
			"Id": "ParamBodyAngleX",
			"Segments": [
				0,
				0,
				1,
				0.189,
				0,
				0.378,
				0,
				0.567,
				0,
				1,
				0.733,
				0,
				0.9,
				2.672,
				1.067,
				2.672,
				1,
				1.211,
				2.672,
				1.356,
				1.226,
				1.5,
				1.226,
				1,
				1.722,
				1.226,
				1.944,
				3.272,
				2.167,
				3.272,
				1,
				2.322,
				3.272,
				2.478,
				-1.932,
				2.633,
				-1.932,
				1,
				2.844,
				-1.932,
				3.056,
				0.185,
				3.267,
				0.185,
				1,
				3.3,
				0.185,
				3.333,
				0.129,
				3.367,
				0.129
			]
		},
		{
			"Target": "Parameter",
			"Id": "ParamBodyAngleY",
			"Segments": [
				0,
				0,
				1,
				0.211,
				0,
				0.422,
				0,
				0.633,
				0,
				1,
				0.889,
				0,
				1.144,
				-5.106,
				1.4,
				-5.106,
				1,
				1.767,
				-5.106,
				2.133,
				4.335,
				2.5,
				4.335,
				1,
				2.667,
				4.335,
				2.833,
				-1.015,
				3,
				-1.015,
				1,
				3.122,
				-1.015,
				3.244,
				0.091,
				3.367,
				0.091
			]
		},
		{
			"Target": "Parameter",
			"Id": "ParamBodyAngleZ",
			"Segments": [
				0,
				0,
				1,
				0.167,
				0,
				0.333,
				0,
				0.5,
				0,
				1,
				0.689,
				0,
				0.878,
				4.235,
				1.067,
				4.235,
				1,
				1.211,
				4.235,
				1.356,
				3.484,
				1.5,
				3.484,
				1,
				1.611,
				3.484,
				1.722,
				3.752,
				1.833,
				3.752,
				1,
				2.022,
				3.752,
				2.211,
				-2.847,
				2.4,
				-2.847,
				1,
				2.533,
				-2.847,
				2.667,
				-1.33,
				2.8,
				-1.33,
				1,
				2.922,
				-1.33,
				3.044,
				-1.909,
				3.167,
				-1.909,
				1,
				3.233,
				-1.909,
				3.3,
				-1.57,
				3.367,
				-1.57
			]
		},
		{
			"Target": "Parameter",
			"Id": "Param6",
			"Segments": [
				0,
				-5.204,
				1,
				0.078,
				-5.204,
				0.156,
				-5.297,
				0.233,
				-5.297,
				1,
				0.489,
				-5.297,
				0.744,
				8.203,
				1,
				8.203,
				1,
				1.133,
				8.203,
				1.267,
				-0.438,
				1.4,
				-0.438,
				1,
				1.533,
				-0.438,
				1.667,
				5.709,
				1.8,
				5.709,
				1,
				2.011,
				5.709,
				2.222,
				-14.675,
				2.433,
				-14.675,
				1,
				2.556,
				-14.675,
				2.678,
				-5.403,
				2.8,
				-5.403,
				1,
				2.922,
				-5.403,
				3.044,
				-10.696,
				3.167,
				-10.696,
				1,
				3.233,
				-10.696,
				3.3,
				-7.577,
				3.367,
				-7.577
			]
		},
		{
			"Target": "Parameter",
			"Id": "Param7",
			"Segments": [
				0,
				0.998,
				1,
				0.111,
				0.998,
				0.222,
				-0.748,
				0.333,
				-0.748,
				1,
				0.4,
				-0.748,
				0.467,
				-0.059,
				0.533,
				-0.059,
				1,
				0.622,
				-0.059,
				0.711,
				-3.157,
				0.8,
				-3.157,
				1,
				0.922,
				-3.157,
				1.044,
				7.202,
				1.167,
				7.202,
				1,
				1.289,
				7.202,
				1.411,
				-8.272,
				1.533,
				-8.272,
				1,
				1.667,
				-8.272,
				1.8,
				7.691,
				1.933,
				7.691,
				1,
				2.133,
				7.691,
				2.333,
				-6.089,
				2.533,
				-6.089,
				1,
				2.667,
				-6.089,
				2.8,
				8.116,
				2.933,
				8.116,
				1,
				3.056,
				8.116,
				3.178,
				-8.234,
				3.3,
				-8.234,
				1,
				3.322,
				-8.234,
				3.344,
				-7.408,
				3.367,
				-7.408
			]
		},
		{
			"Target": "Parameter",
			"Id": "ParamBreath",
			"Segments": [
				0,
				0.665,
				1,
				0.211,
				0.665,
				0.422,
				0,
				0.633,
				0,
				1,
				0.956,
				0,
				1.278,
				0.282,
				1.6,
				0.282,
				1,
				1.722,
				0.282,
				1.844,
				0,
				1.967,
				0,
				1,
				2.144,
				0,
				2.322,
				0.8,
				2.5,
				0.8,
				1,
				2.789,
				0.8,
				3.078,
				0.497,
				3.367,
				0.497
			]
		},
		{
			"Target": "Parameter",
			"Id": "Param4",
			"Segments": [
				0,
				-2.093,
				1,
				0.067,
				-2.093,
				0.133,
				-2.098,
				0.2,
				-2.098,
				1,
				0.489,
				-2.098,
				0.778,
				1.276,
				1.067,
				1.276,
				1,
				1.2,
				1.276,
				1.333,
				-1.995,
				1.467,
				-1.995,
				1,
				1.589,
				-1.995,
				1.711,
				0.235,
				1.833,
				0.235,
				1,
				1.967,
				0.235,
				2.1,
				-4.93,
				2.233,
				-4.93,
				1,
				2.333,
				-4.93,
				2.433,
				-0.849,
				2.533,
				-0.849,
				1,
				2.689,
				-0.849,
				2.844,
				-4.638,
				3,
				-4.638,
				1,
				3.122,
				-4.638,
				3.244,
				-1.504,
				3.367,
				-1.504
			]
		},
		{
			"Target": "Parameter",
			"Id": "Param5",
			"Segments": [
				0,
				0.038,
				1,
				0.122,
				0.038,
				0.244,
				-0.022,
				0.367,
				-0.022,
				1,
				0.4,
				-0.022,
				0.433,
				-0.017,
				0.467,
				-0.017,
				1,
				0.6,
				-0.017,
				0.733,
				-0.804,
				0.867,
				-0.804,
				1,
				1,
				-0.804,
				1.133,
				1.775,
				1.267,
				1.775,
				1,
				1.4,
				1.775,
				1.533,
				-1.984,
				1.667,
				-1.984,
				1,
				1.822,
				-1.984,
				1.978,
				2.704,
				2.133,
				2.704,
				1,
				2.233,
				2.704,
				2.333,
				-3.754,
				2.433,
				-3.754,
				1,
				2.556,
				-3.754,
				2.678,
				3.129,
				2.8,
				3.129,
				1,
				2.933,
				3.129,
				3.067,
				-2.818,
				3.2,
				-2.818,
				1,
				3.256,
				-2.818,
				3.311,
				-0.676,
				3.367,
				-0.676
			]
		},
		{
			"Target": "Parameter",
			"Id": "Param_Angle_Rotation_1_m_h",
			"Segments": [
				0,
				-0.104,
				1,
				0.067,
				-0.104,
				0.133,
				-0.104,
				0.2,
				-0.104,
				1,
				0.289,
				-0.104,
				0.378,
				-0.105,
				0.467,
				-0.105,
				1,
				0.656,
				-0.105,
				0.844,
				0.113,
				1.033,
				0.113,
				1,
				1.211,
				0.113,
				1.389,
				-0.12,
				1.567,
				-0.12,
				1,
				1.711,
				-0.12,
				1.856,
				0.016,
				2,
				0.016,
				1,
				2.211,
				0.016,
				2.422,
				-0.206,
				2.633,
				-0.206,
				1,
				2.878,
				-0.206,
				3.122,
				-0.138,
				3.367,
				-0.138
			]
		},
		{
			"Target": "Parameter",
			"Id": "Param_Angle_Rotation_2_m_h",
			"Segments": [
				0,
				0,
				1,
				0.078,
				0,
				0.156,
				0.002,
				0.233,
				0.002,
				1,
				0.444,
				0.002,
				0.656,
				-0.095,
				0.867,
				-0.095,
				1,
				1.011,
				-0.095,
				1.156,
				0.15,
				1.3,
				0.15,
				1,
				1.467,
				0.15,
				1.633,
				-0.142,
				1.8,
				-0.142,
				1,
				1.956,
				-0.142,
				2.111,
				0.157,
				2.267,
				0.157,
				1,
				2.422,
				0.157,
				2.578,
				-0.09,
				2.733,
				-0.09,
				1,
				2.878,
				-0.09,
				3.022,
				0.025,
				3.167,
				0.025,
				1,
				3.233,
				0.025,
				3.3,
				0.002,
				3.367,
				0.002
			]
		},
		{
			"Target": "Parameter",
			"Id": "Param_Angle_Rotation_3_m_h",
			"Segments": [
				0,
				-0.019,
				1,
				0.1,
				-0.019,
				0.2,
				0.02,
				0.3,
				0.02,
				1,
				0.544,
				0.02,
				0.789,
				-0.279,
				1.033,
				-0.279,
				1,
				1.189,
				-0.279,
				1.344,
				0.575,
				1.5,
				0.575,
				1,
				1.656,
				0.575,
				1.811,
				-0.671,
				1.967,
				-0.671,
				1,
				2.122,
				-0.671,
				2.278,
				0.739,
				2.433,
				0.739,
				1,
				2.589,
				0.739,
				2.744,
				-0.564,
				2.9,
				-0.564,
				1,
				3.056,
				-0.564,
				3.211,
				0.292,
				3.367,
				0.292
			]
		},
		{
			"Target": "Parameter",
			"Id": "Param_Angle_Rotation_4_m_h",
			"Segments": [
				0,
				-0.119,
				1,
				0.133,
				-0.119,
				0.267,
				0.08,
				0.4,
				0.08,
				1,
				0.644,
				0.08,
				0.889,
				-0.331,
				1.133,
				-0.331,
				1,
				1.3,
				-0.331,
				1.467,
				0.896,
				1.633,
				0.896,
				1,
				1.789,
				0.896,
				1.944,
				-1.266,
				2.1,
				-1.266,
				1,
				2.256,
				-1.266,
				2.411,
				1.506,
				2.567,
				1.506,
				1,
				2.722,
				1.506,
				2.878,
				-1.34,
				3.033,
				-1.34,
				1,
				3.144,
				-1.34,
				3.256,
				0.492,
				3.367,
				0.492
			]
		},
		{
			"Target": "Parameter",
			"Id": "Param_Angle_Rotation_5_m_h",
			"Segments": [
				0,
				-0.394,
				1,
				0.144,
				-0.394,
				0.289,
				0.232,
				0.433,
				0.232,
				1,
				0.7,
				0.232,
				0.967,
				-0.37,
				1.233,
				-0.37,
				1,
				1.4,
				-0.37,
				1.567,
				1.275,
				1.733,
				1.275,
				1,
				1.889,
				1.275,
				2.044,
				-2.061,
				2.2,
				-2.061,
				1,
				2.356,
				-2.061,
				2.511,
				2.603,
				2.667,
				2.603,
				1,
				2.833,
				2.603,
				3,
				-2.521,
				3.167,
				-2.521,
				1,
				3.233,
				-2.521,
				3.3,
				-0.438,
				3.367,
				-0.438
			]
		},
		{
			"Target": "Parameter",
			"Id": "Param_Angle_Rotation_6_m_h",
			"Segments": [
				0,
				-0.492,
				1,
				0.033,
				-0.492,
				0.067,
				-0.68,
				0.1,
				-0.68,
				1,
				0.256,
				-0.68,
				0.411,
				0.405,
				0.567,
				0.405,
				1,
				0.789,
				0.405,
				1.011,
				-0.562,
				1.233,
				-0.562,
				1,
				1.433,
				-0.562,
				1.633,
				1.793,
				1.833,
				1.793,
				1,
				2,
				1.793,
				2.167,
				-2.807,
				2.333,
				-2.807,
				1,
				2.489,
				-2.807,
				2.644,
				3.49,
				2.8,
				3.49,
				1,
				2.956,
				3.49,
				3.111,
				-3.409,
				3.267,
				-3.409,
				1,
				3.3,
				-3.409,
				3.333,
				-2.683,
				3.367,
				-2.683
			]
		},
		{
			"Target": "Parameter",
			"Id": "Param_Angle_Rotation_7_m_h",
			"Segments": [
				0,
				-0.224,
				1,
				0.056,
				-0.224,
				0.111,
				-0.841,
				0.167,
				-0.841,
				1,
				0.322,
				-0.841,
				0.478,
				0.518,
				0.633,
				0.518,
				1,
				0.822,
				0.518,
				1.011,
				-0.434,
				1.2,
				-0.434,
				1,
				1.444,
				-0.434,
				1.689,
				1.582,
				1.933,
				1.582,
				1,
				2.089,
				1.582,
				2.244,
				-2.62,
				2.4,
				-2.62,
				1,
				2.556,
				-2.62,
				2.711,
				3.163,
				2.867,
				3.163,
				1,
				3.022,
				3.163,
				3.178,
				-3.083,
				3.333,
				-3.083,
				1,
				3.344,
				-3.083,
				3.356,
				-3.05,
				3.367,
				-3.05
			]
		},
		{
			"Target": "Parameter",
			"Id": "Param_Angle_Rotation_8_m_h",
			"Segments": [
				0,
				0.756,
				1,
				0.089,
				0.756,
				0.178,
				-1.459,
				0.267,
				-1.459,
				1,
				0.422,
				-1.459,
				0.578,
				0.921,
				0.733,
				0.921,
				1,
				0.9,
				0.921,
				1.067,
				-0.854,
				1.233,
				-0.854,
				1,
				1.489,
				-0.854,
				1.744,
				2.312,
				2,
				2.312,
				1,
				2.156,
				2.312,
				2.311,
				-3.561,
				2.467,
				-3.561,
				1,
				2.611,
				-3.561,
				2.756,
				4,
				2.9,
				4,
				1,
				3.056,
				4,
				3.211,
				-3.546,
				3.367,
				-3.546
			]
		},
		{
			"Target": "Parameter",
			"Id": "Param_Angle_Rotation_9_m_h",
			"Segments": [
				0,
				2.017,
				1,
				0.122,
				2.017,
				0.244,
				-1.851,
				0.367,
				-1.851,
				1,
				0.511,
				-1.851,
				0.656,
				1.232,
				0.8,
				1.232,
				1,
				0.967,
				1.232,
				1.133,
				-1.06,
				1.3,
				-1.06,
				1,
				1.556,
				-1.06,
				1.811,
				2.43,
				2.067,
				2.43,
				1,
				2.211,
				2.43,
				2.356,
				-3.517,
				2.5,
				-3.517,
				1,
				2.656,
				-3.517,
				2.811,
				3.704,
				2.967,
				3.704,
				1,
				3.1,
				3.704,
				3.233,
				-1.912,
				3.367,
				-1.912
			]
		},
		{
			"Target": "Parameter",
			"Id": "Param_Angle_Rotation_1_l_m_h",
			"Segments": [
				0,
				-0.104,
				1,
				0.067,
				-0.104,
				0.133,
				-0.104,
				0.2,
				-0.104,
				1,
				0.289,
				-0.104,
				0.378,
				-0.105,
				0.467,
				-0.105,
				1,
				0.656,
				-0.105,
				0.844,
				0.113,
				1.033,
				0.113,
				1,
				1.211,
				0.113,
				1.389,
				-0.12,
				1.567,
				-0.12,
				1,
				1.711,
				-0.12,
				1.856,
				0.016,
				2,
				0.016,
				1,
				2.211,
				0.016,
				2.422,
				-0.206,
				2.633,
				-0.206,
				1,
				2.878,
				-0.206,
				3.122,
				-0.138,
				3.367,
				-0.138
			]
		},
		{
			"Target": "Parameter",
			"Id": "Param_Angle_Rotation_2_l_m_h",
			"Segments": [
				0,
				-0.104,
				1,
				0.067,
				-0.104,
				0.133,
				-0.104,
				0.2,
				-0.104,
				1,
				0.289,
				-0.104,
				0.378,
				-0.105,
				0.467,
				-0.105,
				1,
				0.656,
				-0.105,
				0.844,
				0.113,
				1.033,
				0.113,
				1,
				1.211,
				0.113,
				1.389,
				-0.12,
				1.567,
				-0.12,
				1,
				1.711,
				-0.12,
				1.856,
				0.016,
				2,
				0.016,
				1,
				2.211,
				0.016,
				2.422,
				-0.206,
				2.633,
				-0.206,
				1,
				2.878,
				-0.206,
				3.122,
				-0.138,
				3.367,
				-0.138
			]
		},
		{
			"Target": "Parameter",
			"Id": "Param_Angle_Rotation_3_l_m_h",
			"Segments": [
				0,
				0,
				1,
				0.078,
				0,
				0.156,
				0.002,
				0.233,
				0.002,
				1,
				0.444,
				0.002,
				0.656,
				-0.095,
				0.867,
				-0.095,
				1,
				1.011,
				-0.095,
				1.156,
				0.15,
				1.3,
				0.15,
				1,
				1.467,
				0.15,
				1.633,
				-0.142,
				1.8,
				-0.142,
				1,
				1.956,
				-0.142,
				2.111,
				0.157,
				2.267,
				0.157,
				1,
				2.422,
				0.157,
				2.578,
				-0.09,
				2.733,
				-0.09,
				1,
				2.878,
				-0.09,
				3.022,
				0.025,
				3.167,
				0.025,
				1,
				3.233,
				0.025,
				3.3,
				0.002,
				3.367,
				0.002
			]
		},
		{
			"Target": "Parameter",
			"Id": "Param_Angle_Rotation_4_l_m_h",
			"Segments": [
				0,
				-0.019,
				1,
				0.1,
				-0.019,
				0.2,
				0.02,
				0.3,
				0.02,
				1,
				0.544,
				0.02,
				0.789,
				-0.279,
				1.033,
				-0.279,
				1,
				1.189,
				-0.279,
				1.344,
				0.575,
				1.5,
				0.575,
				1,
				1.656,
				0.575,
				1.811,
				-0.671,
				1.967,
				-0.671,
				1,
				2.122,
				-0.671,
				2.278,
				0.739,
				2.433,
				0.739,
				1,
				2.589,
				0.739,
				2.744,
				-0.564,
				2.9,
				-0.564,
				1,
				3.056,
				-0.564,
				3.211,
				0.292,
				3.367,
				0.292
			]
		},
		{
			"Target": "Parameter",
			"Id": "Param_Angle_Rotation_5_l_m_h",
			"Segments": [
				0,
				-0.119,
				1,
				0.133,
				-0.119,
				0.267,
				0.08,
				0.4,
				0.08,
				1,
				0.644,
				0.08,
				0.889,
				-0.331,
				1.133,
				-0.331,
				1,
				1.3,
				-0.331,
				1.467,
				0.896,
				1.633,
				0.896,
				1,
				1.789,
				0.896,
				1.944,
				-1.266,
				2.1,
				-1.266,
				1,
				2.256,
				-1.266,
				2.411,
				1.506,
				2.567,
				1.506,
				1,
				2.722,
				1.506,
				2.878,
				-1.34,
				3.033,
				-1.34,
				1,
				3.144,
				-1.34,
				3.256,
				0.492,
				3.367,
				0.492
			]
		},
		{
			"Target": "Parameter",
			"Id": "Param_Angle_Rotation_6_l_m_h",
			"Segments": [
				0,
				-0.394,
				1,
				0.144,
				-0.394,
				0.289,
				0.232,
				0.433,
				0.232,
				1,
				0.7,
				0.232,
				0.967,
				-0.37,
				1.233,
				-0.37,
				1,
				1.4,
				-0.37,
				1.567,
				1.275,
				1.733,
				1.275,
				1,
				1.889,
				1.275,
				2.044,
				-2.061,
				2.2,
				-2.061,
				1,
				2.356,
				-2.061,
				2.511,
				2.603,
				2.667,
				2.603,
				1,
				2.833,
				2.603,
				3,
				-2.521,
				3.167,
				-2.521,
				1,
				3.233,
				-2.521,
				3.3,
				-0.438,
				3.367,
				-0.438
			]
		},
		{
			"Target": "Parameter",
			"Id": "Param_Angle_Rotation_7_l_m_h",
			"Segments": [
				0,
				-0.492,
				1,
				0.033,
				-0.492,
				0.067,
				-0.68,
				0.1,
				-0.68,
				1,
				0.256,
				-0.68,
				0.411,
				0.405,
				0.567,
				0.405,
				1,
				0.789,
				0.405,
				1.011,
				-0.562,
				1.233,
				-0.562,
				1,
				1.433,
				-0.562,
				1.633,
				1.793,
				1.833,
				1.793,
				1,
				2,
				1.793,
				2.167,
				-2.807,
				2.333,
				-2.807,
				1,
				2.489,
				-2.807,
				2.644,
				3.49,
				2.8,
				3.49,
				1,
				2.956,
				3.49,
				3.111,
				-3.409,
				3.267,
				-3.409,
				1,
				3.3,
				-3.409,
				3.333,
				-2.683,
				3.367,
				-2.683
			]
		},
		{
			"Target": "Parameter",
			"Id": "Param_Angle_Rotation_8_l_m_h",
			"Segments": [
				0,
				-0.269,
				1,
				0.056,
				-0.269,
				0.111,
				-1.009,
				0.167,
				-1.009,
				1,
				0.322,
				-1.009,
				0.478,
				0.622,
				0.633,
				0.622,
				1,
				0.822,
				0.622,
				1.011,
				-0.521,
				1.2,
				-0.521,
				1,
				1.444,
				-0.521,
				1.689,
				1.898,
				1.933,
				1.898,
				1,
				2.089,
				1.898,
				2.244,
				-3.143,
				2.4,
				-3.143,
				1,
				2.556,
				-3.143,
				2.711,
				3.796,
				2.867,
				3.796,
				1,
				3.022,
				3.796,
				3.178,
				-3.699,
				3.333,
				-3.699,
				1,
				3.344,
				-3.699,
				3.356,
				-3.66,
				3.367,
				-3.66
			]
		},
		{
			"Target": "Parameter",
			"Id": "Param_Angle_Rotation_9_l_m_h",
			"Segments": [
				0,
				0.756,
				1,
				0.089,
				0.756,
				0.178,
				-1.459,
				0.267,
				-1.459,
				1,
				0.422,
				-1.459,
				0.578,
				0.921,
				0.733,
				0.921,
				1,
				0.9,
				0.921,
				1.067,
				-0.854,
				1.233,
				-0.854,
				1,
				1.489,
				-0.854,
				1.744,
				2.312,
				2,
				2.312,
				1,
				2.156,
				2.312,
				2.311,
				-3.561,
				2.467,
				-3.561,
				1,
				2.611,
				-3.561,
				2.756,
				4,
				2.9,
				4,
				1,
				3.056,
				4,
				3.211,
				-3.546,
				3.367,
				-3.546
			]
		},
		{
			"Target": "Parameter",
			"Id": "Param_Angle_Rotation_1_r_r_h",
			"Segments": [
				0,
				-0.104,
				1,
				0.067,
				-0.104,
				0.133,
				-0.104,
				0.2,
				-0.104,
				1,
				0.289,
				-0.104,
				0.378,
				-0.105,
				0.467,
				-0.105,
				1,
				0.656,
				-0.105,
				0.844,
				0.113,
				1.033,
				0.113,
				1,
				1.211,
				0.113,
				1.389,
				-0.12,
				1.567,
				-0.12,
				1,
				1.711,
				-0.12,
				1.856,
				0.016,
				2,
				0.016,
				1,
				2.211,
				0.016,
				2.422,
				-0.206,
				2.633,
				-0.206,
				1,
				2.878,
				-0.206,
				3.122,
				-0.138,
				3.367,
				-0.138
			]
		},
		{
			"Target": "Parameter",
			"Id": "Param_Angle_Rotation_2_r_r_h",
			"Segments": [
				0,
				-0.104,
				1,
				0.067,
				-0.104,
				0.133,
				-0.104,
				0.2,
				-0.104,
				1,
				0.289,
				-0.104,
				0.378,
				-0.105,
				0.467,
				-0.105,
				1,
				0.656,
				-0.105,
				0.844,
				0.113,
				1.033,
				0.113,
				1,
				1.211,
				0.113,
				1.389,
				-0.12,
				1.567,
				-0.12,
				1,
				1.711,
				-0.12,
				1.856,
				0.016,
				2,
				0.016,
				1,
				2.211,
				0.016,
				2.422,
				-0.206,
				2.633,
				-0.206,
				1,
				2.878,
				-0.206,
				3.122,
				-0.138,
				3.367,
				-0.138
			]
		},
		{
			"Target": "Parameter",
			"Id": "Param_Angle_Rotation_3_r_r_h",
			"Segments": [
				0,
				-0.209,
				1,
				0.067,
				-0.209,
				0.133,
				-0.208,
				0.2,
				-0.208,
				1,
				0.289,
				-0.208,
				0.378,
				-0.209,
				0.467,
				-0.209,
				1,
				0.656,
				-0.209,
				0.844,
				0.225,
				1.033,
				0.225,
				1,
				1.211,
				0.225,
				1.389,
				-0.239,
				1.567,
				-0.239,
				1,
				1.711,
				-0.239,
				1.856,
				0.032,
				2,
				0.032,
				1,
				2.211,
				0.032,
				2.422,
				-0.413,
				2.633,
				-0.413,
				1,
				2.878,
				-0.413,
				3.122,
				-0.276,
				3.367,
				-0.276
			]
		},
		{
			"Target": "Parameter",
			"Id": "Param_Angle_Rotation_4_r_r_h",
			"Segments": [
				0,
				0,
				1,
				0.078,
				0,
				0.156,
				0.006,
				0.233,
				0.006,
				1,
				0.444,
				0.006,
				0.656,
				-0.284,
				0.867,
				-0.284,
				1,
				1.011,
				-0.284,
				1.156,
				0.451,
				1.3,
				0.451,
				1,
				1.467,
				0.451,
				1.633,
				-0.425,
				1.8,
				-0.425,
				1,
				1.956,
				-0.425,
				2.111,
				0.471,
				2.267,
				0.471,
				1,
				2.422,
				0.471,
				2.578,
				-0.27,
				2.733,
				-0.27,
				1,
				2.878,
				-0.27,
				3.022,
				0.074,
				3.167,
				0.074,
				1,
				3.233,
				0.074,
				3.3,
				0.005,
				3.367,
				0.005
			]
		},
		{
			"Target": "Parameter",
			"Id": "Param_Angle_Rotation_5_r_r_h",
			"Segments": [
				0,
				-0.025,
				1,
				0.1,
				-0.025,
				0.2,
				0.027,
				0.3,
				0.027,
				1,
				0.544,
				0.027,
				0.789,
				-0.372,
				1.033,
				-0.372,
				1,
				1.189,
				-0.372,
				1.344,
				0.767,
				1.5,
				0.767,
				1,
				1.656,
				0.767,
				1.811,
				-0.895,
				1.967,
				-0.895,
				1,
				2.122,
				-0.895,
				2.278,
				0.986,
				2.433,
				0.986,
				1,
				2.589,
				0.986,
				2.744,
				-0.752,
				2.9,
				-0.752,
				1,
				3.056,
				-0.752,
				3.211,
				0.39,
				3.367,
				0.39
			]
		},
		{
			"Target": "Parameter",
			"Id": "Param_Angle_Rotation_6_r_r_h",
			"Segments": [
				0,
				-0.149,
				1,
				0.133,
				-0.149,
				0.267,
				0.1,
				0.4,
				0.1,
				1,
				0.644,
				0.1,
				0.889,
				-0.414,
				1.133,
				-0.414,
				1,
				1.3,
				-0.414,
				1.467,
				1.12,
				1.633,
				1.12,
				1,
				1.789,
				1.12,
				1.944,
				-1.582,
				2.1,
				-1.582,
				1,
				2.256,
				-1.582,
				2.411,
				1.882,
				2.567,
				1.882,
				1,
				2.722,
				1.882,
				2.878,
				-1.675,
				3.033,
				-1.675,
				1,
				3.144,
				-1.675,
				3.256,
				0.614,
				3.367,
				0.614
			]
		},
		{
			"Target": "Parameter",
			"Id": "Param_Angle_Rotation_7_r_r_h",
			"Segments": [
				0,
				-0.394,
				1,
				0.144,
				-0.394,
				0.289,
				0.232,
				0.433,
				0.232,
				1,
				0.7,
				0.232,
				0.967,
				-0.37,
				1.233,
				-0.37,
				1,
				1.4,
				-0.37,
				1.567,
				1.275,
				1.733,
				1.275,
				1,
				1.889,
				1.275,
				2.044,
				-2.061,
				2.2,
				-2.061,
				1,
				2.356,
				-2.061,
				2.511,
				2.603,
				2.667,
				2.603,
				1,
				2.833,
				2.603,
				3,
				-2.521,
				3.167,
				-2.521,
				1,
				3.233,
				-2.521,
				3.3,
				-0.438,
				3.367,
				-0.438
			]
		},
		{
			"Target": "Parameter",
			"Id": "Param_Angle_Rotation_8_r_r_h",
			"Segments": [
				0,
				-0.492,
				1,
				0.033,
				-0.492,
				0.067,
				-0.68,
				0.1,
				-0.68,
				1,
				0.256,
				-0.68,
				0.411,
				0.405,
				0.567,
				0.405,
				1,
				0.789,
				0.405,
				1.011,
				-0.562,
				1.233,
				-0.562,
				1,
				1.433,
				-0.562,
				1.633,
				1.793,
				1.833,
				1.793,
				1,
				2,
				1.793,
				2.167,
				-2.807,
				2.333,
				-2.807,
				1,
				2.489,
				-2.807,
				2.644,
				3.49,
				2.8,
				3.49,
				1,
				2.956,
				3.49,
				3.111,
				-3.409,
				3.267,
				-3.409,
				1,
				3.3,
				-3.409,
				3.333,
				-2.683,
				3.367,
				-2.683
			]
		},
		{
			"Target": "Parameter",
			"Id": "Param_Angle_Rotation_9_r_r_h",
			"Segments": [
				0,
				-0.269,
				1,
				0.056,
				-0.269,
				0.111,
				-1.009,
				0.167,
				-1.009,
				1,
				0.322,
				-1.009,
				0.478,
				0.622,
				0.633,
				0.622,
				1,
				0.822,
				0.622,
				1.011,
				-0.521,
				1.2,
				-0.521,
				1,
				1.444,
				-0.521,
				1.689,
				1.898,
				1.933,
				1.898,
				1,
				2.089,
				1.898,
				2.244,
				-3.143,
				2.4,
				-3.143,
				1,
				2.556,
				-3.143,
				2.711,
				3.796,
				2.867,
				3.796,
				1,
				3.022,
				3.796,
				3.178,
				-3.699,
				3.333,
				-3.699,
				1,
				3.344,
				-3.699,
				3.356,
				-3.66,
				3.367,
				-3.66
			]
		},
		{
			"Target": "Parameter",
			"Id": "Param_Angle_Rotation_10_r_r_h",
			"Segments": [
				0,
				0.756,
				1,
				0.089,
				0.756,
				0.178,
				-1.459,
				0.267,
				-1.459,
				1,
				0.422,
				-1.459,
				0.578,
				0.921,
				0.733,
				0.921,
				1,
				0.9,
				0.921,
				1.067,
				-0.854,
				1.233,
				-0.854,
				1,
				1.489,
				-0.854,
				1.744,
				2.312,
				2,
				2.312,
				1,
				2.156,
				2.312,
				2.311,
				-3.561,
				2.467,
				-3.561,
				1,
				2.611,
				-3.561,
				2.756,
				4,
				2.9,
				4,
				1,
				3.056,
				4,
				3.211,
				-3.546,
				3.367,
				-3.546
			]
		},
		{
			"Target": "Parameter",
			"Id": "Param_Angle_Rotation_11_r_r_h",
			"Segments": [
				0,
				2.017,
				1,
				0.122,
				2.017,
				0.244,
				-1.851,
				0.367,
				-1.851,
				1,
				0.511,
				-1.851,
				0.656,
				1.232,
				0.8,
				1.232,
				1,
				0.967,
				1.232,
				1.133,
				-1.06,
				1.3,
				-1.06,
				1,
				1.556,
				-1.06,
				1.811,
				2.43,
				2.067,
				2.43,
				1,
				2.211,
				2.43,
				2.356,
				-3.517,
				2.5,
				-3.517,
				1,
				2.656,
				-3.517,
				2.811,
				3.704,
				2.967,
				3.704,
				1,
				3.1,
				3.704,
				3.233,
				-1.912,
				3.367,
				-1.912
			]
		},
		{
			"Target": "Parameter",
			"Id": "Param_Angle_Rotation_1_l_l_h",
			"Segments": [
				0,
				-0.104,
				1,
				0.067,
				-0.104,
				0.133,
				-0.104,
				0.2,
				-0.104,
				1,
				0.289,
				-0.104,
				0.378,
				-0.105,
				0.467,
				-0.105,
				1,
				0.656,
				-0.105,
				0.844,
				0.113,
				1.033,
				0.113,
				1,
				1.211,
				0.113,
				1.389,
				-0.12,
				1.567,
				-0.12,
				1,
				1.711,
				-0.12,
				1.856,
				0.016,
				2,
				0.016,
				1,
				2.211,
				0.016,
				2.422,
				-0.206,
				2.633,
				-0.206,
				1,
				2.878,
				-0.206,
				3.122,
				-0.138,
				3.367,
				-0.138
			]
		},
		{
			"Target": "Parameter",
			"Id": "Param_Angle_Rotation_2_l_l_h",
			"Segments": [
				0,
				-0.104,
				1,
				0.067,
				-0.104,
				0.133,
				-0.104,
				0.2,
				-0.104,
				1,
				0.289,
				-0.104,
				0.378,
				-0.105,
				0.467,
				-0.105,
				1,
				0.656,
				-0.105,
				0.844,
				0.113,
				1.033,
				0.113,
				1,
				1.211,
				0.113,
				1.389,
				-0.12,
				1.567,
				-0.12,
				1,
				1.711,
				-0.12,
				1.856,
				0.016,
				2,
				0.016,
				1,
				2.211,
				0.016,
				2.422,
				-0.206,
				2.633,
				-0.206,
				1,
				2.878,
				-0.206,
				3.122,
				-0.138,
				3.367,
				-0.138
			]
		},
		{
			"Target": "Parameter",
			"Id": "Param_Angle_Rotation_3_l_l_h",
			"Segments": [
				0,
				0,
				1,
				0.078,
				0,
				0.156,
				0.002,
				0.233,
				0.002,
				1,
				0.444,
				0.002,
				0.656,
				-0.095,
				0.867,
				-0.095,
				1,
				1.011,
				-0.095,
				1.156,
				0.15,
				1.3,
				0.15,
				1,
				1.467,
				0.15,
				1.633,
				-0.142,
				1.8,
				-0.142,
				1,
				1.956,
				-0.142,
				2.111,
				0.157,
				2.267,
				0.157,
				1,
				2.422,
				0.157,
				2.578,
				-0.09,
				2.733,
				-0.09,
				1,
				2.878,
				-0.09,
				3.022,
				0.025,
				3.167,
				0.025,
				1,
				3.233,
				0.025,
				3.3,
				0.002,
				3.367,
				0.002
			]
		},
		{
			"Target": "Parameter",
			"Id": "Param_Angle_Rotation_4_l_l_h",
			"Segments": [
				0,
				-0.019,
				1,
				0.1,
				-0.019,
				0.2,
				0.02,
				0.3,
				0.02,
				1,
				0.544,
				0.02,
				0.789,
				-0.279,
				1.033,
				-0.279,
				1,
				1.189,
				-0.279,
				1.344,
				0.575,
				1.5,
				0.575,
				1,
				1.656,
				0.575,
				1.811,
				-0.671,
				1.967,
				-0.671,
				1,
				2.122,
				-0.671,
				2.278,
				0.739,
				2.433,
				0.739,
				1,
				2.589,
				0.739,
				2.744,
				-0.564,
				2.9,
				-0.564,
				1,
				3.056,
				-0.564,
				3.211,
				0.292,
				3.367,
				0.292
			]
		},
		{
			"Target": "Parameter",
			"Id": "Param_Angle_Rotation_5_l_l_h",
			"Segments": [
				0,
				-0.119,
				1,
				0.133,
				-0.119,
				0.267,
				0.08,
				0.4,
				0.08,
				1,
				0.644,
				0.08,
				0.889,
				-0.331,
				1.133,
				-0.331,
				1,
				1.3,
				-0.331,
				1.467,
				0.896,
				1.633,
				0.896,
				1,
				1.789,
				0.896,
				1.944,
				-1.266,
				2.1,
				-1.266,
				1,
				2.256,
				-1.266,
				2.411,
				1.506,
				2.567,
				1.506,
				1,
				2.722,
				1.506,
				2.878,
				-1.34,
				3.033,
				-1.34,
				1,
				3.144,
				-1.34,
				3.256,
				0.492,
				3.367,
				0.492
			]
		},
		{
			"Target": "Parameter",
			"Id": "Param_Angle_Rotation_6_l_l_h",
			"Segments": [
				0,
				-0.394,
				1,
				0.144,
				-0.394,
				0.289,
				0.232,
				0.433,
				0.232,
				1,
				0.7,
				0.232,
				0.967,
				-0.37,
				1.233,
				-0.37,
				1,
				1.4,
				-0.37,
				1.567,
				1.275,
				1.733,
				1.275,
				1,
				1.889,
				1.275,
				2.044,
				-2.061,
				2.2,
				-2.061,
				1,
				2.356,
				-2.061,
				2.511,
				2.603,
				2.667,
				2.603,
				1,
				2.833,
				2.603,
				3,
				-2.521,
				3.167,
				-2.521,
				1,
				3.233,
				-2.521,
				3.3,
				-0.438,
				3.367,
				-0.438
			]
		},
		{
			"Target": "Parameter",
			"Id": "Param_Angle_Rotation_7_l_l_h",
			"Segments": [
				0,
				-0.492,
				1,
				0.033,
				-0.492,
				0.067,
				-0.68,
				0.1,
				-0.68,
				1,
				0.256,
				-0.68,
				0.411,
				0.405,
				0.567,
				0.405,
				1,
				0.789,
				0.405,
				1.011,
				-0.562,
				1.233,
				-0.562,
				1,
				1.433,
				-0.562,
				1.633,
				1.793,
				1.833,
				1.793,
				1,
				2,
				1.793,
				2.167,
				-2.807,
				2.333,
				-2.807,
				1,
				2.489,
				-2.807,
				2.644,
				3.49,
				2.8,
				3.49,
				1,
				2.956,
				3.49,
				3.111,
				-3.409,
				3.267,
				-3.409,
				1,
				3.3,
				-3.409,
				3.333,
				-2.683,
				3.367,
				-2.683
			]
		},
		{
			"Target": "Parameter",
			"Id": "Param_Angle_Rotation_8_l_l_h",
			"Segments": [
				0,
				-0.224,
				1,
				0.056,
				-0.224,
				0.111,
				-0.841,
				0.167,
				-0.841,
				1,
				0.322,
				-0.841,
				0.478,
				0.518,
				0.633,
				0.518,
				1,
				0.822,
				0.518,
				1.011,
				-0.434,
				1.2,
				-0.434,
				1,
				1.444,
				-0.434,
				1.689,
				1.582,
				1.933,
				1.582,
				1,
				2.089,
				1.582,
				2.244,
				-2.62,
				2.4,
				-2.62,
				1,
				2.556,
				-2.62,
				2.711,
				3.163,
				2.867,
				3.163,
				1,
				3.022,
				3.163,
				3.178,
				-3.083,
				3.333,
				-3.083,
				1,
				3.344,
				-3.083,
				3.356,
				-3.05,
				3.367,
				-3.05
			]
		},
		{
			"Target": "Parameter",
			"Id": "Param_Angle_Rotation_9_l_l_h",
			"Segments": [
				0,
				0.63,
				1,
				0.089,
				0.63,
				0.178,
				-1.216,
				0.267,
				-1.216,
				1,
				0.422,
				-1.216,
				0.578,
				0.767,
				0.733,
				0.767,
				1,
				0.9,
				0.767,
				1.067,
				-0.712,
				1.233,
				-0.712,
				1,
				1.489,
				-0.712,
				1.744,
				1.927,
				2,
				1.927,
				1,
				2.156,
				1.927,
				2.311,
				-2.967,
				2.467,
				-2.967,
				1,
				2.611,
				-2.967,
				2.756,
				3.333,
				2.9,
				3.333,
				1,
				3.056,
				3.333,
				3.211,
				-2.955,
				3.367,
				-2.955
			]
		},
		{
			"Target": "Parameter",
			"Id": "Param_Angle_Rotation_10_l_l_h",
			"Segments": [
				0,
				2.017,
				1,
				0.122,
				2.017,
				0.244,
				-1.851,
				0.367,
				-1.851,
				1,
				0.511,
				-1.851,
				0.656,
				1.232,
				0.8,
				1.232,
				1,
				0.967,
				1.232,
				1.133,
				-1.06,
				1.3,
				-1.06,
				1,
				1.556,
				-1.06,
				1.811,
				2.43,
				2.067,
				2.43,
				1,
				2.211,
				2.43,
				2.356,
				-3.517,
				2.5,
				-3.517,
				1,
				2.656,
				-3.517,
				2.811,
				3.704,
				2.967,
				3.704,
				1,
				3.1,
				3.704,
				3.233,
				-1.912,
				3.367,
				-1.912
			]
		},
		{
			"Target": "Parameter",
			"Id": "Param_Angle_Rotation_11_l_l_h",
			"Segments": [
				0,
				2.017,
				1,
				0.122,
				2.017,
				0.244,
				-1.851,
				0.367,
				-1.851,
				1,
				0.511,
				-1.851,
				0.656,
				1.232,
				0.8,
				1.232,
				1,
				0.967,
				1.232,
				1.133,
				-1.06,
				1.3,
				-1.06,
				1,
				1.556,
				-1.06,
				1.811,
				2.43,
				2.067,
				2.43,
				1,
				2.211,
				2.43,
				2.356,
				-3.517,
				2.5,
				-3.517,
				1,
				2.656,
				-3.517,
				2.811,
				3.704,
				2.967,
				3.704,
				1,
				3.1,
				3.704,
				3.233,
				-1.912,
				3.367,
				-1.912
			]
		},
		{
			"Target": "Parameter",
			"Id": "Param_Angle_Rotation_1_rr_h",
			"Segments": [
				0,
				-0.104,
				1,
				0.067,
				-0.104,
				0.133,
				-0.104,
				0.2,
				-0.104,
				1,
				0.289,
				-0.104,
				0.378,
				-0.105,
				0.467,
				-0.105,
				1,
				0.656,
				-0.105,
				0.844,
				0.113,
				1.033,
				0.113,
				1,
				1.211,
				0.113,
				1.389,
				-0.12,
				1.567,
				-0.12,
				1,
				1.711,
				-0.12,
				1.856,
				0.016,
				2,
				0.016,
				1,
				2.211,
				0.016,
				2.422,
				-0.206,
				2.633,
				-0.206,
				1,
				2.878,
				-0.206,
				3.122,
				-0.138,
				3.367,
				-0.138
			]
		},
		{
			"Target": "Parameter",
			"Id": "Param_Angle_Rotation_2_rr_h",
			"Segments": [
				0,
				-0.104,
				1,
				0.067,
				-0.104,
				0.133,
				-0.104,
				0.2,
				-0.104,
				1,
				0.289,
				-0.104,
				0.378,
				-0.105,
				0.467,
				-0.105,
				1,
				0.656,
				-0.105,
				0.844,
				0.113,
				1.033,
				0.113,
				1,
				1.211,
				0.113,
				1.389,
				-0.12,
				1.567,
				-0.12,
				1,
				1.711,
				-0.12,
				1.856,
				0.016,
				2,
				0.016,
				1,
				2.211,
				0.016,
				2.422,
				-0.206,
				2.633,
				-0.206,
				1,
				2.878,
				-0.206,
				3.122,
				-0.138,
				3.367,
				-0.138
			]
		},
		{
			"Target": "Parameter",
			"Id": "Param_Angle_Rotation_3_rr_h",
			"Segments": [
				0,
				0,
				1,
				0.078,
				0,
				0.156,
				0.002,
				0.233,
				0.002,
				1,
				0.444,
				0.002,
				0.656,
				-0.095,
				0.867,
				-0.095,
				1,
				1.011,
				-0.095,
				1.156,
				0.15,
				1.3,
				0.15,
				1,
				1.467,
				0.15,
				1.633,
				-0.142,
				1.8,
				-0.142,
				1,
				1.956,
				-0.142,
				2.111,
				0.157,
				2.267,
				0.157,
				1,
				2.422,
				0.157,
				2.578,
				-0.09,
				2.733,
				-0.09,
				1,
				2.878,
				-0.09,
				3.022,
				0.025,
				3.167,
				0.025,
				1,
				3.233,
				0.025,
				3.3,
				0.002,
				3.367,
				0.002
			]
		},
		{
			"Target": "Parameter",
			"Id": "Param_Angle_Rotation_4_rr_h",
			"Segments": [
				0,
				-0.006,
				1,
				0.1,
				-0.006,
				0.2,
				0.007,
				0.3,
				0.007,
				1,
				0.544,
				0.007,
				0.789,
				-0.093,
				1.033,
				-0.093,
				1,
				1.189,
				-0.093,
				1.344,
				0.192,
				1.5,
				0.192,
				1,
				1.656,
				0.192,
				1.811,
				-0.224,
				1.967,
				-0.224,
				1,
				2.122,
				-0.224,
				2.278,
				0.246,
				2.433,
				0.246,
				1,
				2.589,
				0.246,
				2.744,
				-0.188,
				2.9,
				-0.188,
				1,
				3.056,
				-0.188,
				3.211,
				0.097,
				3.367,
				0.097
			]
		},
		{
			"Target": "Parameter",
			"Id": "Param_Angle_Rotation_5_rr_h",
			"Segments": [
				0,
				-0.03,
				1,
				0.133,
				-0.03,
				0.267,
				0.02,
				0.4,
				0.02,
				1,
				0.644,
				0.02,
				0.889,
				-0.083,
				1.133,
				-0.083,
				1,
				1.3,
				-0.083,
				1.467,
				0.224,
				1.633,
				0.224,
				1,
				1.789,
				0.224,
				1.944,
				-0.316,
				2.1,
				-0.316,
				1,
				2.256,
				-0.316,
				2.411,
				0.376,
				2.567,
				0.376,
				1,
				2.722,
				0.376,
				2.878,
				-0.335,
				3.033,
				-0.335,
				1,
				3.144,
				-0.335,
				3.256,
				0.123,
				3.367,
				0.123
			]
		},
		{
			"Target": "Parameter",
			"Id": "Param_Angle_Rotation_6_rr_h",
			"Segments": [
				0,
				-0.394,
				1,
				0.144,
				-0.394,
				0.289,
				0.232,
				0.433,
				0.232,
				1,
				0.7,
				0.232,
				0.967,
				-0.37,
				1.233,
				-0.37,
				1,
				1.4,
				-0.37,
				1.567,
				1.275,
				1.733,
				1.275,
				1,
				1.889,
				1.275,
				2.044,
				-2.061,
				2.2,
				-2.061,
				1,
				2.356,
				-2.061,
				2.511,
				2.603,
				2.667,
				2.603,
				1,
				2.833,
				2.603,
				3,
				-2.521,
				3.167,
				-2.521,
				1,
				3.233,
				-2.521,
				3.3,
				-0.438,
				3.367,
				-0.438
			]
		},
		{
			"Target": "Parameter",
			"Id": "Param_Angle_Rotation_7_rr_h",
			"Segments": [
				0,
				-0.59,
				1,
				0.033,
				-0.59,
				0.067,
				-0.816,
				0.1,
				-0.816,
				1,
				0.256,
				-0.816,
				0.411,
				0.486,
				0.567,
				0.486,
				1,
				0.789,
				0.486,
				1.011,
				-0.674,
				1.233,
				-0.674,
				1,
				1.433,
				-0.674,
				1.633,
				2.151,
				1.833,
				2.151,
				1,
				2,
				2.151,
				2.167,
				-3.368,
				2.333,
				-3.368,
				1,
				2.489,
				-3.368,
				2.644,
				4.188,
				2.8,
				4.188,
				1,
				2.956,
				4.188,
				3.111,
				-4.091,
				3.267,
				-4.091,
				1,
				3.3,
				-4.091,
				3.333,
				-3.219,
				3.367,
				-3.219
			]
		},
		{
			"Target": "Parameter",
			"Id": "Param_Angle_Rotation_8_rr_h",
			"Segments": [
				0,
				-0.269,
				1,
				0.056,
				-0.269,
				0.111,
				-1.009,
				0.167,
				-1.009,
				1,
				0.322,
				-1.009,
				0.478,
				0.622,
				0.633,
				0.622,
				1,
				0.822,
				0.622,
				1.011,
				-0.521,
				1.2,
				-0.521,
				1,
				1.444,
				-0.521,
				1.689,
				1.898,
				1.933,
				1.898,
				1,
				2.089,
				1.898,
				2.244,
				-3.143,
				2.4,
				-3.143,
				1,
				2.556,
				-3.143,
				2.711,
				3.796,
				2.867,
				3.796,
				1,
				3.022,
				3.796,
				3.178,
				-3.699,
				3.333,
				-3.699,
				1,
				3.344,
				-3.699,
				3.356,
				-3.66,
				3.367,
				-3.66
			]
		},
		{
			"Target": "Parameter",
			"Id": "Param_Angle_Rotation_9_rr_h",
			"Segments": [
				0,
				0.756,
				1,
				0.089,
				0.756,
				0.178,
				-1.459,
				0.267,
				-1.459,
				1,
				0.422,
				-1.459,
				0.578,
				0.921,
				0.733,
				0.921,
				1,
				0.9,
				0.921,
				1.067,
				-0.854,
				1.233,
				-0.854,
				1,
				1.489,
				-0.854,
				1.744,
				2.312,
				2,
				2.312,
				1,
				2.156,
				2.312,
				2.311,
				-3.561,
				2.467,
				-3.561,
				1,
				2.611,
				-3.561,
				2.756,
				4,
				2.9,
				4,
				1,
				3.056,
				4,
				3.211,
				-3.546,
				3.367,
				-3.546
			]
		},
		{
			"Target": "Parameter",
			"Id": "Param_Angle_Rotation_10_rr_h",
			"Segments": [
				0,
				2.017,
				1,
				0.122,
				2.017,
				0.244,
				-1.851,
				0.367,
				-1.851,
				1,
				0.511,
				-1.851,
				0.656,
				1.232,
				0.8,
				1.232,
				1,
				0.967,
				1.232,
				1.133,
				-1.06,
				1.3,
				-1.06,
				1,
				1.556,
				-1.06,
				1.811,
				2.43,
				2.067,
				2.43,
				1,
				2.211,
				2.43,
				2.356,
				-3.517,
				2.5,
				-3.517,
				1,
				2.656,
				-3.517,
				2.811,
				3.704,
				2.967,
				3.704,
				1,
				3.1,
				3.704,
				3.233,
				-1.912,
				3.367,
				-1.912
			]
		},
		{
			"Target": "Parameter",
			"Id": "Param_Angle_Rotation_11_rr_h",
			"Segments": [
				0,
				2.017,
				1,
				0.122,
				2.017,
				0.244,
				-1.851,
				0.367,
				-1.851,
				1,
				0.511,
				-1.851,
				0.656,
				1.232,
				0.8,
				1.232,
				1,
				0.967,
				1.232,
				1.133,
				-1.06,
				1.3,
				-1.06,
				1,
				1.556,
				-1.06,
				1.811,
				2.43,
				2.067,
				2.43,
				1,
				2.211,
				2.43,
				2.356,
				-3.517,
				2.5,
				-3.517,
				1,
				2.656,
				-3.517,
				2.811,
				3.704,
				2.967,
				3.704,
				1,
				3.1,
				3.704,
				3.233,
				-1.912,
				3.367,
				-1.912
			]
		},
		{
			"Target": "Parameter",
			"Id": "Param_Angle_Rotation_1_shadow_m",
			"Segments": [
				0,
				-0.104,
				1,
				0.067,
				-0.104,
				0.133,
				-0.104,
				0.2,
				-0.104,
				1,
				0.289,
				-0.104,
				0.378,
				-0.105,
				0.467,
				-0.105,
				1,
				0.656,
				-0.105,
				0.844,
				0.113,
				1.033,
				0.113,
				1,
				1.211,
				0.113,
				1.389,
				-0.12,
				1.567,
				-0.12,
				1,
				1.711,
				-0.12,
				1.856,
				0.016,
				2,
				0.016,
				1,
				2.211,
				0.016,
				2.422,
				-0.206,
				2.633,
				-0.206,
				1,
				2.878,
				-0.206,
				3.122,
				-0.138,
				3.367,
				-0.138
			]
		},
		{
			"Target": "Parameter",
			"Id": "Param_Angle_Rotation_2_shadow_m",
			"Segments": [
				0,
				-0.104,
				1,
				0.067,
				-0.104,
				0.133,
				-0.104,
				0.2,
				-0.104,
				1,
				0.289,
				-0.104,
				0.378,
				-0.105,
				0.467,
				-0.105,
				1,
				0.656,
				-0.105,
				0.844,
				0.113,
				1.033,
				0.113,
				1,
				1.211,
				0.113,
				1.389,
				-0.12,
				1.567,
				-0.12,
				1,
				1.711,
				-0.12,
				1.856,
				0.016,
				2,
				0.016,
				1,
				2.211,
				0.016,
				2.422,
				-0.206,
				2.633,
				-0.206,
				1,
				2.878,
				-0.206,
				3.122,
				-0.138,
				3.367,
				-0.138
			]
		},
		{
			"Target": "Parameter",
			"Id": "Param_Angle_Rotation_3_shadow_m",
			"Segments": [
				0,
				0,
				1,
				0.078,
				0,
				0.156,
				0.002,
				0.233,
				0.002,
				1,
				0.444,
				0.002,
				0.656,
				-0.095,
				0.867,
				-0.095,
				1,
				1.011,
				-0.095,
				1.156,
				0.15,
				1.3,
				0.15,
				1,
				1.467,
				0.15,
				1.633,
				-0.142,
				1.8,
				-0.142,
				1,
				1.956,
				-0.142,
				2.111,
				0.157,
				2.267,
				0.157,
				1,
				2.422,
				0.157,
				2.578,
				-0.09,
				2.733,
				-0.09,
				1,
				2.878,
				-0.09,
				3.022,
				0.025,
				3.167,
				0.025,
				1,
				3.233,
				0.025,
				3.3,
				0.002,
				3.367,
				0.002
			]
		},
		{
			"Target": "Parameter",
			"Id": "Param_Angle_Rotation_4_shadow_m",
			"Segments": [
				0,
				-0.025,
				1,
				0.1,
				-0.025,
				0.2,
				0.027,
				0.3,
				0.027,
				1,
				0.544,
				0.027,
				0.789,
				-0.372,
				1.033,
				-0.372,
				1,
				1.189,
				-0.372,
				1.344,
				0.767,
				1.5,
				0.767,
				1,
				1.656,
				0.767,
				1.811,
				-0.895,
				1.967,
				-0.895,
				1,
				2.122,
				-0.895,
				2.278,
				0.986,
				2.433,
				0.986,
				1,
				2.589,
				0.986,
				2.744,
				-0.752,
				2.9,
				-0.752,
				1,
				3.056,
				-0.752,
				3.211,
				0.39,
				3.367,
				0.39
			]
		},
		{
			"Target": "Parameter",
			"Id": "Param_Angle_Rotation_5_shadow_m",
			"Segments": [
				0,
				-0.149,
				1,
				0.133,
				-0.149,
				0.267,
				0.1,
				0.4,
				0.1,
				1,
				0.644,
				0.1,
				0.889,
				-0.414,
				1.133,
				-0.414,
				1,
				1.3,
				-0.414,
				1.467,
				1.12,
				1.633,
				1.12,
				1,
				1.789,
				1.12,
				1.944,
				-1.582,
				2.1,
				-1.582,
				1,
				2.256,
				-1.582,
				2.411,
				1.882,
				2.567,
				1.882,
				1,
				2.722,
				1.882,
				2.878,
				-1.675,
				3.033,
				-1.675,
				1,
				3.144,
				-1.675,
				3.256,
				0.614,
				3.367,
				0.614
			]
		},
		{
			"Target": "Parameter",
			"Id": "Param_Angle_Rotation_6_shadow_m",
			"Segments": [
				0,
				-0.394,
				1,
				0.144,
				-0.394,
				0.289,
				0.232,
				0.433,
				0.232,
				1,
				0.7,
				0.232,
				0.967,
				-0.37,
				1.233,
				-0.37,
				1,
				1.4,
				-0.37,
				1.567,
				1.275,
				1.733,
				1.275,
				1,
				1.889,
				1.275,
				2.044,
				-2.061,
				2.2,
				-2.061,
				1,
				2.356,
				-2.061,
				2.511,
				2.603,
				2.667,
				2.603,
				1,
				2.833,
				2.603,
				3,
				-2.521,
				3.167,
				-2.521,
				1,
				3.233,
				-2.521,
				3.3,
				-0.438,
				3.367,
				-0.438
			]
		},
		{
			"Target": "Parameter",
			"Id": "Param_Angle_Rotation_7_shadow_m",
			"Segments": [
				0,
				-0.492,
				1,
				0.033,
				-0.492,
				0.067,
				-0.68,
				0.1,
				-0.68,
				1,
				0.256,
				-0.68,
				0.411,
				0.405,
				0.567,
				0.405,
				1,
				0.789,
				0.405,
				1.011,
				-0.562,
				1.233,
				-0.562,
				1,
				1.433,
				-0.562,
				1.633,
				1.793,
				1.833,
				1.793,
				1,
				2,
				1.793,
				2.167,
				-2.807,
				2.333,
				-2.807,
				1,
				2.489,
				-2.807,
				2.644,
				3.49,
				2.8,
				3.49,
				1,
				2.956,
				3.49,
				3.111,
				-3.409,
				3.267,
				-3.409,
				1,
				3.3,
				-3.409,
				3.333,
				-2.683,
				3.367,
				-2.683
			]
		},
		{
			"Target": "Parameter",
			"Id": "Param_Angle_Rotation_8_shadow_m",
			"Segments": [
				0,
				-0.269,
				1,
				0.056,
				-0.269,
				0.111,
				-1.009,
				0.167,
				-1.009,
				1,
				0.322,
				-1.009,
				0.478,
				0.622,
				0.633,
				0.622,
				1,
				0.822,
				0.622,
				1.011,
				-0.521,
				1.2,
				-0.521,
				1,
				1.444,
				-0.521,
				1.689,
				1.898,
				1.933,
				1.898,
				1,
				2.089,
				1.898,
				2.244,
				-3.143,
				2.4,
				-3.143,
				1,
				2.556,
				-3.143,
				2.711,
				3.796,
				2.867,
				3.796,
				1,
				3.022,
				3.796,
				3.178,
				-3.699,
				3.333,
				-3.699,
				1,
				3.344,
				-3.699,
				3.356,
				-3.66,
				3.367,
				-3.66
			]
		},
		{
			"Target": "Parameter",
			"Id": "Param_Angle_Rotation_9_shadow_m",
			"Segments": [
				0,
				0.756,
				1,
				0.089,
				0.756,
				0.178,
				-1.459,
				0.267,
				-1.459,
				1,
				0.422,
				-1.459,
				0.578,
				0.921,
				0.733,
				0.921,
				1,
				0.9,
				0.921,
				1.067,
				-0.854,
				1.233,
				-0.854,
				1,
				1.489,
				-0.854,
				1.744,
				2.312,
				2,
				2.312,
				1,
				2.156,
				2.312,
				2.311,
				-3.561,
				2.467,
				-3.561,
				1,
				2.611,
				-3.561,
				2.756,
				4,
				2.9,
				4,
				1,
				3.056,
				4,
				3.211,
				-3.546,
				3.367,
				-3.546
			]
		}
	]
}